17:05:11.655 detox[20096] [90mB[39m node_modules/.bin/detox test --configuration android.att.debug e2e/navigation.e2e.js
  data: {
    "id": "f39e839b-866a-a7b8-496a-245234ce30f7",
    "detoxConfig": {
      "configurationName": "android.att.debug",
      "apps": {
        "default": {
          "type": "android.apk",
          "binaryPath": "android/app/build/outputs/apk/debug/app-debug.apk",
          "build": "cd android && ./gradlew assembleDebug assembleAndroidTest -DtestBuildType=debug",
          "reversePorts": [
            8081
          ]
        }
      },
      "artifacts": {
        "rootDir": "artifacts/android.att.debug.2025-12-17 11-35-11Z",
        "plugins": {
          "log": {
            "enabled": true,
            "keepOnlyFailedTestsArtifacts": false
          },
          "screenshot": {
            "enabled": true,
            "shouldTakeAutomaticSnapshots": true,
            "keepOnlyFailedTestsArtifacts": false,
            "takeWhen": {
              "testStart": false,
              "testDone": true,
              "testFailure": true
            }
          },
          "video": {
            "enabled": false,
            "keepOnlyFailedTestsArtifacts": false
          },
          "instruments": {
            "enabled": false,
            "keepOnlyFailedTestsArtifacts": false
          },
          "uiHierarchy": {
            "enabled": true,
            "keepOnlyFailedTestsArtifacts": false
          }
        }
      },
      "behavior": {
        "init": {
          "keepLockFile": false,
          "reinstallApp": true,
          "exposeGlobals": true
        },
        "cleanup": {
          "shutdownDevice": false
        },
        "launchApp": "auto"
      },
      "cli": {
        "configuration": "android.att.debug",
        "start": true
      },
      "commands": [
        {
          "appName": "default",
          "build": "cd android && ./gradlew assembleDebug assembleAndroidTest -DtestBuildType=debug"
        }
      ],
      "device": {
        "type": "android.attached",
        "device": {
          "adbName": "ZD22227Q7K"
        }
      },
      "logger": {
        "level": "info",
        "overrideConsole": true,
        "options": {
          "showLoggerName": true,
          "showPid": true,
          "showLevel": false,
          "showMetadata": false,
          "basepath": "/Users/ips-162/Documents/RearchTopics/DetoxTest/node_modules/detox/src",
          "prefixers": {},
          "stringifiers": {}
        }
      },
      "testRunner": {
        "retries": 0,
        "forwardEnv": false,
        "detached": false,
        "bail": false,
        "noRetryArgs": [
          "shard"
        ],
        "jest": {
          "setupTimeout": 120000,
          "teardownTimeout": 30000,
          "retryAfterCircusRetries": false,
          "reportWorkerAssign": true
        },
        "args": {
          "$0": "jest",
          "_": [
            "e2e/navigation.e2e.js"
          ],
          "config": "e2e/jest.config.js",
          "--": []
        }
      },
      "session": {
        "autoStart": true,
        "debugSynchronization": 10000
      }
    },
    "detoxIPCServer": "primary-20096",
    "testResults": [],
    "testSessionIndex": 0,
    "workersCount": 0
  }
17:05:11.661 detox[20096] [90mi[39m Server path not specified, so defaulting to ipc.config.socketRoot + ipc.config.appspace + ipc.config.id /tmp/detox.primary-20096
17:05:11.663 detox[20096] [90mi[39m starting server on  /tmp/detox.primary-20096 
17:05:11.663 detox[20096] [90mi[39m starting TLS server false
17:05:11.664 detox[20096] [90mi[39m starting server as Unix || Windows Socket
17:05:11.667 detox[20096] [90mi[39m Detox server listening on localhost:57932...
17:05:11.675 detox[20096] [90mi[39m Serialized the session state at: /private/var/folders/r0/j9yltjr10ysg22c7l5sx938r0000gn/T/f39e839b-866a-a7b8-496a-245234ce30f7.detox.json
17:05:11.677 detox[20096] [90mB[39m jest --config e2e/jest.config.js e2e/navigation.e2e.js
17:05:12.641 detox[20097] [90mi[39m Service path not specified, so defaulting to ipc.config.socketRoot + ipc.config.appspace + id 
17:05:12.643 detox[20097] [90mi[39m requested connection to  primary-20096 /tmp/detox.primary-20096
17:05:12.643 detox[20097] [90mi[39m Connecting client on Unix Socket : /tmp/detox.primary-20096
17:05:12.644 detox[20096] [90mi[39m ## socket connection to server detected ##
17:05:12.645 detox[20097] [90mi[39m retrying reset
17:05:12.646 detox[20097] [90mi[39m dispatching event to  primary-20096 /tmp/detox.primary-20096  :  registerContext , { id: 'secondary-20097' }
17:05:12.647 detox[20096] [90mi[39m received event of :  registerContext { id: 'secondary-20097' }
17:05:12.647 detox[20096] [90mi[39m dispatching event to socket  :  registerContextDone {
  testResults: [],
  testSessionIndex: 0,
  unsafe_earlyTeardown: undefined
}
17:05:12.648 detox[20097] [90mi[39m ## received events ##
17:05:12.648 detox[20097] [90mi[39m detected event registerContextDone { testResults: [], testSessionIndex: 0 }
17:05:12.843 detox[20097] [90mB[39m e2e/navigation.e2e.js
17:05:13.111 detox[20097] [90mB[39m set up environment
17:05:13.113 detox[20097] [90mi[39m dispatching event to  primary-20096 /tmp/detox.primary-20096  :  registerWorker , { workerId: 'w1' }
17:05:13.114 detox[20096] [90mi[39m received event of :  registerWorker { workerId: 'w1' }
17:05:13.114 detox[20096] [90mi[39m dispatching event to socket  :  registerWorkerDone { workersCount: 1 }
17:05:13.114 detox[20096] [90mi[39m broadcasting event to all known sockets listening to  /tmp/detox.primary-20096  :   sessionStateUpdate { workersCount: 1 }
17:05:13.115 detox[20097] [90mi[39m ## received events ##
17:05:13.115 detox[20097] [90mi[39m detected event registerWorkerDone { workersCount: 1 }
17:05:13.116 detox[20097] [90mi[39m detected event sessionStateUpdate { workersCount: 1 }
17:05:13.422 detox[20096] [90mB[39m connection :57932<->:57953
17:05:13.423 detox[20097] [90mi[39m opened web socket to: ws://localhost:57932
17:05:13.426 detox[20097] [90mi[39m send message
  data: {"type":"login","params":{"sessionId":"508c2e42-0dde-e184-7854-819a9c23b570","role":"tester"},"messageId":0}
17:05:13.428 detox[20096] [90mi[39m get
  data: {"type":"login","params":{"sessionId":"508c2e42-0dde-e184-7854-819a9c23b570","role":"tester"},"messageId":0}
17:05:13.428 detox[20096] [90mi[39m created session 508c2e42-0dde-e184-7854-819a9c23b570
17:05:13.429 detox[20096] [90mi[39m send
  data: {
    "type": "loginSuccess",
    "params": {
      "testerConnected": true,
      "appConnected": false
    },
    "messageId": 0
  }
17:05:13.429 detox[20096] [90mi[39m tester joined session 508c2e42-0dde-e184-7854-819a9c23b570
17:05:13.430 detox[20097] [90mi[39m get message
  data: {"type":"loginSuccess","params":{"testerConnected":true,"appConnected":false},"messageId":0}
   
17:05:13.499 detox[20097] [90mi[39m dispatching event to  primary-20096 /tmp/detox.primary-20096  :  allocateDevice , {
  deviceConfig: { type: 'android.attached', device: { adbName: 'ZD22227Q7K' } }
}
17:05:13.500 detox[20096] [90mi[39m received event of :  allocateDevice {
  deviceConfig: { type: 'android.attached', device: { adbName: 'ZD22227Q7K' } }
}
17:05:13.530 detox[20096] [90mB[39m init
  args: ()
17:05:13.533 detox[20096] [90mE[39m init
17:05:13.533 detox[20096] [90mB[39m allocate
  data: {
    "type": "android.attached",
    "device": {
      "adbName": "ZD22227Q7K"
    }
  }
17:05:13.534 detox[20096] [90mi[39m "/Users/ips-162/Library/Android/sdk/platform-tools/adb"  devices
17:05:13.551 detox[20096] [90mi[39m List of devices attached
ZD22227Q7K	device
adb-ZD22227Q7K-CkkoAw._adb-tls-connect._tcp	device


17:05:13.553 detox[20096] [90mi[39m Found a matching & free device ZD22227Q7K
17:05:13.553 detox[20096] [90mi[39m settled on ZD22227Q7K
  data: {
    "id": "ZD22227Q7K",
    "adbName": "ZD22227Q7K"
  }
17:05:13.553 detox[20096] [90mE[39m allocate
17:05:13.554 detox[20096] [90mB[39m post-allocate: ZD22227Q7K
  data: {
    "id": "ZD22227Q7K",
    "adbName": "ZD22227Q7K"
  }
17:05:13.554 detox[20096] [90mi[39m "/Users/ips-162/Library/Android/sdk/platform-tools/adb" -s ZD22227Q7K shell "getprop ro.build.version.sdk"
17:05:13.641 detox[20096] [90mi[39m 31

17:05:13.642 detox[20096] [90mi[39m "/Users/ips-162/Library/Android/sdk/platform-tools/adb" -s ZD22227Q7K shell "dumpsys power | grep \"^[ ]*m[UW].*=\""
17:05:13.863 detox[20096] [90mi[39m   mWakefulness=Awake
  mWakefulnessChanging=false
  mWakeLockSummary=0x0
  mWakeUpWhenPluggedOrUnpluggedConfig=true
  mWakeUpWhenPluggedOrUnpluggedInTheaterModeConfig=false
  mUserActivityTimeoutOverrideFromWindowManager=-1
  mUserInactiveOverrideFromWindowManager=false
  mUserId=0
  mUdfpsSupport=false
  mWakeLockSummary=0x0
  mUserInteractionBackoffMillis=60000

17:05:13.863 detox[20096] [90mE[39m post-allocate: ZD22227Q7K
17:05:13.864 detox[20096] [90mi[39m dispatching event to socket  :  allocateDeviceDone { deviceCookie: { id: 'ZD22227Q7K', adbName: 'ZD22227Q7K' } }
17:05:13.864 detox[20097] [90mi[39m ## received events ##
17:05:13.864 detox[20097] [90mi[39m detected event allocateDeviceDone { deviceCookie: { id: 'ZD22227Q7K', adbName: 'ZD22227Q7K' } }
17:05:13.907 detox[20097] [90mB[39m onBootDevice
  args: ({"deviceId":"ZD22227Q7K"})
17:05:13.908 detox[20097] [90mE[39m onBootDevice
17:05:13.908 detox[20097] [90mB[39m installUtilBinaries
  args: ()
17:05:13.908 detox[20097] [90mE[39m installUtilBinaries
17:05:13.909 detox[20097] [90mB[39m selectApp
  args: ("default")
17:05:13.911 detox[20097] [90mi[39m "/Users/ips-162/Library/Android/sdk/build-tools/36.1.0/aapt" dump badging "/Users/ips-162/Documents/RearchTopics/DetoxTest/android/app/build/outputs/apk/debug/app-debug.apk"
17:05:13.927 detox[20097] [90mi[39m package: name='com.detoxtest' versionCode='1' versionName='1.0' platformBuildVersionName='15' platformBuildVersionCode='35' compileSdkVersion='35' compileSdkVersionCodename='15'
sdkVersion:'24'
targetSdkVersion:'35'
uses-permission: name='android.permission.INTERNET'
uses-permission: name='android.permission.SYSTEM_ALERT_WINDOW'
uses-permission: name='com.detoxtest.DYNAMIC_RECEIVER_NOT_EXPORTED_PERMISSION'
application-label:'DetoxTest'
application-label-af:'DetoxTest'
application-label-am:'DetoxTest'
application-label-ar:'DetoxTest'
application-label-as:'DetoxTest'
application-label-az:'DetoxTest'
application-label-be:'DetoxTest'
application-label-bg:'DetoxTest'
application-label-bn:'DetoxTest'
application-label-bs:'DetoxTest'
application-label-ca:'DetoxTest'
application-label-cs:'DetoxTest'
application-label-da:'DetoxTest'
application-label-de:'DetoxTest'
application-label-el:'DetoxTest'
application-label-en-AU:'DetoxTest'
application-label-en-CA:'DetoxTest'
application-label-en-GB:'DetoxTest'
application-label-en-IN:'DetoxTest'
application-label-en-XC:'DetoxTest'
application-label-es:'DetoxTest'
application-label-es-419:'DetoxTest'
application-label-es-ES:'DetoxTest'
application-label-es-US:'DetoxTest'
application-label-et:'DetoxTest'
application-label-eu:'DetoxTest'
application-label-fa:'DetoxTest'
application-label-fi:'DetoxTest'
application-label-fr:'DetoxTest'
application-label-fr-CA:'DetoxTest'
application-label-gl:'DetoxTest'
application-label-gu:'DetoxTest'
application-label-hi:'DetoxTest'
application-label-hr:'DetoxTest'
application-label-hu:'DetoxTest'
application-label-hy:'DetoxTest'
application-label-in:'DetoxTest'
application-label-is:'DetoxTest'
application-label-it:'DetoxTest'
application-label-iw:'DetoxTest'
application-label-ja:'DetoxTest'
application-label-ka:'DetoxTest'
application-label-kk:'DetoxTest'
application-label-km:'DetoxTest'
application-label-kn:'DetoxTest'
application-label-ko:'DetoxTest'
application-label-ky:'DetoxTest'
application-label-lo:'DetoxTest'
application-label-lt:'DetoxTest'
application-label-lv:'DetoxTest'
application-label-mk:'DetoxTest'
application-label-ml:'DetoxTest'
application-label-mn:'DetoxTest'
application-label-mr:'DetoxTest'
application-label-ms:'DetoxTest'
application-label-my:'DetoxTest'
application-label-nb:'DetoxTest'
application-label-ne:'DetoxTest'
application-label-nl:'DetoxTest'
application-label-or:'DetoxTest'
application-label-pa:'DetoxTest'
application-label-pl:'DetoxTest'
application-label-pt:'DetoxTest'
application-label-pt-BR:'DetoxTest'
application-label-pt-PT:'DetoxTest'
application-label-ro:'DetoxTest'
application-label-ru:'DetoxTest'
application-label-si:'DetoxTest'
application-label-sk:'DetoxTest'
application-label-sl:'DetoxTest'
application-label-sq:'DetoxTest'
application-label-sr:'DetoxTest'
application-label-sr-Latn:'DetoxTest'
application-label-sv:'DetoxTest'
application-label-sw:'DetoxTest'
application-label-ta:'DetoxTest'
application-label-te:'DetoxTest'
application-label-th:'DetoxTest'
application-label-tl:'DetoxTest'
application-label-tr:'DetoxTest'
application-label-uk:'DetoxTest'
application-label-ur:'DetoxTest'
application-label-uz:'DetoxTest'
application-label-vi:'DetoxTest'
application-label-zh-CN:'DetoxTest'
application-label-zh-HK:'DetoxTest'
application-label-zh-TW:'DetoxTest'
application-label-zu:'DetoxTest'
application-icon-160:'res/mipmap-mdpi-v4/ic_launcher.png'
application-icon-240:'res/mipmap-hdpi-v4/ic_launcher.png'
application-icon-320:'res/mipmap-xhdpi-v4/ic_launcher.png'
application-icon-480:'res/mipmap-xxhdpi-v4/ic_launcher.png'
application-icon-640:'res/mipmap-xxxhdpi-v4/ic_launcher.png'
application: label='DetoxTest' icon='res/mipmap-mdpi-v4/ic_launcher.png'
application-debuggable
launchable-activity: name='com.detoxtest.MainActivity'  label='DetoxTest' icon=''
feature-group: label=''
  uses-feature: name='android.hardware.faketouch'
  uses-implied-feature: name='android.hardware.faketouch' reason='default feature for all apps'
main
other-activities
other-receivers
supports-screens: 'small' 'normal' 'large' 'xlarge'
supports-any-density: 'true'
locales: '--_--' 'af' 'am' 'ar' 'as' 'az' 'be' 'bg' 'bn' 'bs' 'ca' 'cs' 'da' 'de' 'el' 'en-AU' 'en-CA' 'en-GB' 'en-IN' 'en-XC' 'es' 'es-419' 'es-ES' 'es-US' 'et' 'eu' 'fa' 'fi' 'fr' 'fr-CA' 'gl' 'gu' 'hi' 'hr' 'hu' 'hy' 'in' 'is' 'it' 'iw' 'ja' 'ka' 'kk' 'km' 'kn' 'ko' 'ky' 'lo' 'lt' 'lv' 'mk' 'ml' 'mn' 'mr' 'ms' 'my' 'nb' 'ne' 'nl' 'or' 'pa' 'pl' 'pt' 'pt-BR' 'pt-PT' 'ro' 'ru' 'si' 'sk' 'sl' 'sq' 'sr' 'sr-Latn' 'sv' 'sw' 'ta' 'te' 'th' 'tl' 'tr' 'uk' 'ur' 'uz' 'vi' 'zh-CN' 'zh-HK' 'zh-TW' 'zu'
densities: '160' '240' '320' '480' '640'
native-code: 'arm64-v8a' 'armeabi-v7a' 'x86' 'x86_64'

17:05:13.927 detox[20097] [90mE[39m selectApp
17:05:13.927 detox[20097] [90mB[39m uninstallApp
  args: ()
17:05:13.928 detox[20097] [90mB[39m onBeforeUninstallApp
  args: ({"deviceId":"ZD22227Q7K","bundleId":"com.detoxtest"})
17:05:13.928 detox[20097] [90mE[39m onBeforeUninstallApp
17:05:13.928 detox[20097] [90mi[39m "/Users/ips-162/Library/Android/sdk/platform-tools/adb" -s ZD22227Q7K shell "pm list packages com.detoxtest"
17:05:14.037 detox[20097] [90mi[39m package:com.detoxtest
package:com.detoxtest.test

17:05:14.038 detox[20097] [90mi[39m "/Users/ips-162/Library/Android/sdk/platform-tools/adb" -s ZD22227Q7K uninstall com.detoxtest
17:05:14.569 detox[20097] [90mi[39m Success

17:05:14.569 detox[20097] [90mi[39m "/Users/ips-162/Library/Android/sdk/platform-tools/adb" -s ZD22227Q7K shell "pm list packages com.detoxtest.test"
17:05:14.652 detox[20097] [90mi[39m package:com.detoxtest.test

17:05:14.653 detox[20097] [90mi[39m "/Users/ips-162/Library/Android/sdk/platform-tools/adb" -s ZD22227Q7K uninstall com.detoxtest.test
17:05:15.217 detox[20097] [90mi[39m Success

17:05:15.217 detox[20097] [90mE[39m uninstallApp
17:05:15.217 detox[20097] [90mB[39m selectApp
  args: ("default")
17:05:15.217 detox[20097] [90mB[39m terminateApp
  args: ()
17:05:15.218 detox[20097] [90mB[39m onBeforeTerminateApp
  args: ({"deviceId":"ZD22227Q7K","bundleId":"com.detoxtest"})
17:05:15.218 detox[20097] [90mE[39m onBeforeTerminateApp
17:05:15.218 detox[20097] [90mi[39m "/Users/ips-162/Library/Android/sdk/platform-tools/adb" -s ZD22227Q7K shell "am force-stop com.detoxtest"
17:05:15.309 detox[20097] [90mi[39m 
17:05:15.310 detox[20097] [90mB[39m onTerminateApp
  args: ({"deviceId":"ZD22227Q7K","bundleId":"com.detoxtest"})
17:05:15.310 detox[20097] [90mE[39m onTerminateApp
17:05:15.310 detox[20097] [90mE[39m terminateApp
17:05:15.310 detox[20097] [90mE[39m selectApp
17:05:15.310 detox[20097] [90mB[39m installApp
  args: ()
17:05:15.311 detox[20097] [90mi[39m "/Users/ips-162/Library/Android/sdk/build-tools/36.1.0/aapt" dump xmlstrings "/Users/ips-162/Documents/RearchTopics/DetoxTest/android/app/build/outputs/apk/debug/app-debug.apk" AndroidManifest.xml
17:05:15.319 detox[20097] [90mi[39m String pool of 75 unique UTF-16 non-sorted strings, 75 entries and 0 styles using 3708 bytes:
String #0: theme
String #1: label
String #2: icon
String #3: name
String #4: permission
String #5: protectionLevel
String #6: enabled
String #7: debuggable
String #8: exported
String #9: authorities
String #10: grantUriPermissions
String #11: launchMode
String #12: configChanges
String #13: value
String #14: resource
String #15: minSdkVersion
String #16: versionCode
String #17: versionName
String #18: windowSoftInputMode
String #19: targetSdkVersion
String #20: allowBackup
String #21: supportsRtl
String #22: extractNativeLibs
String #23: usesCleartextTraffic
String #24: directBootAware
String #25: networkSecurityConfig
String #26: roundIcon
String #27: compileSdkVersion
String #28: compileSdkVersionCodename
String #29: appComponentFactory
String #30: 1.0
String #31: 15
String #32: action
String #33: activity
String #34: android
String #35: android.intent.action.MAIN
String #36: android.intent.category.LAUNCHER
String #37: android.permission.DUMP
String #38: android.permission.INTERNET
String #39: android.permission.SYSTEM_ALERT_WINDOW
String #40: android.support.FILE_PROVIDER_PATHS
String #41: androidx.core.app.CoreComponentFactory
String #42: androidx.emoji2.text.EmojiCompatInitializer
String #43: androidx.lifecycle.ProcessLifecycleInitializer
String #44: androidx.profileinstaller.ProfileInstallReceiver
String #45: androidx.profileinstaller.ProfileInstallerInitializer
String #46: androidx.profileinstaller.action.BENCHMARK_OPERATION
String #47: androidx.profileinstaller.action.INSTALL_PROFILE
String #48: androidx.profileinstaller.action.SAVE_PROFILE
String #49: androidx.profileinstaller.action.SKIP_FILE
String #50: androidx.startup
String #51: androidx.startup.InitializationProvider
String #52: application
String #53: category
String #54: com.detoxtest
String #55: com.detoxtest.DYNAMIC_RECEIVER_NOT_EXPORTED_PERMISSION
String #56: com.detoxtest.MainActivity
String #57: com.detoxtest.MainApplication
String #58: com.detoxtest.androidx-startup
String #59: com.detoxtest.imagepickerprovider
String #60: com.facebook.react.devsupport.DevSettingsActivity
String #61: com.facebook.soloader.enabled
String #62: com.imagepicker.ImagePickerProvider
String #63: http://schemas.android.com/apk/res/android
String #64: intent-filter
String #65: manifest
String #66: meta-data
String #67: package
String #68: permission
String #69: platformBuildVersionCode
String #70: platformBuildVersionName
String #71: provider
String #72: receiver
String #73: uses-permission
String #74: uses-sdk

17:05:15.319 detox[20097] [90mi[39m "/Users/ips-162/Library/Android/sdk/build-tools/36.1.0/aapt" dump xmlstrings "/Users/ips-162/Documents/RearchTopics/DetoxTest/android/app/build/outputs/apk/androidTest/debug/app-debug-androidTest.apk" AndroidManifest.xml
17:05:15.328 detox[20097] [90mi[39m String pool of 43 unique UTF-16 non-sorted strings, 43 entries and 0 styles using 2104 bytes:
String #0: theme
String #1: label
String #2: name
String #3: debuggable
String #4: exported
String #5: priority
String #6: targetPackage
String #7: handleProfiling
String #8: functionalTest
String #9: minSdkVersion
String #10: targetSdkVersion
String #11: extractNativeLibs
String #12: compileSdkVersion
String #13: compileSdkVersionCodename
String #14: 15
String #15: Tests for com.detoxtest
String #16: activity
String #17: android
String #18: android.intent.category.LAUNCHER
String #19: android.permission.REORDER_TASKS
String #20: android.test.runner
String #21: androidx.test.core.app.InstrumentationActivityInvoker$BootstrapActivity
String #22: androidx.test.core.app.InstrumentationActivityInvoker$EmptyActivity
String #23: androidx.test.core.app.InstrumentationActivityInvoker$EmptyFloatingActivity
String #24: androidx.test.orchestrator
String #25: androidx.test.runner.AndroidJUnitRunner
String #26: androidx.test.services
String #27: application
String #28: category
String #29: com.detoxtest
String #30: com.detoxtest.test
String #31: com.google.android.apps.common.testing.services
String #32: http://schemas.android.com/apk/res/android
String #33: instrumentation
String #34: intent-filter
String #35: manifest
String #36: package
String #37: platformBuildVersionCode
String #38: platformBuildVersionName
String #39: queries
String #40: uses-library
String #41: uses-permission
String #42: uses-sdk

17:05:15.328 detox[20097] [90mi[39m "/Users/ips-162/Library/Android/sdk/platform-tools/adb" -s ZD22227Q7K shell "getprop ro.build.version.sdk"
17:05:15.357 detox[20097] [90mi[39m 31

17:05:15.359 detox[20097] [90mi[39m /Users/ips-162/Library/Android/sdk/platform-tools/adb -s ZD22227Q7K install -r -g -t /Users/ips-162/Documents/RearchTopics/DetoxTest/android/app/build/outputs/apk/debug/app-debug.apk
17:05:19.654 detox[20097] [90mi[39m Performing Streamed Install
Success

17:05:19.655 detox[20097] [90mi[39m /Users/ips-162/Library/Android/sdk/platform-tools/adb -s ZD22227Q7K install -r -g -t /Users/ips-162/Documents/RearchTopics/DetoxTest/android/app/build/outputs/apk/debug/app-debug.apk exited with code #0
17:05:19.656 detox[20097] [90mi[39m /Users/ips-162/Library/Android/sdk/platform-tools/adb -s ZD22227Q7K install -r -g -t /Users/ips-162/Documents/RearchTopics/DetoxTest/android/app/build/outputs/apk/androidTest/debug/app-debug-androidTest.apk
17:05:20.317 detox[20097] [90mi[39m Performing Streamed Install
Success

17:05:20.318 detox[20097] [90mi[39m /Users/ips-162/Library/Android/sdk/platform-tools/adb -s ZD22227Q7K install -r -g -t /Users/ips-162/Documents/RearchTopics/DetoxTest/android/app/build/outputs/apk/androidTest/debug/app-debug-androidTest.apk exited with code #0
17:05:20.318 detox[20097] [90mB[39m reverseTcpPort
  args: (8081)
17:05:20.318 detox[20097] [90mi[39m "/Users/ips-162/Library/Android/sdk/platform-tools/adb" -s ZD22227Q7K reverse tcp:8081 tcp:8081
17:05:20.332 detox[20097] [90mi[39m 
17:05:20.332 detox[20097] [90mE[39m reverseTcpPort
17:05:20.332 detox[20097] [90mE[39m installApp
17:05:20.332 detox[20097] [90mB[39m selectApp
  args: ("default")
17:05:20.332 detox[20097] [90mB[39m terminateApp
  args: ()
17:05:20.332 detox[20097] [90mB[39m onBeforeTerminateApp
  args: ({"deviceId":"ZD22227Q7K","bundleId":"com.detoxtest"})
17:05:20.333 detox[20097] [90mE[39m onBeforeTerminateApp
17:05:20.333 detox[20097] [90mi[39m "/Users/ips-162/Library/Android/sdk/platform-tools/adb" -s ZD22227Q7K shell "am force-stop com.detoxtest"
17:05:20.543 detox[20097] [90mi[39m 
17:05:20.543 detox[20097] [90mB[39m onTerminateApp
  args: ({"deviceId":"ZD22227Q7K","bundleId":"com.detoxtest"})
17:05:20.543 detox[20097] [90mE[39m onTerminateApp
17:05:20.543 detox[20097] [90mE[39m terminateApp
17:05:20.544 detox[20097] [90mE[39m selectApp
17:05:20.544 detox[20097] [90mE[39m set up environment
17:05:20.786 detox[20097] [90mi[39m navigation.e2e.js is assigned to AttachedDevice:ZD22227Q7K
17:05:20.788 detox[20097] [90mB[39m run the tests
17:05:20.788 detox[20097] [90mB[39m onRunDescribeStart
  args: ({"name":"ROOT_DESCRIBE_BLOCK"})
17:05:20.789 detox[20097] [90mE[39m onRunDescribeStart
17:05:20.789 detox[20097] [90mB[39m beforeAll
17:05:20.790 detox[20097] [90mi[39m 🚀 Test suite starting...
17:05:20.791 detox[20097] [90mE[39m beforeAll
17:05:20.791 detox[20097] [90mB[39m Navigation Between Core Screens
17:05:20.791 detox[20097] [90mB[39m onRunDescribeStart
  args: ({"name":"Navigation Between Core Screens"})
17:05:20.791 detox[20097] [90mE[39m onRunDescribeStart
17:05:20.792 detox[20097] [90mB[39m beforeAll
17:05:20.811 detox[20097] [90mB[39m launchApp
  args: ({"newInstance":true})
17:05:20.812 detox[20097] [90mB[39m terminateApp
  args: ("com.detoxtest")
17:05:20.812 detox[20097] [90mB[39m onBeforeTerminateApp
  args: ({"deviceId":"ZD22227Q7K","bundleId":"com.detoxtest"})
17:05:20.812 detox[20097] [90mE[39m onBeforeTerminateApp
17:05:20.812 detox[20097] [90mi[39m "/Users/ips-162/Library/Android/sdk/platform-tools/adb" -s ZD22227Q7K shell "am force-stop com.detoxtest"
17:05:20.896 detox[20097] [90mi[39m 
17:05:20.896 detox[20097] [90mB[39m onTerminateApp
  args: ({"deviceId":"ZD22227Q7K","bundleId":"com.detoxtest"})
17:05:20.896 detox[20097] [90mE[39m onTerminateApp
17:05:20.896 detox[20097] [90mE[39m terminateApp
17:05:20.897 detox[20097] [90mB[39m onBeforeLaunchApp
  args: ({"deviceId":"ZD22227Q7K","bundleId":"com.detoxtest","launchArgs":{"detoxServer":"ws://localhost:57932","detoxSessionId":"508c2e42-0dde-e184-7854-819a9c23b570"}})
17:05:20.897 detox[20097] [90mi[39m "/Users/ips-162/Library/Android/sdk/platform-tools/adb" -s ZD22227Q7K shell "date +\"%m-%d %T.000\""
17:05:20.964 detox[20097] [90mi[39m 12-17 17:06:24.000

17:05:20.965 detox[20097] [90mE[39m onBeforeLaunchApp
17:05:20.965 detox[20097] [90mi[39m "/Users/ips-162/Library/Android/sdk/platform-tools/adb" -s ZD22227Q7K reverse tcp:57932 tcp:57932
17:05:20.987 detox[20097] [90mi[39m 57932

17:05:20.988 detox[20097] [90mi[39m "/Users/ips-162/Library/Android/sdk/platform-tools/adb" -s ZD22227Q7K shell "pm list instrumentation"
17:05:21.055 detox[20097] [90mi[39m instrumentation:com.detoxtest.test/androidx.test.runner.AndroidJUnitRunner (target=com.detoxtest)
instrumentation:io.appium.uiautomator2.server.test/androidx.test.runner.AndroidJUnitRunner (target=io.appium.uiautomator2.server)

17:05:21.057 detox[20097] [90mi[39m /Users/ips-162/Library/Android/sdk/platform-tools/adb -s ZD22227Q7K shell am instrument -w -r -e detoxServer ws://localhost:57932 -e detoxSessionId 508c2e42-0dde-e184-7854-819a9c23b570 -e debug false com.detoxtest.test/androidx.test.runner.AndroidJUnitRunner
17:05:21.562 detox[20097] [90mi[39m "/Users/ips-162/Library/Android/sdk/platform-tools/adb" -s ZD22227Q7K shell "ps | grep \"com\.detoxtest$\""
17:05:23.395 detox[20097] [90mi[39m u0_a946      24414  1235 17147016 74052 0                   0 R com.detoxtest

17:05:23.395 detox[20097] [90mB[39m onLaunchApp
  args: ({"deviceId":"ZD22227Q7K","bundleId":"com.detoxtest","launchArgs":{"detoxServer":"ws://localhost:57932","detoxSessionId":"508c2e42-0dde-e184-7854-819a9c23b570"},"pid":24414})
17:05:23.396 detox[20097] [90mi[39m starting ADBLogcatRecording
17:05:23.398 detox[20097] [90mi[39m /Users/ips-162/Library/Android/sdk/platform-tools/adb -s ZD22227Q7K shell "logcat -T \"12-17 17:06:24.000\" --pid=24414 -f /sdcard/17513478_0.log"
17:05:23.398 detox[20097] [90mE[39m onLaunchApp
17:05:23.699 detox[20097] [90mi[39m "/Users/ips-162/Library/Android/sdk/platform-tools/adb" -s ZD22227Q7K shell du /sdcard/17513478_0.log
17:05:23.767 detox[20097] [90mi[39m 0	/sdcard/17513478_0.log

17:05:24.867 detox[20097] [90mi[39m INSTRUMENTATION_STATUS: class=com.detoxtest.DetoxTest
INSTRUMENTATION_STATUS: current=1
INSTRUMENTATION_STATUS: id=AndroidJUnitRunner

17:05:24.869 detox[20097] [90mi[39m INSTRUMENTATION_STATUS: numtests=1
INSTRUMENTATION_STATUS: stream=
com.detoxtest.DetoxTest:

17:05:24.869 detox[20097] [90mi[39m INSTRUMENTATION_STATUS: test=runDetoxTests
INSTRUMENTATION_STATUS_CODE: 1

17:05:24.962 detox[20096] [90mB[39m connection :57932<->:58157
17:05:24.970 detox[20096] [90mi[39m get
  data: {"messageId":0,"type":"login","params":{"role":"app","sessionId":"508c2e42-0dde-e184-7854-819a9c23b570"}}
17:05:24.970 detox[20096] [90mi[39m send
  data: {
    "messageId": 0,
    "type": "loginSuccess",
    "params": {
      "testerConnected": true,
      "appConnected": true
    }
  }
17:05:24.971 detox[20096] [90mi[39m app joined session 508c2e42-0dde-e184-7854-819a9c23b570
17:05:24.971 detox[20096] [90mi[39m send
  data: {
    "type": "appConnected"
  }
17:05:24.971 detox[20097] [90mi[39m get message
  data: {"type":"appConnected"}
   
17:05:24.972 detox[20096] [90mi[39m get
  data: {"type":"isReady","params":{},"messageId":-1000}
17:05:24.972 detox[20097] [90mi[39m send message
  data: {"type":"isReady","params":{},"messageId":-1000}
17:05:24.973 detox[20096] [90mi[39m send
  data: {
    "type": "isReady",
    "params": {},
    "messageId": -1000
  }
17:05:31.298 detox[20096] [90mi[39m get
  data: {"messageId":-1000,"type":"ready","params":{}}
17:05:31.298 detox[20096] [90mi[39m send
  data: {
    "messageId": -1000,
    "type": "ready",
    "params": {}
  }
17:05:31.298 detox[20097] [90mi[39m get message
  data: {"messageId":-1000,"type":"ready","params":{}}
   
17:05:31.299 detox[20097] [90mB[39m onAppReady
  args: ({"deviceId":"ZD22227Q7K","bundleId":"com.detoxtest","pid":24414})
17:05:31.299 detox[20097] [90mE[39m onAppReady
17:05:31.299 detox[20097] [90mE[39m launchApp
17:05:31.300 detox[20097] [90mB[39m disableSynchronization
  args: ()
17:05:31.300 detox[20097] [90mi[39m send message
  data: {"type":"invoke","params":{"target":{"type":"Class","value":"com.wix.detox.espresso.EspressoDetox"},"method":"setSynchronization","args":[{"type":"boolean","value":false}]},"messageId":1}
17:05:31.301 detox[20096] [90mi[39m get
  data: {"type":"invoke","params":{"target":{"type":"Class","value":"com.wix.detox.espresso.EspressoDetox"},"method":"setSynchronization","args":[{"type":"boolean","value":false}]},"messageId":1}
17:05:31.301 detox[20096] [90mi[39m send
  data: {
    "type": "invoke",
    "params": {
      "target": {
        "type": "Class",
        "value": "com.wix.detox.espresso.EspressoDetox"
      },
      "method": "setSynchronization",
      "args": [
        {
          "type": "boolean",
          "value": false
        }
      ]
    },
    "messageId": 1
  }
17:05:31.327 detox[20096] [90mi[39m get
  data: {"messageId":1,"type":"invokeResult","params":{"result":null}}
17:05:31.327 detox[20096] [90mi[39m send
  data: {
    "messageId": 1,
    "type": "invokeResult",
    "params": {
      "result": null
    }
  }
17:05:31.328 detox[20097] [90mi[39m get message
  data: {"messageId":1,"type":"invokeResult","params":{"result":null}}
   
17:05:31.328 detox[20097] [90mE[39m disableSynchronization
17:05:31.328 detox[20097] [90mi[39m  Waiting 3 seconds for PersistGate + Redux loading...
17:05:34.334 detox[20097] [90mB[39m enableSynchronization
  args: ()
17:05:34.336 detox[20096] [90mi[39m get
  data: {"type":"invoke","params":{"target":{"type":"Class","value":"com.wix.detox.espresso.EspressoDetox"},"method":"setSynchronization","args":[{"type":"boolean","value":true}]},"messageId":2}
17:05:34.336 detox[20096] [90mi[39m send
  data: {
    "type": "invoke",
    "params": {
      "target": {
        "type": "Class",
        "value": "com.wix.detox.espresso.EspressoDetox"
      },
      "method": "setSynchronization",
      "args": [
        {
          "type": "boolean",
          "value": true
        }
      ]
    },
    "messageId": 2
  }
17:05:34.336 detox[20097] [90mi[39m send message
  data: {"type":"invoke","params":{"target":{"type":"Class","value":"com.wix.detox.espresso.EspressoDetox"},"method":"setSynchronization","args":[{"type":"boolean","value":true}]},"messageId":2}
17:05:34.370 detox[20096] [90mi[39m get
  data: {"messageId":2,"type":"invokeResult","params":{"result":null}}
17:05:34.370 detox[20096] [90mi[39m send
  data: {
    "messageId": 2,
    "type": "invokeResult",
    "params": {
      "result": null
    }
  }
17:05:34.370 detox[20097] [90mi[39m get message
  data: {"messageId":2,"type":"invokeResult","params":{"result":null}}
   
17:05:34.370 detox[20097] [90mE[39m enableSynchronization
17:05:34.372 detox[20096] [90mi[39m get
  data: {"type":"invoke","params":{"target":{"type":"Class","value":"com.wix.detox.espresso.DetoxAssertion"},"method":"waitForAssertMatcher","args":[{"type":"Invocation","value":{"target":{"type":"Class","value":"androidx.test.espresso.Espresso"},"method":"onView","args":[{"type":"Invocation","value":{"target":{"type":"Class","value":"com.wix.detox.espresso.DetoxMatcher"},"method":"matcherForTestId","args":["login-root",{"type":"boolean","value":false}]}}]}},{"type":"Invocation","value":{"target":{"type":"Class","value":"com.wix.detox.espresso.DetoxMatcher"},"method":"matcherForSufficientlyVisible","args":[{"type":"Integer","value":75}]}},{"type":"Double","value":10}]},"messageId":3}
17:05:34.372 detox[20096] [90mi[39m send
  data: {
    "type": "invoke",
    "params": {
      "target": {
        "type": "Class",
        "value": "com.wix.detox.espresso.DetoxAssertion"
      },
      "method": "waitForAssertMatcher",
      "args": [
        {
          "type": "Invocation",
          "value": {
            "target": {
              "type": "Class",
              "value": "androidx.test.espresso.Espresso"
            },
            "method": "onView",
            "args": [
              {
                "type": "Invocation",
                "value": {
                  "target": {
                    "type": "Class",
                    "value": "com.wix.detox.espresso.DetoxMatcher"
                  },
                  "method": "matcherForTestId",
                  "args": [
                    "login-root",
                    {
                      "type": "boolean",
                      "value": false
                    }
                  ]
                }
              }
            ]
          }
        },
        {
          "type": "Invocation",
          "value": {
            "target": {
              "type": "Class",
              "value": "com.wix.detox.espresso.DetoxMatcher"
            },
            "method": "matcherForSufficientlyVisible",
            "args": [
              {
                "type": "Integer",
                "value": 75
              }
            ]
          }
        },
        {
          "type": "Double",
          "value": 10
        }
      ]
    },
    "messageId": 3
  }
17:05:34.372 detox[20097] [90mi[39m send message
  data: {"type":"invoke","params":{"target":{"type":"Class","value":"com.wix.detox.espresso.DetoxAssertion"},"method":"waitForAssertMatcher","args":[{"type":"Invocation","value":{"target":{"type":"Class","value":"androidx.test.espresso.Espresso"},"method":"onView","args":[{"type":"Invocation","value":{"target":{"type":"Class","value":"com.wix.detox.espresso.DetoxMatcher"},"method":"matcherForTestId","args":["login-root",{"type":"boolean","value":false}]}}]}},{"type":"Invocation","value":{"target":{"type":"Class","value":"com.wix.detox.espresso.DetoxMatcher"},"method":"matcherForSufficientlyVisible","args":[{"type":"Integer","value":75}]}},{"type":"Double","value":10}]},"messageId":3}
17:05:34.373 detox[20097] [90mB[39m undefined with timeout (10000 ms)
  data: {
    "target": {
      "type": "Class",
      "value": "com.wix.detox.espresso.DetoxAssertion"
    },
    "method": "waitForAssertMatcher",
    "args": [
      {
        "type": "Invocation",
        "value": {
          "target": {
            "type": "Class",
            "value": "androidx.test.espresso.Espresso"
          },
          "method": "onView",
          "args": [
            {
              "type": "Invocation",
              "value": {
                "target": {
                  "type": "Class",
                  "value": "com.wix.detox.espresso.DetoxMatcher"
                },
                "method": "matcherForTestId",
                "args": [
                  "login-root",
                  {
                    "type": "boolean",
                    "value": false
                  }
                ]
              }
            }
          ]
        }
      },
      {
        "type": "Invocation",
        "value": {
          "target": {
            "type": "Class",
            "value": "com.wix.detox.espresso.DetoxMatcher"
          },
          "method": "matcherForSufficientlyVisible",
          "args": [
            {
              "type": "Integer",
              "value": 75
            }
          ]
        }
      },
      {
        "type": "Double",
        "value": 10
      }
    ]
  }
17:05:39.456 detox[20096] [90mi[39m get
  data: {"messageId":3,"type":"invokeResult","params":{"result":null}}
17:05:39.457 detox[20096] [90mi[39m send
  data: {
    "messageId": 3,
    "type": "invokeResult",
    "params": {
      "result": null
    }
  }
17:05:39.457 detox[20097] [90mi[39m get message
  data: {"messageId":3,"type":"invokeResult","params":{"result":null}}
   
17:05:39.457 detox[20097] [90mE[39m undefined with timeout (10000 ms)
17:05:39.457 detox[20097] [90mi[39m  Login screen ready
17:05:39.458 detox[20097] [90mi[39m  Entering login credentials...
17:05:39.459 detox[20096] [90mi[39m get
  data: {"type":"invoke","params":{"target":{"type":"Class","value":"com.wix.detox.espresso.EspressoDetox"},"method":"perform","args":[{"type":"Invocation","value":{"target":{"type":"Class","value":"com.wix.detox.espresso.DetoxMatcher"},"method":"matcherForTestId","args":["email-input",{"type":"boolean","value":false}]}},{"type":"Invocation","value":{"target":{"type":"Class","value":"androidx.test.espresso.action.ViewActions"},"method":"replaceText","args":["john@gmail.com"]}}]},"messageId":4}
17:05:39.459 detox[20096] [90mi[39m send
  data: {
    "type": "invoke",
    "params": {
      "target": {
        "type": "Class",
        "value": "com.wix.detox.espresso.EspressoDetox"
      },
      "method": "perform",
      "args": [
        {
          "type": "Invocation",
          "value": {
            "target": {
              "type": "Class",
              "value": "com.wix.detox.espresso.DetoxMatcher"
            },
            "method": "matcherForTestId",
            "args": [
              "email-input",
              {
                "type": "boolean",
                "value": false
              }
            ]
          }
        },
        {
          "type": "Invocation",
          "value": {
            "target": {
              "type": "Class",
              "value": "androidx.test.espresso.action.ViewActions"
            },
            "method": "replaceText",
            "args": [
              "john@gmail.com"
            ]
          }
        }
      ]
    },
    "messageId": 4
  }
17:05:39.459 detox[20097] [90mi[39m send message
  data: {"type":"invoke","params":{"target":{"type":"Class","value":"com.wix.detox.espresso.EspressoDetox"},"method":"perform","args":[{"type":"Invocation","value":{"target":{"type":"Class","value":"com.wix.detox.espresso.DetoxMatcher"},"method":"matcherForTestId","args":["email-input",{"type":"boolean","value":false}]}},{"type":"Invocation","value":{"target":{"type":"Class","value":"androidx.test.espresso.action.ViewActions"},"method":"replaceText","args":["john@gmail.com"]}}]},"messageId":4}
17:05:39.459 detox[20097] [90mB[39m replace input text: "john@gmail.com"
  data: {
    "target": {
      "type": "Class",
      "value": "com.wix.detox.espresso.EspressoDetox"
    },
    "method": "perform",
    "args": [
      {
        "type": "Invocation",
        "value": {
          "target": {
            "type": "Class",
            "value": "com.wix.detox.espresso.DetoxMatcher"
          },
          "method": "matcherForTestId",
          "args": [
            "email-input",
            {
              "type": "boolean",
              "value": false
            }
          ]
        }
      },
      {
        "type": "Invocation",
        "value": {
          "target": {
            "type": "Class",
            "value": "androidx.test.espresso.action.ViewActions"
          },
          "method": "replaceText",
          "args": [
            "john@gmail.com"
          ]
        }
      }
    ]
  }
17:05:39.512 detox[20096] [90mi[39m get
  data: {"messageId":4,"type":"invokeResult","params":{"result":null}}
17:05:39.512 detox[20096] [90mi[39m send
  data: {
    "messageId": 4,
    "type": "invokeResult",
    "params": {
      "result": null
    }
  }
17:05:39.513 detox[20097] [90mi[39m get message
  data: {"messageId":4,"type":"invokeResult","params":{"result":null}}
   
17:05:39.513 detox[20097] [90mE[39m replace input text: "john@gmail.com"
17:05:39.514 detox[20096] [90mi[39m get
  data: {"type":"invoke","params":{"target":{"type":"Class","value":"com.wix.detox.espresso.EspressoDetox"},"method":"perform","args":[{"type":"Invocation","value":{"target":{"type":"Class","value":"com.wix.detox.espresso.DetoxMatcher"},"method":"matcherForTestId","args":["password-input",{"type":"boolean","value":false}]}},{"type":"Invocation","value":{"target":{"type":"Class","value":"com.wix.detox.espresso.DetoxViewActions"},"method":"click","args":[]}}]},"messageId":5}
17:05:39.514 detox[20096] [90mi[39m send
  data: {
    "type": "invoke",
    "params": {
      "target": {
        "type": "Class",
        "value": "com.wix.detox.espresso.EspressoDetox"
      },
      "method": "perform",
      "args": [
        {
          "type": "Invocation",
          "value": {
            "target": {
              "type": "Class",
              "value": "com.wix.detox.espresso.DetoxMatcher"
            },
            "method": "matcherForTestId",
            "args": [
              "password-input",
              {
                "type": "boolean",
                "value": false
              }
            ]
          }
        },
        {
          "type": "Invocation",
          "value": {
            "target": {
              "type": "Class",
              "value": "com.wix.detox.espresso.DetoxViewActions"
            },
            "method": "click",
            "args": []
          }
        }
      ]
    },
    "messageId": 5
  }
17:05:39.514 detox[20097] [90mi[39m send message
  data: {"type":"invoke","params":{"target":{"type":"Class","value":"com.wix.detox.espresso.EspressoDetox"},"method":"perform","args":[{"type":"Invocation","value":{"target":{"type":"Class","value":"com.wix.detox.espresso.DetoxMatcher"},"method":"matcherForTestId","args":["password-input",{"type":"boolean","value":false}]}},{"type":"Invocation","value":{"target":{"type":"Class","value":"com.wix.detox.espresso.DetoxViewActions"},"method":"click","args":[]}}]},"messageId":5}
17:05:39.514 detox[20097] [90mB[39m tap
  data: {
    "target": {
      "type": "Class",
      "value": "com.wix.detox.espresso.EspressoDetox"
    },
    "method": "perform",
    "args": [
      {
        "type": "Invocation",
        "value": {
          "target": {
            "type": "Class",
            "value": "com.wix.detox.espresso.DetoxMatcher"
          },
          "method": "matcherForTestId",
          "args": [
            "password-input",
            {
              "type": "boolean",
              "value": false
            }
          ]
        }
      },
      {
        "type": "Invocation",
        "value": {
          "target": {
            "type": "Class",
            "value": "com.wix.detox.espresso.DetoxViewActions"
          },
          "method": "click",
          "args": []
        }
      }
    ]
  }
17:05:40.105 detox[20096] [90mi[39m get
  data: {"messageId":5,"type":"invokeResult","params":{"result":null}}
17:05:40.105 detox[20096] [90mi[39m send
  data: {
    "messageId": 5,
    "type": "invokeResult",
    "params": {
      "result": null
    }
  }
17:05:40.106 detox[20097] [90mi[39m get message
  data: {"messageId":5,"type":"invokeResult","params":{"result":null}}
   
17:05:40.106 detox[20097] [90mE[39m tap
17:05:40.106 detox[20097] [90mi[39m send message
  data: {"type":"invoke","params":{"target":{"type":"Class","value":"com.wix.detox.espresso.EspressoDetox"},"method":"perform","args":[{"type":"Invocation","value":{"target":{"type":"Class","value":"com.wix.detox.espresso.DetoxMatcher"},"method":"matcherForTestId","args":["password-input",{"type":"boolean","value":false}]}},{"type":"Invocation","value":{"target":{"type":"Class","value":"androidx.test.espresso.action.ViewActions"},"method":"replaceText","args":["Password123!"]}}]},"messageId":6}
17:05:40.107 detox[20096] [90mi[39m get
  data: {"type":"invoke","params":{"target":{"type":"Class","value":"com.wix.detox.espresso.EspressoDetox"},"method":"perform","args":[{"type":"Invocation","value":{"target":{"type":"Class","value":"com.wix.detox.espresso.DetoxMatcher"},"method":"matcherForTestId","args":["password-input",{"type":"boolean","value":false}]}},{"type":"Invocation","value":{"target":{"type":"Class","value":"androidx.test.espresso.action.ViewActions"},"method":"replaceText","args":["Password123!"]}}]},"messageId":6}
17:05:40.107 detox[20096] [90mi[39m send
  data: {
    "type": "invoke",
    "params": {
      "target": {
        "type": "Class",
        "value": "com.wix.detox.espresso.EspressoDetox"
      },
      "method": "perform",
      "args": [
        {
          "type": "Invocation",
          "value": {
            "target": {
              "type": "Class",
              "value": "com.wix.detox.espresso.DetoxMatcher"
            },
            "method": "matcherForTestId",
            "args": [
              "password-input",
              {
                "type": "boolean",
                "value": false
              }
            ]
          }
        },
        {
          "type": "Invocation",
          "value": {
            "target": {
              "type": "Class",
              "value": "androidx.test.espresso.action.ViewActions"
            },
            "method": "replaceText",
            "args": [
              "Password123!"
            ]
          }
        }
      ]
    },
    "messageId": 6
  }
17:05:40.107 detox[20097] [90mB[39m replace input text: "Password123!"
  data: {
    "target": {
      "type": "Class",
      "value": "com.wix.detox.espresso.EspressoDetox"
    },
    "method": "perform",
    "args": [
      {
        "type": "Invocation",
        "value": {
          "target": {
            "type": "Class",
            "value": "com.wix.detox.espresso.DetoxMatcher"
          },
          "method": "matcherForTestId",
          "args": [
            "password-input",
            {
              "type": "boolean",
              "value": false
            }
          ]
        }
      },
      {
        "type": "Invocation",
        "value": {
          "target": {
            "type": "Class",
            "value": "androidx.test.espresso.action.ViewActions"
          },
          "method": "replaceText",
          "args": [
            "Password123!"
          ]
        }
      }
    ]
  }
17:05:40.129 detox[20096] [90mi[39m get
  data: {"messageId":6,"type":"invokeResult","params":{"result":null}}
17:05:40.129 detox[20096] [90mi[39m send
  data: {
    "messageId": 6,
    "type": "invokeResult",
    "params": {
      "result": null
    }
  }
17:05:40.130 detox[20097] [90mi[39m get message
  data: {"messageId":6,"type":"invokeResult","params":{"result":null}}
   
17:05:40.130 detox[20097] [90mE[39m replace input text: "Password123!"
17:05:40.130 detox[20097] [90mB[39m pressBack
  args: ()
17:05:40.131 detox[20097] [90mi[39m send message
  data: {"type":"invoke","params":{"target":{"type":"Invocation","value":{"target":{"type":"Class","value":"com.wix.detox.uiautomator.UiAutomator"},"method":"uiDevice","args":[]}},"method":"pressBack","args":[]},"messageId":7}
17:05:40.132 detox[20096] [90mi[39m get
  data: {"type":"invoke","params":{"target":{"type":"Invocation","value":{"target":{"type":"Class","value":"com.wix.detox.uiautomator.UiAutomator"},"method":"uiDevice","args":[]}},"method":"pressBack","args":[]},"messageId":7}
17:05:40.132 detox[20096] [90mi[39m send
  data: {
    "type": "invoke",
    "params": {
      "target": {
        "type": "Invocation",
        "value": {
          "target": {
            "type": "Class",
            "value": "com.wix.detox.uiautomator.UiAutomator"
          },
          "method": "uiDevice",
          "args": []
        }
      },
      "method": "pressBack",
      "args": []
    },
    "messageId": 7
  }
17:05:40.876 detox[20096] [90mi[39m get
  data: {"messageId":7,"type":"invokeResult","params":{"result":true}}
17:05:40.876 detox[20096] [90mi[39m send
  data: {
    "messageId": 7,
    "type": "invokeResult",
    "params": {
      "result": true
    }
  }
17:05:40.876 detox[20097] [90mi[39m get message
  data: {"messageId":7,"type":"invokeResult","params":{"result":true}}
   
17:05:40.876 detox[20097] [90mE[39m pressBack
17:05:40.877 detox[20096] [90mi[39m get
  data: {"type":"invoke","params":{"target":{"type":"Class","value":"com.wix.detox.espresso.EspressoDetox"},"method":"perform","args":[{"type":"Invocation","value":{"target":{"type":"Class","value":"com.wix.detox.espresso.DetoxMatcher"},"method":"matcherForTestId","args":["login-button",{"type":"boolean","value":false}]}},{"type":"Invocation","value":{"target":{"type":"Class","value":"com.wix.detox.espresso.DetoxViewActions"},"method":"click","args":[]}}]},"messageId":8}
17:05:40.877 detox[20096] [90mi[39m send
  data: {
    "type": "invoke",
    "params": {
      "target": {
        "type": "Class",
        "value": "com.wix.detox.espresso.EspressoDetox"
      },
      "method": "perform",
      "args": [
        {
          "type": "Invocation",
          "value": {
            "target": {
              "type": "Class",
              "value": "com.wix.detox.espresso.DetoxMatcher"
            },
            "method": "matcherForTestId",
            "args": [
              "login-button",
              {
                "type": "boolean",
                "value": false
              }
            ]
          }
        },
        {
          "type": "Invocation",
          "value": {
            "target": {
              "type": "Class",
              "value": "com.wix.detox.espresso.DetoxViewActions"
            },
            "method": "click",
            "args": []
          }
        }
      ]
    },
    "messageId": 8
  }
17:05:40.877 detox[20097] [90mi[39m send message
  data: {"type":"invoke","params":{"target":{"type":"Class","value":"com.wix.detox.espresso.EspressoDetox"},"method":"perform","args":[{"type":"Invocation","value":{"target":{"type":"Class","value":"com.wix.detox.espresso.DetoxMatcher"},"method":"matcherForTestId","args":["login-button",{"type":"boolean","value":false}]}},{"type":"Invocation","value":{"target":{"type":"Class","value":"com.wix.detox.espresso.DetoxViewActions"},"method":"click","args":[]}}]},"messageId":8}
17:05:40.877 detox[20097] [90mB[39m tap
  data: {
    "target": {
      "type": "Class",
      "value": "com.wix.detox.espresso.EspressoDetox"
    },
    "method": "perform",
    "args": [
      {
        "type": "Invocation",
        "value": {
          "target": {
            "type": "Class",
            "value": "com.wix.detox.espresso.DetoxMatcher"
          },
          "method": "matcherForTestId",
          "args": [
            "login-button",
            {
              "type": "boolean",
              "value": false
            }
          ]
        }
      },
      {
        "type": "Invocation",
        "value": {
          "target": {
            "type": "Class",
            "value": "com.wix.detox.espresso.DetoxViewActions"
          },
          "method": "click",
          "args": []
        }
      }
    ]
  }
17:05:43.556 detox[20096] [90mi[39m get
  data: {"messageId":8,"type":"invokeResult","params":{"result":null}}
17:05:43.557 detox[20096] [90mi[39m send
  data: {
    "messageId": 8,
    "type": "invokeResult",
    "params": {
      "result": null
    }
  }
17:05:43.557 detox[20097] [90mi[39m get message
  data: {"messageId":8,"type":"invokeResult","params":{"result":null}}
   
17:05:43.557 detox[20097] [90mE[39m tap
17:05:43.557 detox[20097] [90mi[39m  Login button tapped, waiting for navigation...
17:05:48.560 detox[20096] [90mi[39m get
  data: {"type":"invoke","params":{"target":{"type":"Class","value":"com.wix.detox.espresso.DetoxAssertion"},"method":"waitForAssertMatcher","args":[{"type":"Invocation","value":{"target":{"type":"Class","value":"androidx.test.espresso.Espresso"},"method":"onView","args":[{"type":"Invocation","value":{"target":{"type":"Class","value":"com.wix.detox.espresso.DetoxMatcher"},"method":"matcherForTestId","args":["home-tab-root",{"type":"boolean","value":false}]}}]}},{"type":"Invocation","value":{"target":{"type":"Class","value":"com.wix.detox.espresso.DetoxMatcher"},"method":"matcherForSufficientlyVisible","args":[{"type":"Integer","value":75}]}},{"type":"Double","value":15}]},"messageId":9}
17:05:48.560 detox[20096] [90mi[39m send
  data: {
    "type": "invoke",
    "params": {
      "target": {
        "type": "Class",
        "value": "com.wix.detox.espresso.DetoxAssertion"
      },
      "method": "waitForAssertMatcher",
      "args": [
        {
          "type": "Invocation",
          "value": {
            "target": {
              "type": "Class",
              "value": "androidx.test.espresso.Espresso"
            },
            "method": "onView",
            "args": [
              {
                "type": "Invocation",
                "value": {
                  "target": {
                    "type": "Class",
                    "value": "com.wix.detox.espresso.DetoxMatcher"
                  },
                  "method": "matcherForTestId",
                  "args": [
                    "home-tab-root",
                    {
                      "type": "boolean",
                      "value": false
                    }
                  ]
                }
              }
            ]
          }
        },
        {
          "type": "Invocation",
          "value": {
            "target": {
              "type": "Class",
              "value": "com.wix.detox.espresso.DetoxMatcher"
            },
            "method": "matcherForSufficientlyVisible",
            "args": [
              {
                "type": "Integer",
                "value": 75
              }
            ]
          }
        },
        {
          "type": "Double",
          "value": 15
        }
      ]
    },
    "messageId": 9
  }
17:05:48.560 detox[20097] [90mi[39m send message
  data: {"type":"invoke","params":{"target":{"type":"Class","value":"com.wix.detox.espresso.DetoxAssertion"},"method":"waitForAssertMatcher","args":[{"type":"Invocation","value":{"target":{"type":"Class","value":"androidx.test.espresso.Espresso"},"method":"onView","args":[{"type":"Invocation","value":{"target":{"type":"Class","value":"com.wix.detox.espresso.DetoxMatcher"},"method":"matcherForTestId","args":["home-tab-root",{"type":"boolean","value":false}]}}]}},{"type":"Invocation","value":{"target":{"type":"Class","value":"com.wix.detox.espresso.DetoxMatcher"},"method":"matcherForSufficientlyVisible","args":[{"type":"Integer","value":75}]}},{"type":"Double","value":15}]},"messageId":9}
17:05:48.560 detox[20097] [90mB[39m undefined with timeout (15000 ms)
  data: {
    "target": {
      "type": "Class",
      "value": "com.wix.detox.espresso.DetoxAssertion"
    },
    "method": "waitForAssertMatcher",
    "args": [
      {
        "type": "Invocation",
        "value": {
          "target": {
            "type": "Class",
            "value": "androidx.test.espresso.Espresso"
          },
          "method": "onView",
          "args": [
            {
              "type": "Invocation",
              "value": {
                "target": {
                  "type": "Class",
                  "value": "com.wix.detox.espresso.DetoxMatcher"
                },
                "method": "matcherForTestId",
                "args": [
                  "home-tab-root",
                  {
                    "type": "boolean",
                    "value": false
                  }
                ]
              }
            }
          ]
        }
      },
      {
        "type": "Invocation",
        "value": {
          "target": {
            "type": "Class",
            "value": "com.wix.detox.espresso.DetoxMatcher"
          },
          "method": "matcherForSufficientlyVisible",
          "args": [
            {
              "type": "Integer",
              "value": 75
            }
          ]
        }
      },
      {
        "type": "Double",
        "value": 15
      }
    ]
  }
17:05:48.593 detox[20096] [90mi[39m get
  data: {"messageId":9,"type":"invokeResult","params":{"result":null}}
17:05:48.593 detox[20096] [90mi[39m send
  data: {
    "messageId": 9,
    "type": "invokeResult",
    "params": {
      "result": null
    }
  }
17:05:48.593 detox[20097] [90mi[39m get message
  data: {"messageId":9,"type":"invokeResult","params":{"result":null}}
   
17:05:48.593 detox[20097] [90mE[39m undefined with timeout (15000 ms)
17:05:48.594 detox[20097] [90mi[39m ✅ Successfully logged in and on Home tab - READY FOR ALL NAVIGATION TESTS
17:05:48.594 detox[20097] [90mE[39m beforeAll
17:05:48.595 detox[20097] [90mB[39m should navigate from Home to Details screen
17:05:48.595 detox[20097] [90mi[39m Navigation Between Core Screens: should navigate from Home to Details screen
17:05:48.597 detox[20097] [90mB[39m onTestStart
  args: ({"title":"should navigate from Home to Details screen","fullName":"Navigation Between Core Screens should navigate from Home to Details screen","status":"running","invocations":1})
17:05:48.597 detox[20097] [90mi[39m stopping ADBLogcatRecording
17:05:48.597 detox[20097] [90mi[39m "/Users/ips-162/Library/Android/sdk/platform-tools/adb" -s ZD22227Q7K shell "date +\"%m-%d %T.000\""
17:05:48.824 detox[20097] [90mi[39m 12-17 17:06:52.000

17:05:48.826 detox[20097] [90mi[39m sending SIGINT to: /Users/ips-162/Library/Android/sdk/platform-tools/adb -s ZD22227Q7K shell logcat -T "12-17 17:06:24.000" --pid=24414 -f /sdcard/17513478_0.log
17:05:48.827 detox[20097] [90mi[39m /Users/ips-162/Library/Android/sdk/platform-tools/adb -s ZD22227Q7K shell "logcat -T \"12-17 17:06:24.000\" --pid=24414 -f /sdcard/17513478_0.log" terminated with SIGINT
17:05:48.827 detox[20097] [90mi[39m starting ADBLogcatRecording
17:05:48.829 detox[20097] [90mi[39m /Users/ips-162/Library/Android/sdk/platform-tools/adb -s ZD22227Q7K shell "logcat -T \"12-17 17:06:52.000\" --pid=24414 -f /sdcard/17513478_1.log"
17:05:48.829 detox[20097] [90mE[39m onTestStart
17:05:48.829 detox[20097] [90mB[39m beforeEach
17:05:48.829 detox[20097] [90mE[39m beforeEach
17:05:48.830 detox[20097] [90mB[39m test_fn
17:05:48.830 detox[20097] [90mi[39m 🧭 Testing Home → Details navigation
17:05:48.832 detox[20097] [90mi[39m send message
  data: {"type":"invoke","params":{"target":{"type":"Class","value":"com.wix.detox.espresso.DetoxAssertion"},"method":"assertMatcher","args":[{"type":"Invocation","value":{"target":{"type":"Class","value":"androidx.test.espresso.Espresso"},"method":"onView","args":[{"type":"Invocation","value":{"target":{"type":"Class","value":"com.wix.detox.espresso.DetoxMatcher"},"method":"matcherForTestId","args":["home-tab-root",{"type":"boolean","value":false}]}}]}},{"type":"Invocation","value":{"target":{"type":"Class","value":"com.wix.detox.espresso.DetoxMatcher"},"method":"matcherForSufficientlyVisible","args":[{"type":"Integer","value":75}]}}]},"messageId":10}
17:05:48.833 detox[20096] [90mi[39m get
  data: {"type":"invoke","params":{"target":{"type":"Class","value":"com.wix.detox.espresso.DetoxAssertion"},"method":"assertMatcher","args":[{"type":"Invocation","value":{"target":{"type":"Class","value":"androidx.test.espresso.Espresso"},"method":"onView","args":[{"type":"Invocation","value":{"target":{"type":"Class","value":"com.wix.detox.espresso.DetoxMatcher"},"method":"matcherForTestId","args":["home-tab-root",{"type":"boolean","value":false}]}}]}},{"type":"Invocation","value":{"target":{"type":"Class","value":"com.wix.detox.espresso.DetoxMatcher"},"method":"matcherForSufficientlyVisible","args":[{"type":"Integer","value":75}]}}]},"messageId":10}
17:05:48.833 detox[20096] [90mi[39m send
  data: {
    "type": "invoke",
    "params": {
      "target": {
        "type": "Class",
        "value": "com.wix.detox.espresso.DetoxAssertion"
      },
      "method": "assertMatcher",
      "args": [
        {
          "type": "Invocation",
          "value": {
            "target": {
              "type": "Class",
              "value": "androidx.test.espresso.Espresso"
            },
            "method": "onView",
            "args": [
              {
                "type": "Invocation",
                "value": {
                  "target": {
                    "type": "Class",
                    "value": "com.wix.detox.espresso.DetoxMatcher"
                  },
                  "method": "matcherForTestId",
                  "args": [
                    "home-tab-root",
                    {
                      "type": "boolean",
                      "value": false
                    }
                  ]
                }
              }
            ]
          }
        },
        {
          "type": "Invocation",
          "value": {
            "target": {
              "type": "Class",
              "value": "com.wix.detox.espresso.DetoxMatcher"
            },
            "method": "matcherForSufficientlyVisible",
            "args": [
              {
                "type": "Integer",
                "value": 75
              }
            ]
          }
        }
      ]
    },
    "messageId": 10
  }
17:05:48.833 detox[20097] [90mB[39m expect element to be visible
  data: {
    "target": {
      "type": "Class",
      "value": "com.wix.detox.espresso.DetoxAssertion"
    },
    "method": "assertMatcher",
    "args": [
      {
        "type": "Invocation",
        "value": {
          "target": {
            "type": "Class",
            "value": "androidx.test.espresso.Espresso"
          },
          "method": "onView",
          "args": [
            {
              "type": "Invocation",
              "value": {
                "target": {
                  "type": "Class",
                  "value": "com.wix.detox.espresso.DetoxMatcher"
                },
                "method": "matcherForTestId",
                "args": [
                  "home-tab-root",
                  {
                    "type": "boolean",
                    "value": false
                  }
                ]
              }
            }
          ]
        }
      },
      {
        "type": "Invocation",
        "value": {
          "target": {
            "type": "Class",
            "value": "com.wix.detox.espresso.DetoxMatcher"
          },
          "method": "matcherForSufficientlyVisible",
          "args": [
            {
              "type": "Integer",
              "value": 75
            }
          ]
        }
      }
    ]
  }
17:05:48.881 detox[20096] [90mi[39m get
  data: {"messageId":10,"type":"invokeResult","params":{"result":null}}
17:05:48.881 detox[20096] [90mi[39m send
  data: {
    "messageId": 10,
    "type": "invokeResult",
    "params": {
      "result": null
    }
  }
17:05:48.882 detox[20097] [90mi[39m get message
  data: {"messageId":10,"type":"invokeResult","params":{"result":null}}
   
17:05:48.882 detox[20097] [90mE[39m expect element to be visible
17:05:48.882 detox[20097] [90mi[39m  Confirmed on Home screen
17:05:48.883 detox[20096] [90mi[39m get
  data: {"type":"invoke","params":{"target":{"type":"Class","value":"com.wix.detox.espresso.EspressoDetox"},"method":"perform","args":[{"type":"Invocation","value":{"target":{"type":"Class","value":"com.wix.detox.espresso.DetoxMatcher"},"method":"matcherForTestId","args":["details-tab",{"type":"boolean","value":false}]}},{"type":"Invocation","value":{"target":{"type":"Class","value":"com.wix.detox.espresso.DetoxViewActions"},"method":"click","args":[]}}]},"messageId":11}
17:05:48.883 detox[20096] [90mi[39m send
  data: {
    "type": "invoke",
    "params": {
      "target": {
        "type": "Class",
        "value": "com.wix.detox.espresso.EspressoDetox"
      },
      "method": "perform",
      "args": [
        {
          "type": "Invocation",
          "value": {
            "target": {
              "type": "Class",
              "value": "com.wix.detox.espresso.DetoxMatcher"
            },
            "method": "matcherForTestId",
            "args": [
              "details-tab",
              {
                "type": "boolean",
                "value": false
              }
            ]
          }
        },
        {
          "type": "Invocation",
          "value": {
            "target": {
              "type": "Class",
              "value": "com.wix.detox.espresso.DetoxViewActions"
            },
            "method": "click",
            "args": []
          }
        }
      ]
    },
    "messageId": 11
  }
17:05:48.883 detox[20097] [90mi[39m send message
  data: {"type":"invoke","params":{"target":{"type":"Class","value":"com.wix.detox.espresso.EspressoDetox"},"method":"perform","args":[{"type":"Invocation","value":{"target":{"type":"Class","value":"com.wix.detox.espresso.DetoxMatcher"},"method":"matcherForTestId","args":["details-tab",{"type":"boolean","value":false}]}},{"type":"Invocation","value":{"target":{"type":"Class","value":"com.wix.detox.espresso.DetoxViewActions"},"method":"click","args":[]}}]},"messageId":11}
17:05:48.883 detox[20097] [90mB[39m tap
  data: {
    "target": {
      "type": "Class",
      "value": "com.wix.detox.espresso.EspressoDetox"
    },
    "method": "perform",
    "args": [
      {
        "type": "Invocation",
        "value": {
          "target": {
            "type": "Class",
            "value": "com.wix.detox.espresso.DetoxMatcher"
          },
          "method": "matcherForTestId",
          "args": [
            "details-tab",
            {
              "type": "boolean",
              "value": false
            }
          ]
        }
      },
      {
        "type": "Invocation",
        "value": {
          "target": {
            "type": "Class",
            "value": "com.wix.detox.espresso.DetoxViewActions"
          },
          "method": "click",
          "args": []
        }
      }
    ]
  }
17:05:49.133 detox[20097] [90mi[39m "/Users/ips-162/Library/Android/sdk/platform-tools/adb" -s ZD22227Q7K shell du /sdcard/17513478_1.log
17:05:49.185 detox[20097] [90mi[39m 0	/sdcard/17513478_1.log

17:05:49.642 detox[20096] [90mi[39m get
  data: {"messageId":11,"type":"invokeResult","params":{"result":null}}
17:05:49.642 detox[20096] [90mi[39m send
  data: {
    "messageId": 11,
    "type": "invokeResult",
    "params": {
      "result": null
    }
  }
17:05:49.642 detox[20097] [90mi[39m get message
  data: {"messageId":11,"type":"invokeResult","params":{"result":null}}
   
17:05:49.642 detox[20097] [90mE[39m tap
17:05:49.643 detox[20097] [90mi[39m  Tapped Details tab
17:05:51.144 detox[20097] [90mi[39m send message
  data: {"type":"invoke","params":{"target":{"type":"Class","value":"com.wix.detox.espresso.DetoxAssertion"},"method":"assertMatcher","args":[{"type":"Invocation","value":{"target":{"type":"Class","value":"androidx.test.espresso.Espresso"},"method":"onView","args":[{"type":"Invocation","value":{"target":{"type":"Class","value":"com.wix.detox.espresso.DetoxMatcher"},"method":"matcherForTestId","args":["details-screen-root",{"type":"boolean","value":false}]}}]}},{"type":"Invocation","value":{"target":{"type":"Class","value":"com.wix.detox.espresso.DetoxMatcher"},"method":"matcherForSufficientlyVisible","args":[{"type":"Integer","value":75}]}}]},"messageId":12}
17:05:51.145 detox[20096] [90mi[39m get
  data: {"type":"invoke","params":{"target":{"type":"Class","value":"com.wix.detox.espresso.DetoxAssertion"},"method":"assertMatcher","args":[{"type":"Invocation","value":{"target":{"type":"Class","value":"androidx.test.espresso.Espresso"},"method":"onView","args":[{"type":"Invocation","value":{"target":{"type":"Class","value":"com.wix.detox.espresso.DetoxMatcher"},"method":"matcherForTestId","args":["details-screen-root",{"type":"boolean","value":false}]}}]}},{"type":"Invocation","value":{"target":{"type":"Class","value":"com.wix.detox.espresso.DetoxMatcher"},"method":"matcherForSufficientlyVisible","args":[{"type":"Integer","value":75}]}}]},"messageId":12}
17:05:51.145 detox[20096] [90mi[39m send
  data: {
    "type": "invoke",
    "params": {
      "target": {
        "type": "Class",
        "value": "com.wix.detox.espresso.DetoxAssertion"
      },
      "method": "assertMatcher",
      "args": [
        {
          "type": "Invocation",
          "value": {
            "target": {
              "type": "Class",
              "value": "androidx.test.espresso.Espresso"
            },
            "method": "onView",
            "args": [
              {
                "type": "Invocation",
                "value": {
                  "target": {
                    "type": "Class",
                    "value": "com.wix.detox.espresso.DetoxMatcher"
                  },
                  "method": "matcherForTestId",
                  "args": [
                    "details-screen-root",
                    {
                      "type": "boolean",
                      "value": false
                    }
                  ]
                }
              }
            ]
          }
        },
        {
          "type": "Invocation",
          "value": {
            "target": {
              "type": "Class",
              "value": "com.wix.detox.espresso.DetoxMatcher"
            },
            "method": "matcherForSufficientlyVisible",
            "args": [
              {
                "type": "Integer",
                "value": 75
              }
            ]
          }
        }
      ]
    },
    "messageId": 12
  }
17:05:51.145 detox[20097] [90mB[39m expect element to be visible
  data: {
    "target": {
      "type": "Class",
      "value": "com.wix.detox.espresso.DetoxAssertion"
    },
    "method": "assertMatcher",
    "args": [
      {
        "type": "Invocation",
        "value": {
          "target": {
            "type": "Class",
            "value": "androidx.test.espresso.Espresso"
          },
          "method": "onView",
          "args": [
            {
              "type": "Invocation",
              "value": {
                "target": {
                  "type": "Class",
                  "value": "com.wix.detox.espresso.DetoxMatcher"
                },
                "method": "matcherForTestId",
                "args": [
                  "details-screen-root",
                  {
                    "type": "boolean",
                    "value": false
                  }
                ]
              }
            }
          ]
        }
      },
      {
        "type": "Invocation",
        "value": {
          "target": {
            "type": "Class",
            "value": "com.wix.detox.espresso.DetoxMatcher"
          },
          "method": "matcherForSufficientlyVisible",
          "args": [
            {
              "type": "Integer",
              "value": 75
            }
          ]
        }
      }
    ]
  }
17:05:51.206 detox[20096] [90mi[39m get
  data: {"messageId":12,"type":"invokeResult","params":{"result":null}}
17:05:51.206 detox[20096] [90mi[39m send
  data: {
    "messageId": 12,
    "type": "invokeResult",
    "params": {
      "result": null
    }
  }
17:05:51.206 detox[20097] [90mi[39m get message
  data: {"messageId":12,"type":"invokeResult","params":{"result":null}}
   
17:05:51.207 detox[20097] [90mE[39m expect element to be visible
17:05:51.207 detox[20097] [90mi[39m send message
  data: {"type":"invoke","params":{"target":{"type":"Class","value":"com.wix.detox.espresso.DetoxAssertion"},"method":"assertMatcher","args":[{"type":"Invocation","value":{"target":{"type":"Class","value":"androidx.test.espresso.Espresso"},"method":"onView","args":[{"type":"Invocation","value":{"target":{"type":"Class","value":"com.wix.detox.espresso.DetoxMatcher"},"method":"matcherForTestId","args":["details-title",{"type":"boolean","value":false}]}}]}},{"type":"Invocation","value":{"target":{"type":"Class","value":"com.wix.detox.espresso.DetoxMatcher"},"method":"matcherForSufficientlyVisible","args":[{"type":"Integer","value":75}]}}]},"messageId":13}
17:05:51.208 detox[20096] [90mi[39m get
  data: {"type":"invoke","params":{"target":{"type":"Class","value":"com.wix.detox.espresso.DetoxAssertion"},"method":"assertMatcher","args":[{"type":"Invocation","value":{"target":{"type":"Class","value":"androidx.test.espresso.Espresso"},"method":"onView","args":[{"type":"Invocation","value":{"target":{"type":"Class","value":"com.wix.detox.espresso.DetoxMatcher"},"method":"matcherForTestId","args":["details-title",{"type":"boolean","value":false}]}}]}},{"type":"Invocation","value":{"target":{"type":"Class","value":"com.wix.detox.espresso.DetoxMatcher"},"method":"matcherForSufficientlyVisible","args":[{"type":"Integer","value":75}]}}]},"messageId":13}
17:05:51.208 detox[20096] [90mi[39m send
  data: {
    "type": "invoke",
    "params": {
      "target": {
        "type": "Class",
        "value": "com.wix.detox.espresso.DetoxAssertion"
      },
      "method": "assertMatcher",
      "args": [
        {
          "type": "Invocation",
          "value": {
            "target": {
              "type": "Class",
              "value": "androidx.test.espresso.Espresso"
            },
            "method": "onView",
            "args": [
              {
                "type": "Invocation",
                "value": {
                  "target": {
                    "type": "Class",
                    "value": "com.wix.detox.espresso.DetoxMatcher"
                  },
                  "method": "matcherForTestId",
                  "args": [
                    "details-title",
                    {
                      "type": "boolean",
                      "value": false
                    }
                  ]
                }
              }
            ]
          }
        },
        {
          "type": "Invocation",
          "value": {
            "target": {
              "type": "Class",
              "value": "com.wix.detox.espresso.DetoxMatcher"
            },
            "method": "matcherForSufficientlyVisible",
            "args": [
              {
                "type": "Integer",
                "value": 75
              }
            ]
          }
        }
      ]
    },
    "messageId": 13
  }
17:05:51.208 detox[20097] [90mB[39m expect element to be visible
  data: {
    "target": {
      "type": "Class",
      "value": "com.wix.detox.espresso.DetoxAssertion"
    },
    "method": "assertMatcher",
    "args": [
      {
        "type": "Invocation",
        "value": {
          "target": {
            "type": "Class",
            "value": "androidx.test.espresso.Espresso"
          },
          "method": "onView",
          "args": [
            {
              "type": "Invocation",
              "value": {
                "target": {
                  "type": "Class",
                  "value": "com.wix.detox.espresso.DetoxMatcher"
                },
                "method": "matcherForTestId",
                "args": [
                  "details-title",
                  {
                    "type": "boolean",
                    "value": false
                  }
                ]
              }
            }
          ]
        }
      },
      {
        "type": "Invocation",
        "value": {
          "target": {
            "type": "Class",
            "value": "com.wix.detox.espresso.DetoxMatcher"
          },
          "method": "matcherForSufficientlyVisible",
          "args": [
            {
              "type": "Integer",
              "value": 75
            }
          ]
        }
      }
    ]
  }
17:05:51.251 detox[20096] [90mi[39m get
  data: {"messageId":13,"type":"invokeResult","params":{"result":null}}
17:05:51.251 detox[20096] [90mi[39m send
  data: {
    "messageId": 13,
    "type": "invokeResult",
    "params": {
      "result": null
    }
  }
17:05:51.251 detox[20097] [90mi[39m get message
  data: {"messageId":13,"type":"invokeResult","params":{"result":null}}
   
17:05:51.251 detox[20097] [90mE[39m expect element to be visible
17:05:51.252 detox[20097] [90mi[39m  Successfully navigated to Details screen
17:05:51.252 detox[20097] [90mE[39m test_fn
17:05:51.252 detox[20097] [90mB[39m afterEach
17:05:51.253 detox[20097] [90mB[39m takeScreenshot
  args: ("navigation-test-screenshot")
17:05:51.253 detox[20097] [90mi[39m "/Users/ips-162/Library/Android/sdk/platform-tools/adb" -s ZD22227Q7K shell "screencap /sdcard/17513478_2.png"
17:05:52.270 detox[20097] [90mi[39m 
17:05:52.270 detox[20097] [90mi[39m "/Users/ips-162/Library/Android/sdk/platform-tools/adb" -s ZD22227Q7K pull "/sdcard/17513478_2.png" "/private/var/folders/r0/j9yltjr10ysg22c7l5sx938r0000gn/T/detox-20097-gZf7xs.detox.png"
17:05:52.290 detox[20097] [90mi[39m /sdcard/17513478_2.png: 1 file pulled, 0 skipped. 14.1 MB/s (53648 bytes in 0.004s)

17:05:52.290 detox[20097] [90mi[39m "/Users/ips-162/Library/Android/sdk/platform-tools/adb" -s ZD22227Q7K shell "rm  \"/sdcard/17513478_2.png\""
17:05:52.358 detox[20097] [90mi[39m 
17:05:52.358 detox[20097] [90mB[39m onCreateExternalArtifact
  args: ({"pluginId":"screenshot","artifactName":"navigation-test-screenshot","artifactPath":"/private/var/folders/r0/j9yltjr10ysg22c7l5sx938r0000gn/T/detox-20097-gZf7xs.detox.png"})
17:05:52.359 detox[20097] [90mi[39m starting FileArtifact
17:05:52.359 detox[20097] [90mi[39m stopping FileArtifact
17:05:52.359 detox[20097] [90mE[39m onCreateExternalArtifact
17:05:52.359 detox[20097] [90mE[39m takeScreenshot
17:05:52.359 detox[20097] [90mE[39m afterEach
17:05:52.360 detox[20097] [90mB[39m onTestDone
  args: ({"title":"should navigate from Home to Details screen","fullName":"Navigation Between Core Screens should navigate from Home to Details screen","status":"passed","invocations":1})
17:05:52.360 detox[20097] [90mi[39m stopping ADBLogcatRecording
17:05:52.360 detox[20097] [90mi[39m starting ADBScreencapRecording
17:05:52.360 detox[20097] [90mi[39m "/Users/ips-162/Library/Android/sdk/platform-tools/adb" -s ZD22227Q7K shell "screencap /sdcard/17513478_3.png"
17:05:52.361 detox[20097] [90mi[39m "/Users/ips-162/Library/Android/sdk/platform-tools/adb" -s ZD22227Q7K shell "date +\"%m-%d %T.000\""
17:05:52.436 detox[20097] [90mi[39m 12-17 17:06:56.000

17:05:52.437 detox[20097] [90mi[39m sending SIGINT to: /Users/ips-162/Library/Android/sdk/platform-tools/adb -s ZD22227Q7K shell logcat -T "12-17 17:06:52.000" --pid=24414 -f /sdcard/17513478_1.log
17:05:52.438 detox[20097] [90mi[39m /Users/ips-162/Library/Android/sdk/platform-tools/adb -s ZD22227Q7K shell "logcat -T \"12-17 17:06:52.000\" --pid=24414 -f /sdcard/17513478_1.log" terminated with SIGINT
17:05:52.440 detox[20097] [90mi[39m saving ADBLogcatRecording to: artifacts/android.att.debug.2025-12-17 11-35-11Z/✓ Navigation Between Core Screens should navigate from Home to Details screen/device.log
17:05:52.440 detox[20097] [90mi[39m "/Users/ips-162/Library/Android/sdk/platform-tools/adb" -s ZD22227Q7K pull "/sdcard/17513478_1.log" "artifacts/android.att.debug.2025-12-17 11-35-11Z/✓ Navigation Between Core Screens should navigate from Home to Details screen/device.log"
17:05:52.459 detox[20097] [90mi[39m /sdcard/17513478_1.log: 1 file pulled, 0 skipped. 3.5 MB/s (10129 bytes in 0.003s)

17:05:52.460 detox[20097] [90mi[39m "/Users/ips-162/Library/Android/sdk/platform-tools/adb" -s ZD22227Q7K shell "rm  \"/sdcard/17513478_1.log\""
17:05:52.550 detox[20097] [90mi[39m 
17:05:52.551 detox[20097] [90mi[39m saving ADBLogcatRecording to: artifacts/android.att.debug.2025-12-17 11-35-11Z/ZD22227Q7K 2025-12-17 11-35-52Z.startup.log
17:05:52.551 detox[20097] [90mi[39m "/Users/ips-162/Library/Android/sdk/platform-tools/adb" -s ZD22227Q7K pull "/sdcard/17513478_0.log" "artifacts/android.att.debug.2025-12-17 11-35-11Z/ZD22227Q7K 2025-12-17 11-35-52Z.startup.log"
17:05:52.594 detox[20097] [90mi[39m /sdcard/17513478_0.log: 1 file pulled, 0 skipped. 5.8 MB/s (72730 bytes in 0.012s)

17:05:52.594 detox[20097] [90mi[39m "/Users/ips-162/Library/Android/sdk/platform-tools/adb" -s ZD22227Q7K shell "rm  \"/sdcard/17513478_0.log\""
17:05:52.707 detox[20097] [90mi[39m 
17:05:52.847 detox[20097] [90mi[39m 
17:05:52.847 detox[20097] [90mi[39m stopping ADBScreencapRecording
17:05:52.847 detox[20097] [90mE[39m onTestDone
17:05:52.848 detox[20097] [90mE[39m should navigate from Home to Details screen
17:05:52.848 detox[20097] [90mi[39m Navigation Between Core Screens: should navigate from Home to Details screen [OK]
17:05:52.849 detox[20097] [90mB[39m should navigate from Details to Profile screen
17:05:52.849 detox[20097] [90mi[39m Navigation Between Core Screens: should navigate from Details to Profile screen
17:05:52.850 detox[20097] [90mB[39m onTestStart
  args: ({"title":"should navigate from Details to Profile screen","fullName":"Navigation Between Core Screens should navigate from Details to Profile screen","status":"running","invocations":1})
17:05:52.850 detox[20097] [90mi[39m starting ADBLogcatRecording
17:05:52.851 detox[20097] [90mi[39m /Users/ips-162/Library/Android/sdk/platform-tools/adb -s ZD22227Q7K shell "logcat -T \"12-17 17:06:56.000\" --pid=24414 -f /sdcard/17513478_4.log"
17:05:52.851 detox[20097] [90mE[39m onTestStart
17:05:52.851 detox[20097] [90mB[39m beforeEach
17:05:52.851 detox[20097] [90mE[39m beforeEach
17:05:52.852 detox[20097] [90mB[39m test_fn
17:05:52.852 detox[20097] [90mi[39m  Testing Details → Profile navigation
17:05:52.853 detox[20097] [90mi[39m send message
  data: {"type":"invoke","params":{"target":{"type":"Class","value":"com.wix.detox.espresso.EspressoDetox"},"method":"perform","args":[{"type":"Invocation","value":{"target":{"type":"Class","value":"com.wix.detox.espresso.DetoxMatcher"},"method":"matcherForTestId","args":["details-tab",{"type":"boolean","value":false}]}},{"type":"Invocation","value":{"target":{"type":"Class","value":"com.wix.detox.espresso.DetoxViewActions"},"method":"click","args":[]}}]},"messageId":14}
17:05:52.853 detox[20097] [90mB[39m tap
  data: {
    "target": {
      "type": "Class",
      "value": "com.wix.detox.espresso.EspressoDetox"
    },
    "method": "perform",
    "args": [
      {
        "type": "Invocation",
        "value": {
          "target": {
            "type": "Class",
            "value": "com.wix.detox.espresso.DetoxMatcher"
          },
          "method": "matcherForTestId",
          "args": [
            "details-tab",
            {
              "type": "boolean",
              "value": false
            }
          ]
        }
      },
      {
        "type": "Invocation",
        "value": {
          "target": {
            "type": "Class",
            "value": "com.wix.detox.espresso.DetoxViewActions"
          },
          "method": "click",
          "args": []
        }
      }
    ]
  }
17:05:52.854 detox[20096] [90mi[39m get
  data: {"type":"invoke","params":{"target":{"type":"Class","value":"com.wix.detox.espresso.EspressoDetox"},"method":"perform","args":[{"type":"Invocation","value":{"target":{"type":"Class","value":"com.wix.detox.espresso.DetoxMatcher"},"method":"matcherForTestId","args":["details-tab",{"type":"boolean","value":false}]}},{"type":"Invocation","value":{"target":{"type":"Class","value":"com.wix.detox.espresso.DetoxViewActions"},"method":"click","args":[]}}]},"messageId":14}
17:05:52.854 detox[20096] [90mi[39m send
  data: {
    "type": "invoke",
    "params": {
      "target": {
        "type": "Class",
        "value": "com.wix.detox.espresso.EspressoDetox"
      },
      "method": "perform",
      "args": [
        {
          "type": "Invocation",
          "value": {
            "target": {
              "type": "Class",
              "value": "com.wix.detox.espresso.DetoxMatcher"
            },
            "method": "matcherForTestId",
            "args": [
              "details-tab",
              {
                "type": "boolean",
                "value": false
              }
            ]
          }
        },
        {
          "type": "Invocation",
          "value": {
            "target": {
              "type": "Class",
              "value": "com.wix.detox.espresso.DetoxViewActions"
            },
            "method": "click",
            "args": []
          }
        }
      ]
    },
    "messageId": 14
  }
17:05:52.854 detox[20097] [90mi[39m saving FileArtifact to: artifacts/android.att.debug.2025-12-17 11-35-11Z/✓ Navigation Between Core Screens should navigate from Home to Details screen/navigation-test-screenshot.png
17:05:52.858 detox[20097] [90mi[39m moving "/private/var/folders/r0/j9yltjr10ysg22c7l5sx938r0000gn/T/detox-20097-gZf7xs.detox.png" to artifacts/android.att.debug.2025-12-17 11-35-11Z/✓ Navigation Between Core Screens should navigate from Home to Details screen/navigation-test-screenshot.png
17:05:52.865 detox[20097] [90mi[39m saving ADBScreencapRecording to: artifacts/android.att.debug.2025-12-17 11-35-11Z/✓ Navigation Between Core Screens should navigate from Home to Details screen/testDone.png
17:05:52.865 detox[20097] [90mi[39m "/Users/ips-162/Library/Android/sdk/platform-tools/adb" -s ZD22227Q7K pull "/sdcard/17513478_3.png" "artifacts/android.att.debug.2025-12-17 11-35-11Z/✓ Navigation Between Core Screens should navigate from Home to Details screen/testDone.png"
17:05:52.894 detox[20097] [90mi[39m /sdcard/17513478_3.png: 1 file pulled, 0 skipped. 7.1 MB/s (53648 bytes in 0.007s)

17:05:52.895 detox[20097] [90mi[39m "/Users/ips-162/Library/Android/sdk/platform-tools/adb" -s ZD22227Q7K shell "rm  \"/sdcard/17513478_3.png\""
17:05:52.963 detox[20097] [90mi[39m 
17:05:53.151 detox[20097] [90mi[39m "/Users/ips-162/Library/Android/sdk/platform-tools/adb" -s ZD22227Q7K shell du /sdcard/17513478_4.log
17:05:53.217 detox[20097] [90mi[39m 0	/sdcard/17513478_4.log

17:05:53.306 detox[20096] [90mi[39m get
  data: {"messageId":14,"type":"invokeResult","params":{"result":null}}
17:05:53.306 detox[20096] [90mi[39m send
  data: {
    "messageId": 14,
    "type": "invokeResult",
    "params": {
      "result": null
    }
  }
17:05:53.306 detox[20097] [90mi[39m get message
  data: {"messageId":14,"type":"invokeResult","params":{"result":null}}
   
17:05:53.306 detox[20097] [90mE[39m tap
17:05:54.312 detox[20097] [90mi[39m  On Details screen
17:05:54.313 detox[20097] [90mi[39m send message
  data: {"type":"invoke","params":{"target":{"type":"Class","value":"com.wix.detox.espresso.EspressoDetox"},"method":"perform","args":[{"type":"Invocation","value":{"target":{"type":"Class","value":"com.wix.detox.espresso.DetoxMatcher"},"method":"matcherForTestId","args":["profile-tab",{"type":"boolean","value":false}]}},{"type":"Invocation","value":{"target":{"type":"Class","value":"com.wix.detox.espresso.DetoxViewActions"},"method":"click","args":[]}}]},"messageId":15}
17:05:54.313 detox[20097] [90mB[39m tap
  data: {
    "target": {
      "type": "Class",
      "value": "com.wix.detox.espresso.EspressoDetox"
    },
    "method": "perform",
    "args": [
      {
        "type": "Invocation",
        "value": {
          "target": {
            "type": "Class",
            "value": "com.wix.detox.espresso.DetoxMatcher"
          },
          "method": "matcherForTestId",
          "args": [
            "profile-tab",
            {
              "type": "boolean",
              "value": false
            }
          ]
        }
      },
      {
        "type": "Invocation",
        "value": {
          "target": {
            "type": "Class",
            "value": "com.wix.detox.espresso.DetoxViewActions"
          },
          "method": "click",
          "args": []
        }
      }
    ]
  }
17:05:54.314 detox[20096] [90mi[39m get
  data: {"type":"invoke","params":{"target":{"type":"Class","value":"com.wix.detox.espresso.EspressoDetox"},"method":"perform","args":[{"type":"Invocation","value":{"target":{"type":"Class","value":"com.wix.detox.espresso.DetoxMatcher"},"method":"matcherForTestId","args":["profile-tab",{"type":"boolean","value":false}]}},{"type":"Invocation","value":{"target":{"type":"Class","value":"com.wix.detox.espresso.DetoxViewActions"},"method":"click","args":[]}}]},"messageId":15}
17:05:54.314 detox[20096] [90mi[39m send
  data: {
    "type": "invoke",
    "params": {
      "target": {
        "type": "Class",
        "value": "com.wix.detox.espresso.EspressoDetox"
      },
      "method": "perform",
      "args": [
        {
          "type": "Invocation",
          "value": {
            "target": {
              "type": "Class",
              "value": "com.wix.detox.espresso.DetoxMatcher"
            },
            "method": "matcherForTestId",
            "args": [
              "profile-tab",
              {
                "type": "boolean",
                "value": false
              }
            ]
          }
        },
        {
          "type": "Invocation",
          "value": {
            "target": {
              "type": "Class",
              "value": "com.wix.detox.espresso.DetoxViewActions"
            },
            "method": "click",
            "args": []
          }
        }
      ]
    },
    "messageId": 15
  }
17:05:55.318 detox[20096] [90mi[39m get
  data: {"messageId":15,"type":"invokeResult","params":{"result":null}}
17:05:55.318 detox[20096] [90mi[39m send
  data: {
    "messageId": 15,
    "type": "invokeResult",
    "params": {
      "result": null
    }
  }
17:05:55.318 detox[20097] [90mi[39m get message
  data: {"messageId":15,"type":"invokeResult","params":{"result":null}}
   
17:05:55.318 detox[20097] [90mE[39m tap
17:05:55.319 detox[20097] [90mi[39m  Tapped Profile tab
17:05:56.824 detox[20097] [90mi[39m send message
  data: {"type":"invoke","params":{"target":{"type":"Class","value":"com.wix.detox.espresso.DetoxAssertion"},"method":"assertMatcher","args":[{"type":"Invocation","value":{"target":{"type":"Class","value":"androidx.test.espresso.Espresso"},"method":"onView","args":[{"type":"Invocation","value":{"target":{"type":"Class","value":"com.wix.detox.espresso.DetoxMatcher"},"method":"matcherForTestId","args":["profile-screen-root",{"type":"boolean","value":false}]}}]}},{"type":"Invocation","value":{"target":{"type":"Class","value":"com.wix.detox.espresso.DetoxMatcher"},"method":"matcherForSufficientlyVisible","args":[{"type":"Integer","value":75}]}}]},"messageId":16}
17:05:56.825 detox[20096] [90mi[39m get
  data: {"type":"invoke","params":{"target":{"type":"Class","value":"com.wix.detox.espresso.DetoxAssertion"},"method":"assertMatcher","args":[{"type":"Invocation","value":{"target":{"type":"Class","value":"androidx.test.espresso.Espresso"},"method":"onView","args":[{"type":"Invocation","value":{"target":{"type":"Class","value":"com.wix.detox.espresso.DetoxMatcher"},"method":"matcherForTestId","args":["profile-screen-root",{"type":"boolean","value":false}]}}]}},{"type":"Invocation","value":{"target":{"type":"Class","value":"com.wix.detox.espresso.DetoxMatcher"},"method":"matcherForSufficientlyVisible","args":[{"type":"Integer","value":75}]}}]},"messageId":16}
17:05:56.825 detox[20096] [90mi[39m send
  data: {
    "type": "invoke",
    "params": {
      "target": {
        "type": "Class",
        "value": "com.wix.detox.espresso.DetoxAssertion"
      },
      "method": "assertMatcher",
      "args": [
        {
          "type": "Invocation",
          "value": {
            "target": {
              "type": "Class",
              "value": "androidx.test.espresso.Espresso"
            },
            "method": "onView",
            "args": [
              {
                "type": "Invocation",
                "value": {
                  "target": {
                    "type": "Class",
                    "value": "com.wix.detox.espresso.DetoxMatcher"
                  },
                  "method": "matcherForTestId",
                  "args": [
                    "profile-screen-root",
                    {
                      "type": "boolean",
                      "value": false
                    }
                  ]
                }
              }
            ]
          }
        },
        {
          "type": "Invocation",
          "value": {
            "target": {
              "type": "Class",
              "value": "com.wix.detox.espresso.DetoxMatcher"
            },
            "method": "matcherForSufficientlyVisible",
            "args": [
              {
                "type": "Integer",
                "value": 75
              }
            ]
          }
        }
      ]
    },
    "messageId": 16
  }
17:05:56.825 detox[20097] [90mB[39m expect element to be visible
  data: {
    "target": {
      "type": "Class",
      "value": "com.wix.detox.espresso.DetoxAssertion"
    },
    "method": "assertMatcher",
    "args": [
      {
        "type": "Invocation",
        "value": {
          "target": {
            "type": "Class",
            "value": "androidx.test.espresso.Espresso"
          },
          "method": "onView",
          "args": [
            {
              "type": "Invocation",
              "value": {
                "target": {
                  "type": "Class",
                  "value": "com.wix.detox.espresso.DetoxMatcher"
                },
                "method": "matcherForTestId",
                "args": [
                  "profile-screen-root",
                  {
                    "type": "boolean",
                    "value": false
                  }
                ]
              }
            }
          ]
        }
      },
      {
        "type": "Invocation",
        "value": {
          "target": {
            "type": "Class",
            "value": "com.wix.detox.espresso.DetoxMatcher"
          },
          "method": "matcherForSufficientlyVisible",
          "args": [
            {
              "type": "Integer",
              "value": 75
            }
          ]
        }
      }
    ]
  }
17:05:56.885 detox[20096] [90mi[39m get
  data: {"messageId":16,"type":"invokeResult","params":{"result":null}}
17:05:56.885 detox[20096] [90mi[39m send
  data: {
    "messageId": 16,
    "type": "invokeResult",
    "params": {
      "result": null
    }
  }
17:05:56.886 detox[20097] [90mi[39m get message
  data: {"messageId":16,"type":"invokeResult","params":{"result":null}}
   
17:05:56.886 detox[20097] [90mE[39m expect element to be visible
17:05:56.886 detox[20097] [90mi[39m send message
  data: {"type":"invoke","params":{"target":{"type":"Class","value":"com.wix.detox.espresso.DetoxAssertion"},"method":"assertMatcher","args":[{"type":"Invocation","value":{"target":{"type":"Class","value":"androidx.test.espresso.Espresso"},"method":"onView","args":[{"type":"Invocation","value":{"target":{"type":"Class","value":"com.wix.detox.espresso.DetoxMatcher"},"method":"matcherForTestId","args":["profile-title",{"type":"boolean","value":false}]}}]}},{"type":"Invocation","value":{"target":{"type":"Class","value":"com.wix.detox.espresso.DetoxMatcher"},"method":"matcherForSufficientlyVisible","args":[{"type":"Integer","value":75}]}}]},"messageId":17}
17:05:56.887 detox[20097] [90mB[39m expect element to be visible
  data: {
    "target": {
      "type": "Class",
      "value": "com.wix.detox.espresso.DetoxAssertion"
    },
    "method": "assertMatcher",
    "args": [
      {
        "type": "Invocation",
        "value": {
          "target": {
            "type": "Class",
            "value": "androidx.test.espresso.Espresso"
          },
          "method": "onView",
          "args": [
            {
              "type": "Invocation",
              "value": {
                "target": {
                  "type": "Class",
                  "value": "com.wix.detox.espresso.DetoxMatcher"
                },
                "method": "matcherForTestId",
                "args": [
                  "profile-title",
                  {
                    "type": "boolean",
                    "value": false
                  }
                ]
              }
            }
          ]
        }
      },
      {
        "type": "Invocation",
        "value": {
          "target": {
            "type": "Class",
            "value": "com.wix.detox.espresso.DetoxMatcher"
          },
          "method": "matcherForSufficientlyVisible",
          "args": [
            {
              "type": "Integer",
              "value": 75
            }
          ]
        }
      }
    ]
  }
17:05:56.888 detox[20096] [90mi[39m get
  data: {"type":"invoke","params":{"target":{"type":"Class","value":"com.wix.detox.espresso.DetoxAssertion"},"method":"assertMatcher","args":[{"type":"Invocation","value":{"target":{"type":"Class","value":"androidx.test.espresso.Espresso"},"method":"onView","args":[{"type":"Invocation","value":{"target":{"type":"Class","value":"com.wix.detox.espresso.DetoxMatcher"},"method":"matcherForTestId","args":["profile-title",{"type":"boolean","value":false}]}}]}},{"type":"Invocation","value":{"target":{"type":"Class","value":"com.wix.detox.espresso.DetoxMatcher"},"method":"matcherForSufficientlyVisible","args":[{"type":"Integer","value":75}]}}]},"messageId":17}
17:05:56.888 detox[20096] [90mi[39m send
  data: {
    "type": "invoke",
    "params": {
      "target": {
        "type": "Class",
        "value": "com.wix.detox.espresso.DetoxAssertion"
      },
      "method": "assertMatcher",
      "args": [
        {
          "type": "Invocation",
          "value": {
            "target": {
              "type": "Class",
              "value": "androidx.test.espresso.Espresso"
            },
            "method": "onView",
            "args": [
              {
                "type": "Invocation",
                "value": {
                  "target": {
                    "type": "Class",
                    "value": "com.wix.detox.espresso.DetoxMatcher"
                  },
                  "method": "matcherForTestId",
                  "args": [
                    "profile-title",
                    {
                      "type": "boolean",
                      "value": false
                    }
                  ]
                }
              }
            ]
          }
        },
        {
          "type": "Invocation",
          "value": {
            "target": {
              "type": "Class",
              "value": "com.wix.detox.espresso.DetoxMatcher"
            },
            "method": "matcherForSufficientlyVisible",
            "args": [
              {
                "type": "Integer",
                "value": 75
              }
            ]
          }
        }
      ]
    },
    "messageId": 17
  }
17:05:56.924 detox[20096] [90mi[39m get
  data: {"messageId":17,"type":"invokeResult","params":{"result":null}}
17:05:56.924 detox[20096] [90mi[39m send
  data: {
    "messageId": 17,
    "type": "invokeResult",
    "params": {
      "result": null
    }
  }
17:05:56.924 detox[20097] [90mi[39m get message
  data: {"messageId":17,"type":"invokeResult","params":{"result":null}}
   
17:05:56.925 detox[20097] [90mE[39m expect element to be visible
17:05:56.925 detox[20097] [90mi[39m send message
  data: {"type":"invoke","params":{"target":{"type":"Class","value":"com.wix.detox.espresso.DetoxAssertion"},"method":"assertMatcher","args":[{"type":"Invocation","value":{"target":{"type":"Class","value":"androidx.test.espresso.Espresso"},"method":"onView","args":[{"type":"Invocation","value":{"target":{"type":"Class","value":"com.wix.detox.espresso.DetoxMatcher"},"method":"matcherForTestId","args":["profile-user-name",{"type":"boolean","value":false}]}}]}},{"type":"Invocation","value":{"target":{"type":"Class","value":"com.wix.detox.espresso.DetoxMatcher"},"method":"matcherForSufficientlyVisible","args":[{"type":"Integer","value":75}]}}]},"messageId":18}
17:05:56.925 detox[20097] [90mB[39m expect element to be visible
  data: {
    "target": {
      "type": "Class",
      "value": "com.wix.detox.espresso.DetoxAssertion"
    },
    "method": "assertMatcher",
    "args": [
      {
        "type": "Invocation",
        "value": {
          "target": {
            "type": "Class",
            "value": "androidx.test.espresso.Espresso"
          },
          "method": "onView",
          "args": [
            {
              "type": "Invocation",
              "value": {
                "target": {
                  "type": "Class",
                  "value": "com.wix.detox.espresso.DetoxMatcher"
                },
                "method": "matcherForTestId",
                "args": [
                  "profile-user-name",
                  {
                    "type": "boolean",
                    "value": false
                  }
                ]
              }
            }
          ]
        }
      },
      {
        "type": "Invocation",
        "value": {
          "target": {
            "type": "Class",
            "value": "com.wix.detox.espresso.DetoxMatcher"
          },
          "method": "matcherForSufficientlyVisible",
          "args": [
            {
              "type": "Integer",
              "value": 75
            }
          ]
        }
      }
    ]
  }
17:05:56.926 detox[20096] [90mi[39m get
  data: {"type":"invoke","params":{"target":{"type":"Class","value":"com.wix.detox.espresso.DetoxAssertion"},"method":"assertMatcher","args":[{"type":"Invocation","value":{"target":{"type":"Class","value":"androidx.test.espresso.Espresso"},"method":"onView","args":[{"type":"Invocation","value":{"target":{"type":"Class","value":"com.wix.detox.espresso.DetoxMatcher"},"method":"matcherForTestId","args":["profile-user-name",{"type":"boolean","value":false}]}}]}},{"type":"Invocation","value":{"target":{"type":"Class","value":"com.wix.detox.espresso.DetoxMatcher"},"method":"matcherForSufficientlyVisible","args":[{"type":"Integer","value":75}]}}]},"messageId":18}
17:05:56.926 detox[20096] [90mi[39m send
  data: {
    "type": "invoke",
    "params": {
      "target": {
        "type": "Class",
        "value": "com.wix.detox.espresso.DetoxAssertion"
      },
      "method": "assertMatcher",
      "args": [
        {
          "type": "Invocation",
          "value": {
            "target": {
              "type": "Class",
              "value": "androidx.test.espresso.Espresso"
            },
            "method": "onView",
            "args": [
              {
                "type": "Invocation",
                "value": {
                  "target": {
                    "type": "Class",
                    "value": "com.wix.detox.espresso.DetoxMatcher"
                  },
                  "method": "matcherForTestId",
                  "args": [
                    "profile-user-name",
                    {
                      "type": "boolean",
                      "value": false
                    }
                  ]
                }
              }
            ]
          }
        },
        {
          "type": "Invocation",
          "value": {
            "target": {
              "type": "Class",
              "value": "com.wix.detox.espresso.DetoxMatcher"
            },
            "method": "matcherForSufficientlyVisible",
            "args": [
              {
                "type": "Integer",
                "value": 75
              }
            ]
          }
        }
      ]
    },
    "messageId": 18
  }
17:05:56.982 detox[20096] [90mi[39m get
  data: {"messageId":18,"type":"invokeResult","params":{"result":null}}
17:05:56.982 detox[20096] [90mi[39m send
  data: {
    "messageId": 18,
    "type": "invokeResult",
    "params": {
      "result": null
    }
  }
17:05:56.982 detox[20097] [90mi[39m get message
  data: {"messageId":18,"type":"invokeResult","params":{"result":null}}
   
17:05:56.983 detox[20097] [90mE[39m expect element to be visible
17:05:56.983 detox[20097] [90mi[39m  Successfully navigated to Profile screen
17:05:56.983 detox[20097] [90mE[39m test_fn
17:05:56.983 detox[20097] [90mB[39m afterEach
17:05:56.984 detox[20097] [90mB[39m takeScreenshot
  args: ("navigation-test-screenshot")
17:05:56.984 detox[20097] [90mi[39m "/Users/ips-162/Library/Android/sdk/platform-tools/adb" -s ZD22227Q7K shell "screencap /sdcard/17513478_5.png"
17:05:57.636 detox[20097] [90mi[39m 
17:05:57.637 detox[20097] [90mi[39m "/Users/ips-162/Library/Android/sdk/platform-tools/adb" -s ZD22227Q7K pull "/sdcard/17513478_5.png" "/private/var/folders/r0/j9yltjr10ysg22c7l5sx938r0000gn/T/detox-20097-quofV0.detox.png"
17:05:57.673 detox[20097] [90mi[39m /sdcard/17513478_5.png: 1 file pulled, 0 skipped. 12.3 MB/s (118289 bytes in 0.009s)

17:05:57.673 detox[20097] [90mi[39m "/Users/ips-162/Library/Android/sdk/platform-tools/adb" -s ZD22227Q7K shell "rm  \"/sdcard/17513478_5.png\""
17:05:57.775 detox[20097] [90mi[39m 
17:05:57.775 detox[20097] [90mB[39m onCreateExternalArtifact
  args: ({"pluginId":"screenshot","artifactName":"navigation-test-screenshot","artifactPath":"/private/var/folders/r0/j9yltjr10ysg22c7l5sx938r0000gn/T/detox-20097-quofV0.detox.png"})
17:05:57.775 detox[20097] [90mi[39m starting FileArtifact
17:05:57.775 detox[20097] [90mi[39m stopping FileArtifact
17:05:57.775 detox[20097] [90mE[39m onCreateExternalArtifact
17:05:57.775 detox[20097] [90mE[39m takeScreenshot
17:05:57.775 detox[20097] [90mE[39m afterEach
17:05:57.775 detox[20097] [90mB[39m onTestDone
  args: ({"title":"should navigate from Details to Profile screen","fullName":"Navigation Between Core Screens should navigate from Details to Profile screen","status":"passed","invocations":1})
17:05:57.776 detox[20097] [90mi[39m stopping ADBLogcatRecording
17:05:57.776 detox[20097] [90mi[39m starting ADBScreencapRecording
17:05:57.776 detox[20097] [90mi[39m "/Users/ips-162/Library/Android/sdk/platform-tools/adb" -s ZD22227Q7K shell "screencap /sdcard/17513478_6.png"
17:05:57.777 detox[20097] [90mi[39m "/Users/ips-162/Library/Android/sdk/platform-tools/adb" -s ZD22227Q7K shell "date +\"%m-%d %T.000\""
17:05:57.860 detox[20097] [90mi[39m 12-17 17:07:01.000

17:05:57.861 detox[20097] [90mi[39m sending SIGINT to: /Users/ips-162/Library/Android/sdk/platform-tools/adb -s ZD22227Q7K shell logcat -T "12-17 17:06:56.000" --pid=24414 -f /sdcard/17513478_4.log
17:05:57.862 detox[20097] [90mi[39m /Users/ips-162/Library/Android/sdk/platform-tools/adb -s ZD22227Q7K shell "logcat -T \"12-17 17:06:56.000\" --pid=24414 -f /sdcard/17513478_4.log" terminated with SIGINT
17:05:57.863 detox[20097] [90mi[39m saving ADBLogcatRecording to: artifacts/android.att.debug.2025-12-17 11-35-11Z/✓ Navigation Between Core Screens should navigate from Details to Profile screen/device.log
17:05:57.863 detox[20097] [90mi[39m "/Users/ips-162/Library/Android/sdk/platform-tools/adb" -s ZD22227Q7K pull "/sdcard/17513478_4.log" "artifacts/android.att.debug.2025-12-17 11-35-11Z/✓ Navigation Between Core Screens should navigate from Details to Profile screen/device.log"
17:05:57.888 detox[20097] [90mi[39m /sdcard/17513478_4.log: 1 file pulled, 0 skipped. 3.2 MB/s (9574 bytes in 0.003s)

17:05:57.888 detox[20097] [90mi[39m "/Users/ips-162/Library/Android/sdk/platform-tools/adb" -s ZD22227Q7K shell "rm  \"/sdcard/17513478_4.log\""
17:05:57.960 detox[20097] [90mi[39m 
17:05:58.238 detox[20097] [90mi[39m 
17:05:58.238 detox[20097] [90mi[39m stopping ADBScreencapRecording
17:05:58.239 detox[20097] [90mE[39m onTestDone
17:05:58.239 detox[20097] [90mE[39m should navigate from Details to Profile screen
17:05:58.239 detox[20097] [90mi[39m Navigation Between Core Screens: should navigate from Details to Profile screen [OK]
17:05:58.240 detox[20097] [90mB[39m should navigate back to Home from Profile
17:05:58.240 detox[20097] [90mi[39m Navigation Between Core Screens: should navigate back to Home from Profile
17:05:58.241 detox[20097] [90mB[39m onTestStart
  args: ({"title":"should navigate back to Home from Profile","fullName":"Navigation Between Core Screens should navigate back to Home from Profile","status":"running","invocations":1})
17:05:58.241 detox[20097] [90mi[39m starting ADBLogcatRecording
17:05:58.245 detox[20097] [90mi[39m /Users/ips-162/Library/Android/sdk/platform-tools/adb -s ZD22227Q7K shell "logcat -T \"12-17 17:07:01.000\" --pid=24414 -f /sdcard/17513478_7.log"
17:05:58.245 detox[20097] [90mE[39m onTestStart
17:05:58.245 detox[20097] [90mB[39m beforeEach
17:05:58.245 detox[20097] [90mE[39m beforeEach
17:05:58.245 detox[20097] [90mB[39m test_fn
17:05:58.246 detox[20097] [90mi[39m  Testing Profile → Home navigation
17:05:58.246 detox[20097] [90mi[39m send message
  data: {"type":"invoke","params":{"target":{"type":"Class","value":"com.wix.detox.espresso.EspressoDetox"},"method":"perform","args":[{"type":"Invocation","value":{"target":{"type":"Class","value":"com.wix.detox.espresso.DetoxMatcher"},"method":"matcherForTestId","args":["profile-tab",{"type":"boolean","value":false}]}},{"type":"Invocation","value":{"target":{"type":"Class","value":"com.wix.detox.espresso.DetoxViewActions"},"method":"click","args":[]}}]},"messageId":19}
17:05:58.248 detox[20097] [90mB[39m tap
  data: {
    "target": {
      "type": "Class",
      "value": "com.wix.detox.espresso.EspressoDetox"
    },
    "method": "perform",
    "args": [
      {
        "type": "Invocation",
        "value": {
          "target": {
            "type": "Class",
            "value": "com.wix.detox.espresso.DetoxMatcher"
          },
          "method": "matcherForTestId",
          "args": [
            "profile-tab",
            {
              "type": "boolean",
              "value": false
            }
          ]
        }
      },
      {
        "type": "Invocation",
        "value": {
          "target": {
            "type": "Class",
            "value": "com.wix.detox.espresso.DetoxViewActions"
          },
          "method": "click",
          "args": []
        }
      }
    ]
  }
17:05:58.249 detox[20096] [90mi[39m get
  data: {"type":"invoke","params":{"target":{"type":"Class","value":"com.wix.detox.espresso.EspressoDetox"},"method":"perform","args":[{"type":"Invocation","value":{"target":{"type":"Class","value":"com.wix.detox.espresso.DetoxMatcher"},"method":"matcherForTestId","args":["profile-tab",{"type":"boolean","value":false}]}},{"type":"Invocation","value":{"target":{"type":"Class","value":"com.wix.detox.espresso.DetoxViewActions"},"method":"click","args":[]}}]},"messageId":19}
17:05:58.249 detox[20096] [90mi[39m send
  data: {
    "type": "invoke",
    "params": {
      "target": {
        "type": "Class",
        "value": "com.wix.detox.espresso.EspressoDetox"
      },
      "method": "perform",
      "args": [
        {
          "type": "Invocation",
          "value": {
            "target": {
              "type": "Class",
              "value": "com.wix.detox.espresso.DetoxMatcher"
            },
            "method": "matcherForTestId",
            "args": [
              "profile-tab",
              {
                "type": "boolean",
                "value": false
              }
            ]
          }
        },
        {
          "type": "Invocation",
          "value": {
            "target": {
              "type": "Class",
              "value": "com.wix.detox.espresso.DetoxViewActions"
            },
            "method": "click",
            "args": []
          }
        }
      ]
    },
    "messageId": 19
  }
17:05:58.249 detox[20097] [90mi[39m saving FileArtifact to: artifacts/android.att.debug.2025-12-17 11-35-11Z/✓ Navigation Between Core Screens should navigate from Details to Profile screen/navigation-test-screenshot.png
17:05:58.250 detox[20097] [90mi[39m moving "/private/var/folders/r0/j9yltjr10ysg22c7l5sx938r0000gn/T/detox-20097-quofV0.detox.png" to artifacts/android.att.debug.2025-12-17 11-35-11Z/✓ Navigation Between Core Screens should navigate from Details to Profile screen/navigation-test-screenshot.png
17:05:58.252 detox[20097] [90mi[39m saving ADBScreencapRecording to: artifacts/android.att.debug.2025-12-17 11-35-11Z/✓ Navigation Between Core Screens should navigate from Details to Profile screen/testDone.png
17:05:58.252 detox[20097] [90mi[39m "/Users/ips-162/Library/Android/sdk/platform-tools/adb" -s ZD22227Q7K pull "/sdcard/17513478_6.png" "artifacts/android.att.debug.2025-12-17 11-35-11Z/✓ Navigation Between Core Screens should navigate from Details to Profile screen/testDone.png"
17:05:58.309 detox[20097] [90mi[39m /sdcard/17513478_6.png: 1 file pulled, 0 skipped. 8.6 MB/s (118289 bytes in 0.013s)

17:05:58.309 detox[20097] [90mi[39m "/Users/ips-162/Library/Android/sdk/platform-tools/adb" -s ZD22227Q7K shell "rm  \"/sdcard/17513478_6.png\""
17:05:58.384 detox[20097] [90mi[39m 
17:05:58.546 detox[20097] [90mi[39m "/Users/ips-162/Library/Android/sdk/platform-tools/adb" -s ZD22227Q7K shell du /sdcard/17513478_7.log
17:05:58.624 detox[20097] [90mi[39m 0	/sdcard/17513478_7.log

17:05:58.789 detox[20096] [90mi[39m get
  data: {"messageId":19,"type":"invokeResult","params":{"result":null}}
17:05:58.789 detox[20096] [90mi[39m send
  data: {
    "messageId": 19,
    "type": "invokeResult",
    "params": {
      "result": null
    }
  }
17:05:58.790 detox[20097] [90mi[39m get message
  data: {"messageId":19,"type":"invokeResult","params":{"result":null}}
   
17:05:58.790 detox[20097] [90mE[39m tap
17:05:59.793 detox[20097] [90mi[39m  On Profile screen
17:05:59.794 detox[20096] [90mi[39m get
  data: {"type":"invoke","params":{"target":{"type":"Class","value":"com.wix.detox.espresso.EspressoDetox"},"method":"perform","args":[{"type":"Invocation","value":{"target":{"type":"Class","value":"com.wix.detox.espresso.DetoxMatcher"},"method":"matcherForTestId","args":["home-tab",{"type":"boolean","value":false}]}},{"type":"Invocation","value":{"target":{"type":"Class","value":"com.wix.detox.espresso.DetoxViewActions"},"method":"click","args":[]}}]},"messageId":20}
17:05:59.794 detox[20096] [90mi[39m send
  data: {
    "type": "invoke",
    "params": {
      "target": {
        "type": "Class",
        "value": "com.wix.detox.espresso.EspressoDetox"
      },
      "method": "perform",
      "args": [
        {
          "type": "Invocation",
          "value": {
            "target": {
              "type": "Class",
              "value": "com.wix.detox.espresso.DetoxMatcher"
            },
            "method": "matcherForTestId",
            "args": [
              "home-tab",
              {
                "type": "boolean",
                "value": false
              }
            ]
          }
        },
        {
          "type": "Invocation",
          "value": {
            "target": {
              "type": "Class",
              "value": "com.wix.detox.espresso.DetoxViewActions"
            },
            "method": "click",
            "args": []
          }
        }
      ]
    },
    "messageId": 20
  }
17:05:59.794 detox[20097] [90mi[39m send message
  data: {"type":"invoke","params":{"target":{"type":"Class","value":"com.wix.detox.espresso.EspressoDetox"},"method":"perform","args":[{"type":"Invocation","value":{"target":{"type":"Class","value":"com.wix.detox.espresso.DetoxMatcher"},"method":"matcherForTestId","args":["home-tab",{"type":"boolean","value":false}]}},{"type":"Invocation","value":{"target":{"type":"Class","value":"com.wix.detox.espresso.DetoxViewActions"},"method":"click","args":[]}}]},"messageId":20}
17:05:59.794 detox[20097] [90mB[39m tap
  data: {
    "target": {
      "type": "Class",
      "value": "com.wix.detox.espresso.EspressoDetox"
    },
    "method": "perform",
    "args": [
      {
        "type": "Invocation",
        "value": {
          "target": {
            "type": "Class",
            "value": "com.wix.detox.espresso.DetoxMatcher"
          },
          "method": "matcherForTestId",
          "args": [
            "home-tab",
            {
              "type": "boolean",
              "value": false
            }
          ]
        }
      },
      {
        "type": "Invocation",
        "value": {
          "target": {
            "type": "Class",
            "value": "com.wix.detox.espresso.DetoxViewActions"
          },
          "method": "click",
          "args": []
        }
      }
    ]
  }
17:06:00.581 detox[20096] [90mi[39m get
  data: {"messageId":20,"type":"invokeResult","params":{"result":null}}
17:06:00.582 detox[20096] [90mi[39m send
  data: {
    "messageId": 20,
    "type": "invokeResult",
    "params": {
      "result": null
    }
  }
17:06:00.582 detox[20097] [90mi[39m get message
  data: {"messageId":20,"type":"invokeResult","params":{"result":null}}
   
17:06:00.582 detox[20097] [90mE[39m tap
17:06:00.582 detox[20097] [90mi[39m  Tapped Home tab
17:06:01.588 detox[20097] [90mi[39m send message
  data: {"type":"invoke","params":{"target":{"type":"Class","value":"com.wix.detox.espresso.DetoxAssertion"},"method":"assertMatcher","args":[{"type":"Invocation","value":{"target":{"type":"Class","value":"androidx.test.espresso.Espresso"},"method":"onView","args":[{"type":"Invocation","value":{"target":{"type":"Class","value":"com.wix.detox.espresso.DetoxMatcher"},"method":"matcherForTestId","args":["home-tab-root",{"type":"boolean","value":false}]}}]}},{"type":"Invocation","value":{"target":{"type":"Class","value":"com.wix.detox.espresso.DetoxMatcher"},"method":"matcherForSufficientlyVisible","args":[{"type":"Integer","value":75}]}}]},"messageId":21}
17:06:01.589 detox[20096] [90mi[39m get
  data: {"type":"invoke","params":{"target":{"type":"Class","value":"com.wix.detox.espresso.DetoxAssertion"},"method":"assertMatcher","args":[{"type":"Invocation","value":{"target":{"type":"Class","value":"androidx.test.espresso.Espresso"},"method":"onView","args":[{"type":"Invocation","value":{"target":{"type":"Class","value":"com.wix.detox.espresso.DetoxMatcher"},"method":"matcherForTestId","args":["home-tab-root",{"type":"boolean","value":false}]}}]}},{"type":"Invocation","value":{"target":{"type":"Class","value":"com.wix.detox.espresso.DetoxMatcher"},"method":"matcherForSufficientlyVisible","args":[{"type":"Integer","value":75}]}}]},"messageId":21}
17:06:01.589 detox[20096] [90mi[39m send
  data: {
    "type": "invoke",
    "params": {
      "target": {
        "type": "Class",
        "value": "com.wix.detox.espresso.DetoxAssertion"
      },
      "method": "assertMatcher",
      "args": [
        {
          "type": "Invocation",
          "value": {
            "target": {
              "type": "Class",
              "value": "androidx.test.espresso.Espresso"
            },
            "method": "onView",
            "args": [
              {
                "type": "Invocation",
                "value": {
                  "target": {
                    "type": "Class",
                    "value": "com.wix.detox.espresso.DetoxMatcher"
                  },
                  "method": "matcherForTestId",
                  "args": [
                    "home-tab-root",
                    {
                      "type": "boolean",
                      "value": false
                    }
                  ]
                }
              }
            ]
          }
        },
        {
          "type": "Invocation",
          "value": {
            "target": {
              "type": "Class",
              "value": "com.wix.detox.espresso.DetoxMatcher"
            },
            "method": "matcherForSufficientlyVisible",
            "args": [
              {
                "type": "Integer",
                "value": 75
              }
            ]
          }
        }
      ]
    },
    "messageId": 21
  }
17:06:01.589 detox[20097] [90mB[39m expect element to be visible
  data: {
    "target": {
      "type": "Class",
      "value": "com.wix.detox.espresso.DetoxAssertion"
    },
    "method": "assertMatcher",
    "args": [
      {
        "type": "Invocation",
        "value": {
          "target": {
            "type": "Class",
            "value": "androidx.test.espresso.Espresso"
          },
          "method": "onView",
          "args": [
            {
              "type": "Invocation",
              "value": {
                "target": {
                  "type": "Class",
                  "value": "com.wix.detox.espresso.DetoxMatcher"
                },
                "method": "matcherForTestId",
                "args": [
                  "home-tab-root",
                  {
                    "type": "boolean",
                    "value": false
                  }
                ]
              }
            }
          ]
        }
      },
      {
        "type": "Invocation",
        "value": {
          "target": {
            "type": "Class",
            "value": "com.wix.detox.espresso.DetoxMatcher"
          },
          "method": "matcherForSufficientlyVisible",
          "args": [
            {
              "type": "Integer",
              "value": 75
            }
          ]
        }
      }
    ]
  }
17:06:01.658 detox[20096] [90mi[39m get
  data: {"messageId":21,"type":"invokeResult","params":{"result":null}}
17:06:01.658 detox[20096] [90mi[39m send
  data: {
    "messageId": 21,
    "type": "invokeResult",
    "params": {
      "result": null
    }
  }
17:06:01.660 detox[20097] [90mi[39m get message
  data: {"messageId":21,"type":"invokeResult","params":{"result":null}}
   
17:06:01.660 detox[20097] [90mE[39m expect element to be visible
17:06:01.660 detox[20097] [90mi[39m send message
  data: {"type":"invoke","params":{"target":{"type":"Class","value":"com.wix.detox.espresso.DetoxAssertion"},"method":"assertMatcher","args":[{"type":"Invocation","value":{"target":{"type":"Class","value":"androidx.test.espresso.Espresso"},"method":"onView","args":[{"type":"Invocation","value":{"target":{"type":"Class","value":"com.wix.detox.espresso.DetoxMatcher"},"method":"matcherForTestId","args":["welcome-title",{"type":"boolean","value":false}]}}]}},{"type":"Invocation","value":{"target":{"type":"Class","value":"com.wix.detox.espresso.DetoxMatcher"},"method":"matcherForSufficientlyVisible","args":[{"type":"Integer","value":75}]}}]},"messageId":22}
17:06:01.665 detox[20097] [90mB[39m expect element to be visible
  data: {
    "target": {
      "type": "Class",
      "value": "com.wix.detox.espresso.DetoxAssertion"
    },
    "method": "assertMatcher",
    "args": [
      {
        "type": "Invocation",
        "value": {
          "target": {
            "type": "Class",
            "value": "androidx.test.espresso.Espresso"
          },
          "method": "onView",
          "args": [
            {
              "type": "Invocation",
              "value": {
                "target": {
                  "type": "Class",
                  "value": "com.wix.detox.espresso.DetoxMatcher"
                },
                "method": "matcherForTestId",
                "args": [
                  "welcome-title",
                  {
                    "type": "boolean",
                    "value": false
                  }
                ]
              }
            }
          ]
        }
      },
      {
        "type": "Invocation",
        "value": {
          "target": {
            "type": "Class",
            "value": "com.wix.detox.espresso.DetoxMatcher"
          },
          "method": "matcherForSufficientlyVisible",
          "args": [
            {
              "type": "Integer",
              "value": 75
            }
          ]
        }
      }
    ]
  }
17:06:01.670 detox[20096] [90mi[39m get
  data: {"type":"invoke","params":{"target":{"type":"Class","value":"com.wix.detox.espresso.DetoxAssertion"},"method":"assertMatcher","args":[{"type":"Invocation","value":{"target":{"type":"Class","value":"androidx.test.espresso.Espresso"},"method":"onView","args":[{"type":"Invocation","value":{"target":{"type":"Class","value":"com.wix.detox.espresso.DetoxMatcher"},"method":"matcherForTestId","args":["welcome-title",{"type":"boolean","value":false}]}}]}},{"type":"Invocation","value":{"target":{"type":"Class","value":"com.wix.detox.espresso.DetoxMatcher"},"method":"matcherForSufficientlyVisible","args":[{"type":"Integer","value":75}]}}]},"messageId":22}
17:06:01.670 detox[20096] [90mi[39m send
  data: {
    "type": "invoke",
    "params": {
      "target": {
        "type": "Class",
        "value": "com.wix.detox.espresso.DetoxAssertion"
      },
      "method": "assertMatcher",
      "args": [
        {
          "type": "Invocation",
          "value": {
            "target": {
              "type": "Class",
              "value": "androidx.test.espresso.Espresso"
            },
            "method": "onView",
            "args": [
              {
                "type": "Invocation",
                "value": {
                  "target": {
                    "type": "Class",
                    "value": "com.wix.detox.espresso.DetoxMatcher"
                  },
                  "method": "matcherForTestId",
                  "args": [
                    "welcome-title",
                    {
                      "type": "boolean",
                      "value": false
                    }
                  ]
                }
              }
            ]
          }
        },
        {
          "type": "Invocation",
          "value": {
            "target": {
              "type": "Class",
              "value": "com.wix.detox.espresso.DetoxMatcher"
            },
            "method": "matcherForSufficientlyVisible",
            "args": [
              {
                "type": "Integer",
                "value": 75
              }
            ]
          }
        }
      ]
    },
    "messageId": 22
  }
17:06:01.756 detox[20096] [90mi[39m get
  data: {"messageId":22,"type":"invokeResult","params":{"result":null}}
17:06:01.756 detox[20096] [90mi[39m send
  data: {
    "messageId": 22,
    "type": "invokeResult",
    "params": {
      "result": null
    }
  }
17:06:01.756 detox[20097] [90mi[39m get message
  data: {"messageId":22,"type":"invokeResult","params":{"result":null}}
   
17:06:01.757 detox[20097] [90mE[39m expect element to be visible
17:06:01.757 detox[20097] [90mi[39m  Successfully navigated back to Home screen
17:06:01.757 detox[20097] [90mE[39m test_fn
17:06:01.757 detox[20097] [90mB[39m afterEach
17:06:01.758 detox[20097] [90mB[39m takeScreenshot
  args: ("navigation-test-screenshot")
17:06:01.758 detox[20097] [90mi[39m "/Users/ips-162/Library/Android/sdk/platform-tools/adb" -s ZD22227Q7K shell "screencap /sdcard/17513478_8.png"
17:06:02.315 detox[20097] [90mi[39m 
17:06:02.315 detox[20097] [90mi[39m "/Users/ips-162/Library/Android/sdk/platform-tools/adb" -s ZD22227Q7K pull "/sdcard/17513478_8.png" "/private/var/folders/r0/j9yltjr10ysg22c7l5sx938r0000gn/T/detox-20097-rjh3TL.detox.png"
17:06:02.344 detox[20097] [90mi[39m /sdcard/17513478_8.png: 1 file pulled, 0 skipped. 9.7 MB/s (55782 bytes in 0.005s)

17:06:02.344 detox[20097] [90mi[39m "/Users/ips-162/Library/Android/sdk/platform-tools/adb" -s ZD22227Q7K shell "rm  \"/sdcard/17513478_8.png\""
17:06:02.446 detox[20097] [90mi[39m 
17:06:02.446 detox[20097] [90mB[39m onCreateExternalArtifact
  args: ({"pluginId":"screenshot","artifactName":"navigation-test-screenshot","artifactPath":"/private/var/folders/r0/j9yltjr10ysg22c7l5sx938r0000gn/T/detox-20097-rjh3TL.detox.png"})
17:06:02.446 detox[20097] [90mi[39m starting FileArtifact
17:06:02.446 detox[20097] [90mi[39m stopping FileArtifact
17:06:02.446 detox[20097] [90mE[39m onCreateExternalArtifact
17:06:02.446 detox[20097] [90mE[39m takeScreenshot
17:06:02.446 detox[20097] [90mE[39m afterEach
17:06:02.447 detox[20097] [90mB[39m onTestDone
  args: ({"title":"should navigate back to Home from Profile","fullName":"Navigation Between Core Screens should navigate back to Home from Profile","status":"passed","invocations":1})
17:06:02.447 detox[20097] [90mi[39m stopping ADBLogcatRecording
17:06:02.447 detox[20097] [90mi[39m starting ADBScreencapRecording
17:06:02.447 detox[20097] [90mi[39m "/Users/ips-162/Library/Android/sdk/platform-tools/adb" -s ZD22227Q7K shell "screencap /sdcard/17513478_9.png"
17:06:02.449 detox[20097] [90mi[39m "/Users/ips-162/Library/Android/sdk/platform-tools/adb" -s ZD22227Q7K shell "date +\"%m-%d %T.000\""
17:06:02.551 detox[20097] [90mi[39m 12-17 17:07:06.000

17:06:02.553 detox[20097] [90mi[39m sending SIGINT to: /Users/ips-162/Library/Android/sdk/platform-tools/adb -s ZD22227Q7K shell logcat -T "12-17 17:07:01.000" --pid=24414 -f /sdcard/17513478_7.log
17:06:02.555 detox[20097] [90mi[39m /Users/ips-162/Library/Android/sdk/platform-tools/adb -s ZD22227Q7K shell "logcat -T \"12-17 17:07:01.000\" --pid=24414 -f /sdcard/17513478_7.log" terminated with SIGINT
17:06:02.555 detox[20097] [90mi[39m saving ADBLogcatRecording to: artifacts/android.att.debug.2025-12-17 11-35-11Z/✓ Navigation Between Core Screens should navigate back to Home from Profile/device.log
17:06:02.555 detox[20097] [90mi[39m "/Users/ips-162/Library/Android/sdk/platform-tools/adb" -s ZD22227Q7K pull "/sdcard/17513478_7.log" "artifacts/android.att.debug.2025-12-17 11-35-11Z/✓ Navigation Between Core Screens should navigate back to Home from Profile/device.log"
17:06:02.590 detox[20097] [90mi[39m /sdcard/17513478_7.log: 1 file pulled, 0 skipped. 3.0 MB/s (8969 bytes in 0.003s)

17:06:02.590 detox[20097] [90mi[39m "/Users/ips-162/Library/Android/sdk/platform-tools/adb" -s ZD22227Q7K shell "rm  \"/sdcard/17513478_7.log\""
17:06:02.681 detox[20097] [90mi[39m 
17:06:02.945 detox[20097] [90mi[39m 
17:06:02.945 detox[20097] [90mi[39m stopping ADBScreencapRecording
17:06:02.945 detox[20097] [90mE[39m onTestDone
17:06:02.945 detox[20097] [90mE[39m should navigate back to Home from Profile
17:06:02.945 detox[20097] [90mi[39m Navigation Between Core Screens: should navigate back to Home from Profile [OK]
17:06:02.947 detox[20097] [90mB[39m should complete full navigation cycle
17:06:02.947 detox[20097] [90mi[39m Navigation Between Core Screens: should complete full navigation cycle
17:06:02.948 detox[20097] [90mB[39m onTestStart
  args: ({"title":"should complete full navigation cycle","fullName":"Navigation Between Core Screens should complete full navigation cycle","status":"running","invocations":1})
17:06:02.948 detox[20097] [90mi[39m starting ADBLogcatRecording
17:06:02.949 detox[20097] [90mi[39m /Users/ips-162/Library/Android/sdk/platform-tools/adb -s ZD22227Q7K shell "logcat -T \"12-17 17:07:06.000\" --pid=24414 -f /sdcard/17513478_10.log"
17:06:02.950 detox[20097] [90mE[39m onTestStart
17:06:02.950 detox[20097] [90mB[39m beforeEach
17:06:02.950 detox[20097] [90mE[39m beforeEach
17:06:02.950 detox[20097] [90mB[39m test_fn
17:06:02.951 detox[20097] [90mi[39m  Testing complete navigation cycle
17:06:02.957 detox[20097] [90mi[39m send message
  data: {"type":"invoke","params":{"target":{"type":"Class","value":"com.wix.detox.espresso.EspressoDetox"},"method":"perform","args":[{"type":"Invocation","value":{"target":{"type":"Class","value":"com.wix.detox.espresso.DetoxMatcher"},"method":"matcherForTestId","args":["details-tab",{"type":"boolean","value":false}]}},{"type":"Invocation","value":{"target":{"type":"Class","value":"com.wix.detox.espresso.DetoxViewActions"},"method":"click","args":[]}}]},"messageId":23}
17:06:02.959 detox[20096] [90mi[39m get
  data: {"type":"invoke","params":{"target":{"type":"Class","value":"com.wix.detox.espresso.EspressoDetox"},"method":"perform","args":[{"type":"Invocation","value":{"target":{"type":"Class","value":"com.wix.detox.espresso.DetoxMatcher"},"method":"matcherForTestId","args":["details-tab",{"type":"boolean","value":false}]}},{"type":"Invocation","value":{"target":{"type":"Class","value":"com.wix.detox.espresso.DetoxViewActions"},"method":"click","args":[]}}]},"messageId":23}
17:06:02.959 detox[20096] [90mi[39m send
  data: {
    "type": "invoke",
    "params": {
      "target": {
        "type": "Class",
        "value": "com.wix.detox.espresso.EspressoDetox"
      },
      "method": "perform",
      "args": [
        {
          "type": "Invocation",
          "value": {
            "target": {
              "type": "Class",
              "value": "com.wix.detox.espresso.DetoxMatcher"
            },
            "method": "matcherForTestId",
            "args": [
              "details-tab",
              {
                "type": "boolean",
                "value": false
              }
            ]
          }
        },
        {
          "type": "Invocation",
          "value": {
            "target": {
              "type": "Class",
              "value": "com.wix.detox.espresso.DetoxViewActions"
            },
            "method": "click",
            "args": []
          }
        }
      ]
    },
    "messageId": 23
  }
17:06:02.961 detox[20097] [90mB[39m tap
  data: {
    "target": {
      "type": "Class",
      "value": "com.wix.detox.espresso.EspressoDetox"
    },
    "method": "perform",
    "args": [
      {
        "type": "Invocation",
        "value": {
          "target": {
            "type": "Class",
            "value": "com.wix.detox.espresso.DetoxMatcher"
          },
          "method": "matcherForTestId",
          "args": [
            "details-tab",
            {
              "type": "boolean",
              "value": false
            }
          ]
        }
      },
      {
        "type": "Invocation",
        "value": {
          "target": {
            "type": "Class",
            "value": "com.wix.detox.espresso.DetoxViewActions"
          },
          "method": "click",
          "args": []
        }
      }
    ]
  }
17:06:02.961 detox[20097] [90mi[39m saving FileArtifact to: artifacts/android.att.debug.2025-12-17 11-35-11Z/✓ Navigation Between Core Screens should navigate back to Home from Profile/navigation-test-screenshot.png
17:06:02.962 detox[20097] [90mi[39m moving "/private/var/folders/r0/j9yltjr10ysg22c7l5sx938r0000gn/T/detox-20097-rjh3TL.detox.png" to artifacts/android.att.debug.2025-12-17 11-35-11Z/✓ Navigation Between Core Screens should navigate back to Home from Profile/navigation-test-screenshot.png
17:06:02.964 detox[20097] [90mi[39m saving ADBScreencapRecording to: artifacts/android.att.debug.2025-12-17 11-35-11Z/✓ Navigation Between Core Screens should navigate back to Home from Profile/testDone.png
17:06:02.964 detox[20097] [90mi[39m "/Users/ips-162/Library/Android/sdk/platform-tools/adb" -s ZD22227Q7K pull "/sdcard/17513478_9.png" "artifacts/android.att.debug.2025-12-17 11-35-11Z/✓ Navigation Between Core Screens should navigate back to Home from Profile/testDone.png"
17:06:02.999 detox[20097] [90mi[39m /sdcard/17513478_9.png: 1 file pulled, 0 skipped. 8.0 MB/s (55782 bytes in 0.007s)

17:06:02.999 detox[20097] [90mi[39m "/Users/ips-162/Library/Android/sdk/platform-tools/adb" -s ZD22227Q7K shell "rm  \"/sdcard/17513478_9.png\""
17:06:03.064 detox[20097] [90mi[39m 
17:06:03.250 detox[20097] [90mi[39m "/Users/ips-162/Library/Android/sdk/platform-tools/adb" -s ZD22227Q7K shell du /sdcard/17513478_10.log
17:06:03.307 detox[20097] [90mi[39m 0	/sdcard/17513478_10.log

17:06:03.730 detox[20096] [90mi[39m get
  data: {"messageId":23,"type":"invokeResult","params":{"result":null}}
17:06:03.730 detox[20096] [90mi[39m send
  data: {
    "messageId": 23,
    "type": "invokeResult",
    "params": {
      "result": null
    }
  }
17:06:03.730 detox[20097] [90mi[39m get message
  data: {"messageId":23,"type":"invokeResult","params":{"result":null}}
   
17:06:03.730 detox[20097] [90mE[39m tap
17:06:04.731 detox[20097] [90mi[39m send message
  data: {"type":"invoke","params":{"target":{"type":"Class","value":"com.wix.detox.espresso.DetoxAssertion"},"method":"assertMatcher","args":[{"type":"Invocation","value":{"target":{"type":"Class","value":"androidx.test.espresso.Espresso"},"method":"onView","args":[{"type":"Invocation","value":{"target":{"type":"Class","value":"com.wix.detox.espresso.DetoxMatcher"},"method":"matcherForTestId","args":["details-title",{"type":"boolean","value":false}]}}]}},{"type":"Invocation","value":{"target":{"type":"Class","value":"com.wix.detox.espresso.DetoxMatcher"},"method":"matcherForSufficientlyVisible","args":[{"type":"Integer","value":75}]}}]},"messageId":24}
17:06:04.732 detox[20096] [90mi[39m get
  data: {"type":"invoke","params":{"target":{"type":"Class","value":"com.wix.detox.espresso.DetoxAssertion"},"method":"assertMatcher","args":[{"type":"Invocation","value":{"target":{"type":"Class","value":"androidx.test.espresso.Espresso"},"method":"onView","args":[{"type":"Invocation","value":{"target":{"type":"Class","value":"com.wix.detox.espresso.DetoxMatcher"},"method":"matcherForTestId","args":["details-title",{"type":"boolean","value":false}]}}]}},{"type":"Invocation","value":{"target":{"type":"Class","value":"com.wix.detox.espresso.DetoxMatcher"},"method":"matcherForSufficientlyVisible","args":[{"type":"Integer","value":75}]}}]},"messageId":24}
17:06:04.732 detox[20096] [90mi[39m send
  data: {
    "type": "invoke",
    "params": {
      "target": {
        "type": "Class",
        "value": "com.wix.detox.espresso.DetoxAssertion"
      },
      "method": "assertMatcher",
      "args": [
        {
          "type": "Invocation",
          "value": {
            "target": {
              "type": "Class",
              "value": "androidx.test.espresso.Espresso"
            },
            "method": "onView",
            "args": [
              {
                "type": "Invocation",
                "value": {
                  "target": {
                    "type": "Class",
                    "value": "com.wix.detox.espresso.DetoxMatcher"
                  },
                  "method": "matcherForTestId",
                  "args": [
                    "details-title",
                    {
                      "type": "boolean",
                      "value": false
                    }
                  ]
                }
              }
            ]
          }
        },
        {
          "type": "Invocation",
          "value": {
            "target": {
              "type": "Class",
              "value": "com.wix.detox.espresso.DetoxMatcher"
            },
            "method": "matcherForSufficientlyVisible",
            "args": [
              {
                "type": "Integer",
                "value": 75
              }
            ]
          }
        }
      ]
    },
    "messageId": 24
  }
17:06:04.732 detox[20097] [90mB[39m expect element to be visible
  data: {
    "target": {
      "type": "Class",
      "value": "com.wix.detox.espresso.DetoxAssertion"
    },
    "method": "assertMatcher",
    "args": [
      {
        "type": "Invocation",
        "value": {
          "target": {
            "type": "Class",
            "value": "androidx.test.espresso.Espresso"
          },
          "method": "onView",
          "args": [
            {
              "type": "Invocation",
              "value": {
                "target": {
                  "type": "Class",
                  "value": "com.wix.detox.espresso.DetoxMatcher"
                },
                "method": "matcherForTestId",
                "args": [
                  "details-title",
                  {
                    "type": "boolean",
                    "value": false
                  }
                ]
              }
            }
          ]
        }
      },
      {
        "type": "Invocation",
        "value": {
          "target": {
            "type": "Class",
            "value": "com.wix.detox.espresso.DetoxMatcher"
          },
          "method": "matcherForSufficientlyVisible",
          "args": [
            {
              "type": "Integer",
              "value": 75
            }
          ]
        }
      }
    ]
  }
17:06:04.972 detox[20096] [90mi[39m get
  data: {"messageId":24,"type":"invokeResult","params":{"result":null}}
17:06:04.972 detox[20096] [90mi[39m send
  data: {
    "messageId": 24,
    "type": "invokeResult",
    "params": {
      "result": null
    }
  }
17:06:04.973 detox[20097] [90mi[39m get message
  data: {"messageId":24,"type":"invokeResult","params":{"result":null}}
   
17:06:04.973 detox[20097] [90mE[39m expect element to be visible
17:06:04.973 detox[20097] [90mi[39m  Switched to Details
17:06:04.973 detox[20097] [90mi[39m send message
  data: {"type":"invoke","params":{"target":{"type":"Class","value":"com.wix.detox.espresso.EspressoDetox"},"method":"perform","args":[{"type":"Invocation","value":{"target":{"type":"Class","value":"com.wix.detox.espresso.DetoxMatcher"},"method":"matcherForTestId","args":["profile-tab",{"type":"boolean","value":false}]}},{"type":"Invocation","value":{"target":{"type":"Class","value":"com.wix.detox.espresso.DetoxViewActions"},"method":"click","args":[]}}]},"messageId":25}
17:06:04.974 detox[20096] [90mi[39m get
  data: {"type":"invoke","params":{"target":{"type":"Class","value":"com.wix.detox.espresso.EspressoDetox"},"method":"perform","args":[{"type":"Invocation","value":{"target":{"type":"Class","value":"com.wix.detox.espresso.DetoxMatcher"},"method":"matcherForTestId","args":["profile-tab",{"type":"boolean","value":false}]}},{"type":"Invocation","value":{"target":{"type":"Class","value":"com.wix.detox.espresso.DetoxViewActions"},"method":"click","args":[]}}]},"messageId":25}
17:06:04.974 detox[20096] [90mi[39m send
  data: {
    "type": "invoke",
    "params": {
      "target": {
        "type": "Class",
        "value": "com.wix.detox.espresso.EspressoDetox"
      },
      "method": "perform",
      "args": [
        {
          "type": "Invocation",
          "value": {
            "target": {
              "type": "Class",
              "value": "com.wix.detox.espresso.DetoxMatcher"
            },
            "method": "matcherForTestId",
            "args": [
              "profile-tab",
              {
                "type": "boolean",
                "value": false
              }
            ]
          }
        },
        {
          "type": "Invocation",
          "value": {
            "target": {
              "type": "Class",
              "value": "com.wix.detox.espresso.DetoxViewActions"
            },
            "method": "click",
            "args": []
          }
        }
      ]
    },
    "messageId": 25
  }
17:06:04.974 detox[20097] [90mB[39m tap
  data: {
    "target": {
      "type": "Class",
      "value": "com.wix.detox.espresso.EspressoDetox"
    },
    "method": "perform",
    "args": [
      {
        "type": "Invocation",
        "value": {
          "target": {
            "type": "Class",
            "value": "com.wix.detox.espresso.DetoxMatcher"
          },
          "method": "matcherForTestId",
          "args": [
            "profile-tab",
            {
              "type": "boolean",
              "value": false
            }
          ]
        }
      },
      {
        "type": "Invocation",
        "value": {
          "target": {
            "type": "Class",
            "value": "com.wix.detox.espresso.DetoxViewActions"
          },
          "method": "click",
          "args": []
        }
      }
    ]
  }
17:06:05.725 detox[20096] [90mi[39m get
  data: {"messageId":25,"type":"invokeResult","params":{"result":null}}
17:06:05.725 detox[20096] [90mi[39m send
  data: {
    "messageId": 25,
    "type": "invokeResult",
    "params": {
      "result": null
    }
  }
17:06:05.725 detox[20097] [90mi[39m get message
  data: {"messageId":25,"type":"invokeResult","params":{"result":null}}
   
17:06:05.726 detox[20097] [90mE[39m tap
17:06:06.727 detox[20096] [90mi[39m get
  data: {"type":"invoke","params":{"target":{"type":"Class","value":"com.wix.detox.espresso.DetoxAssertion"},"method":"assertMatcher","args":[{"type":"Invocation","value":{"target":{"type":"Class","value":"androidx.test.espresso.Espresso"},"method":"onView","args":[{"type":"Invocation","value":{"target":{"type":"Class","value":"com.wix.detox.espresso.DetoxMatcher"},"method":"matcherForTestId","args":["profile-title",{"type":"boolean","value":false}]}}]}},{"type":"Invocation","value":{"target":{"type":"Class","value":"com.wix.detox.espresso.DetoxMatcher"},"method":"matcherForSufficientlyVisible","args":[{"type":"Integer","value":75}]}}]},"messageId":26}
17:06:06.727 detox[20097] [90mi[39m send message
  data: {"type":"invoke","params":{"target":{"type":"Class","value":"com.wix.detox.espresso.DetoxAssertion"},"method":"assertMatcher","args":[{"type":"Invocation","value":{"target":{"type":"Class","value":"androidx.test.espresso.Espresso"},"method":"onView","args":[{"type":"Invocation","value":{"target":{"type":"Class","value":"com.wix.detox.espresso.DetoxMatcher"},"method":"matcherForTestId","args":["profile-title",{"type":"boolean","value":false}]}}]}},{"type":"Invocation","value":{"target":{"type":"Class","value":"com.wix.detox.espresso.DetoxMatcher"},"method":"matcherForSufficientlyVisible","args":[{"type":"Integer","value":75}]}}]},"messageId":26}
17:06:06.727 detox[20097] [90mB[39m expect element to be visible
  data: {
    "target": {
      "type": "Class",
      "value": "com.wix.detox.espresso.DetoxAssertion"
    },
    "method": "assertMatcher",
    "args": [
      {
        "type": "Invocation",
        "value": {
          "target": {
            "type": "Class",
            "value": "androidx.test.espresso.Espresso"
          },
          "method": "onView",
          "args": [
            {
              "type": "Invocation",
              "value": {
                "target": {
                  "type": "Class",
                  "value": "com.wix.detox.espresso.DetoxMatcher"
                },
                "method": "matcherForTestId",
                "args": [
                  "profile-title",
                  {
                    "type": "boolean",
                    "value": false
                  }
                ]
              }
            }
          ]
        }
      },
      {
        "type": "Invocation",
        "value": {
          "target": {
            "type": "Class",
            "value": "com.wix.detox.espresso.DetoxMatcher"
          },
          "method": "matcherForSufficientlyVisible",
          "args": [
            {
              "type": "Integer",
              "value": 75
            }
          ]
        }
      }
    ]
  }
17:06:06.728 detox[20096] [90mi[39m send
  data: {
    "type": "invoke",
    "params": {
      "target": {
        "type": "Class",
        "value": "com.wix.detox.espresso.DetoxAssertion"
      },
      "method": "assertMatcher",
      "args": [
        {
          "type": "Invocation",
          "value": {
            "target": {
              "type": "Class",
              "value": "androidx.test.espresso.Espresso"
            },
            "method": "onView",
            "args": [
              {
                "type": "Invocation",
                "value": {
                  "target": {
                    "type": "Class",
                    "value": "com.wix.detox.espresso.DetoxMatcher"
                  },
                  "method": "matcherForTestId",
                  "args": [
                    "profile-title",
                    {
                      "type": "boolean",
                      "value": false
                    }
                  ]
                }
              }
            ]
          }
        },
        {
          "type": "Invocation",
          "value": {
            "target": {
              "type": "Class",
              "value": "com.wix.detox.espresso.DetoxMatcher"
            },
            "method": "matcherForSufficientlyVisible",
            "args": [
              {
                "type": "Integer",
                "value": 75
              }
            ]
          }
        }
      ]
    },
    "messageId": 26
  }
17:06:06.792 detox[20096] [90mi[39m get
  data: {"messageId":26,"type":"invokeResult","params":{"result":null}}
17:06:06.792 detox[20096] [90mi[39m send
  data: {
    "messageId": 26,
    "type": "invokeResult",
    "params": {
      "result": null
    }
  }
17:06:06.792 detox[20097] [90mi[39m get message
  data: {"messageId":26,"type":"invokeResult","params":{"result":null}}
   
17:06:06.793 detox[20097] [90mE[39m expect element to be visible
17:06:06.793 detox[20097] [90mi[39m  Switched to Profile
17:06:06.793 detox[20097] [90mi[39m send message
  data: {"type":"invoke","params":{"target":{"type":"Class","value":"com.wix.detox.espresso.EspressoDetox"},"method":"perform","args":[{"type":"Invocation","value":{"target":{"type":"Class","value":"com.wix.detox.espresso.DetoxMatcher"},"method":"matcherForTestId","args":["home-tab",{"type":"boolean","value":false}]}},{"type":"Invocation","value":{"target":{"type":"Class","value":"com.wix.detox.espresso.DetoxViewActions"},"method":"click","args":[]}}]},"messageId":27}
17:06:06.794 detox[20096] [90mi[39m get
  data: {"type":"invoke","params":{"target":{"type":"Class","value":"com.wix.detox.espresso.EspressoDetox"},"method":"perform","args":[{"type":"Invocation","value":{"target":{"type":"Class","value":"com.wix.detox.espresso.DetoxMatcher"},"method":"matcherForTestId","args":["home-tab",{"type":"boolean","value":false}]}},{"type":"Invocation","value":{"target":{"type":"Class","value":"com.wix.detox.espresso.DetoxViewActions"},"method":"click","args":[]}}]},"messageId":27}
17:06:06.794 detox[20096] [90mi[39m send
  data: {
    "type": "invoke",
    "params": {
      "target": {
        "type": "Class",
        "value": "com.wix.detox.espresso.EspressoDetox"
      },
      "method": "perform",
      "args": [
        {
          "type": "Invocation",
          "value": {
            "target": {
              "type": "Class",
              "value": "com.wix.detox.espresso.DetoxMatcher"
            },
            "method": "matcherForTestId",
            "args": [
              "home-tab",
              {
                "type": "boolean",
                "value": false
              }
            ]
          }
        },
        {
          "type": "Invocation",
          "value": {
            "target": {
              "type": "Class",
              "value": "com.wix.detox.espresso.DetoxViewActions"
            },
            "method": "click",
            "args": []
          }
        }
      ]
    },
    "messageId": 27
  }
17:06:06.794 detox[20097] [90mB[39m tap
  data: {
    "target": {
      "type": "Class",
      "value": "com.wix.detox.espresso.EspressoDetox"
    },
    "method": "perform",
    "args": [
      {
        "type": "Invocation",
        "value": {
          "target": {
            "type": "Class",
            "value": "com.wix.detox.espresso.DetoxMatcher"
          },
          "method": "matcherForTestId",
          "args": [
            "home-tab",
            {
              "type": "boolean",
              "value": false
            }
          ]
        }
      },
      {
        "type": "Invocation",
        "value": {
          "target": {
            "type": "Class",
            "value": "com.wix.detox.espresso.DetoxViewActions"
          },
          "method": "click",
          "args": []
        }
      }
    ]
  }
17:06:07.579 detox[20096] [90mi[39m get
  data: {"messageId":27,"type":"invokeResult","params":{"result":null}}
17:06:07.579 detox[20096] [90mi[39m send
  data: {
    "messageId": 27,
    "type": "invokeResult",
    "params": {
      "result": null
    }
  }
17:06:07.580 detox[20097] [90mi[39m get message
  data: {"messageId":27,"type":"invokeResult","params":{"result":null}}
   
17:06:07.580 detox[20097] [90mE[39m tap
17:06:08.581 detox[20097] [90mi[39m send message
  data: {"type":"invoke","params":{"target":{"type":"Class","value":"com.wix.detox.espresso.DetoxAssertion"},"method":"assertMatcher","args":[{"type":"Invocation","value":{"target":{"type":"Class","value":"androidx.test.espresso.Espresso"},"method":"onView","args":[{"type":"Invocation","value":{"target":{"type":"Class","value":"com.wix.detox.espresso.DetoxMatcher"},"method":"matcherForTestId","args":["welcome-title",{"type":"boolean","value":false}]}}]}},{"type":"Invocation","value":{"target":{"type":"Class","value":"com.wix.detox.espresso.DetoxMatcher"},"method":"matcherForSufficientlyVisible","args":[{"type":"Integer","value":75}]}}]},"messageId":28}
17:06:08.582 detox[20096] [90mi[39m get
  data: {"type":"invoke","params":{"target":{"type":"Class","value":"com.wix.detox.espresso.DetoxAssertion"},"method":"assertMatcher","args":[{"type":"Invocation","value":{"target":{"type":"Class","value":"androidx.test.espresso.Espresso"},"method":"onView","args":[{"type":"Invocation","value":{"target":{"type":"Class","value":"com.wix.detox.espresso.DetoxMatcher"},"method":"matcherForTestId","args":["welcome-title",{"type":"boolean","value":false}]}}]}},{"type":"Invocation","value":{"target":{"type":"Class","value":"com.wix.detox.espresso.DetoxMatcher"},"method":"matcherForSufficientlyVisible","args":[{"type":"Integer","value":75}]}}]},"messageId":28}
17:06:08.582 detox[20096] [90mi[39m send
  data: {
    "type": "invoke",
    "params": {
      "target": {
        "type": "Class",
        "value": "com.wix.detox.espresso.DetoxAssertion"
      },
      "method": "assertMatcher",
      "args": [
        {
          "type": "Invocation",
          "value": {
            "target": {
              "type": "Class",
              "value": "androidx.test.espresso.Espresso"
            },
            "method": "onView",
            "args": [
              {
                "type": "Invocation",
                "value": {
                  "target": {
                    "type": "Class",
                    "value": "com.wix.detox.espresso.DetoxMatcher"
                  },
                  "method": "matcherForTestId",
                  "args": [
                    "welcome-title",
                    {
                      "type": "boolean",
                      "value": false
                    }
                  ]
                }
              }
            ]
          }
        },
        {
          "type": "Invocation",
          "value": {
            "target": {
              "type": "Class",
              "value": "com.wix.detox.espresso.DetoxMatcher"
            },
            "method": "matcherForSufficientlyVisible",
            "args": [
              {
                "type": "Integer",
                "value": 75
              }
            ]
          }
        }
      ]
    },
    "messageId": 28
  }
17:06:08.582 detox[20097] [90mB[39m expect element to be visible
  data: {
    "target": {
      "type": "Class",
      "value": "com.wix.detox.espresso.DetoxAssertion"
    },
    "method": "assertMatcher",
    "args": [
      {
        "type": "Invocation",
        "value": {
          "target": {
            "type": "Class",
            "value": "androidx.test.espresso.Espresso"
          },
          "method": "onView",
          "args": [
            {
              "type": "Invocation",
              "value": {
                "target": {
                  "type": "Class",
                  "value": "com.wix.detox.espresso.DetoxMatcher"
                },
                "method": "matcherForTestId",
                "args": [
                  "welcome-title",
                  {
                    "type": "boolean",
                    "value": false
                  }
                ]
              }
            }
          ]
        }
      },
      {
        "type": "Invocation",
        "value": {
          "target": {
            "type": "Class",
            "value": "com.wix.detox.espresso.DetoxMatcher"
          },
          "method": "matcherForSufficientlyVisible",
          "args": [
            {
              "type": "Integer",
              "value": 75
            }
          ]
        }
      }
    ]
  }
17:06:08.650 detox[20096] [90mi[39m get
  data: {"messageId":28,"type":"invokeResult","params":{"result":null}}
17:06:08.650 detox[20096] [90mi[39m send
  data: {
    "messageId": 28,
    "type": "invokeResult",
    "params": {
      "result": null
    }
  }
17:06:08.651 detox[20097] [90mi[39m get message
  data: {"messageId":28,"type":"invokeResult","params":{"result":null}}
   
17:06:08.651 detox[20097] [90mE[39m expect element to be visible
17:06:08.651 detox[20097] [90mi[39m  Switched back to Home
17:06:08.651 detox[20097] [90mi[39m  Navigation cycle completed successfully
17:06:08.652 detox[20097] [90mE[39m test_fn
17:06:08.652 detox[20097] [90mB[39m afterEach
17:06:08.652 detox[20097] [90mB[39m takeScreenshot
  args: ("navigation-test-screenshot")
17:06:08.653 detox[20097] [90mi[39m "/Users/ips-162/Library/Android/sdk/platform-tools/adb" -s ZD22227Q7K shell "screencap /sdcard/17513478_11.png"
17:06:09.195 detox[20097] [90mi[39m 
17:06:09.195 detox[20097] [90mi[39m "/Users/ips-162/Library/Android/sdk/platform-tools/adb" -s ZD22227Q7K pull "/sdcard/17513478_11.png" "/private/var/folders/r0/j9yltjr10ysg22c7l5sx938r0000gn/T/detox-20097-axei6O.detox.png"
17:06:09.218 detox[20097] [90mi[39m /sdcard/17513478_11.png: 1 file pulled, 0 skipped. 14.1 MB/s (55782 bytes in 0.004s)

17:06:09.218 detox[20097] [90mi[39m "/Users/ips-162/Library/Android/sdk/platform-tools/adb" -s ZD22227Q7K shell "rm  \"/sdcard/17513478_11.png\""
17:06:09.302 detox[20097] [90mi[39m 
17:06:09.302 detox[20097] [90mB[39m onCreateExternalArtifact
  args: ({"pluginId":"screenshot","artifactName":"navigation-test-screenshot","artifactPath":"/private/var/folders/r0/j9yltjr10ysg22c7l5sx938r0000gn/T/detox-20097-axei6O.detox.png"})
17:06:09.303 detox[20097] [90mi[39m starting FileArtifact
17:06:09.303 detox[20097] [90mi[39m stopping FileArtifact
17:06:09.303 detox[20097] [90mE[39m onCreateExternalArtifact
17:06:09.303 detox[20097] [90mE[39m takeScreenshot
17:06:09.303 detox[20097] [90mE[39m afterEach
17:06:09.303 detox[20097] [90mB[39m onTestDone
  args: ({"title":"should complete full navigation cycle","fullName":"Navigation Between Core Screens should complete full navigation cycle","status":"passed","invocations":1})
17:06:09.303 detox[20097] [90mi[39m stopping ADBLogcatRecording
17:06:09.303 detox[20097] [90mi[39m starting ADBScreencapRecording
17:06:09.304 detox[20097] [90mi[39m "/Users/ips-162/Library/Android/sdk/platform-tools/adb" -s ZD22227Q7K shell "screencap /sdcard/17513478_12.png"
17:06:09.305 detox[20097] [90mi[39m "/Users/ips-162/Library/Android/sdk/platform-tools/adb" -s ZD22227Q7K shell "date +\"%m-%d %T.000\""
17:06:09.394 detox[20097] [90mi[39m 12-17 17:07:13.000

17:06:09.395 detox[20097] [90mi[39m sending SIGINT to: /Users/ips-162/Library/Android/sdk/platform-tools/adb -s ZD22227Q7K shell logcat -T "12-17 17:07:06.000" --pid=24414 -f /sdcard/17513478_10.log
17:06:09.397 detox[20097] [90mi[39m /Users/ips-162/Library/Android/sdk/platform-tools/adb -s ZD22227Q7K shell "logcat -T \"12-17 17:07:06.000\" --pid=24414 -f /sdcard/17513478_10.log" terminated with SIGINT
17:06:09.397 detox[20097] [90mi[39m saving ADBLogcatRecording to: artifacts/android.att.debug.2025-12-17 11-35-11Z/✓ Navigation Between Core Screens should complete full navigation cycle/device.log
17:06:09.397 detox[20097] [90mi[39m "/Users/ips-162/Library/Android/sdk/platform-tools/adb" -s ZD22227Q7K pull "/sdcard/17513478_10.log" "artifacts/android.att.debug.2025-12-17 11-35-11Z/✓ Navigation Between Core Screens should complete full navigation cycle/device.log"
17:06:09.430 detox[20097] [90mi[39m /sdcard/17513478_10.log: 1 file pulled, 0 skipped. 2.4 MB/s (13796 bytes in 0.006s)

17:06:09.430 detox[20097] [90mi[39m "/Users/ips-162/Library/Android/sdk/platform-tools/adb" -s ZD22227Q7K shell "rm  \"/sdcard/17513478_10.log\""
17:06:09.522 detox[20097] [90mi[39m 
17:06:09.834 detox[20097] [90mi[39m 
17:06:09.834 detox[20097] [90mi[39m stopping ADBScreencapRecording
17:06:09.834 detox[20097] [90mE[39m onTestDone
17:06:09.834 detox[20097] [90mE[39m should complete full navigation cycle
17:06:09.834 detox[20097] [90mi[39m Navigation Between Core Screens: should complete full navigation cycle [OK]
17:06:09.835 detox[20097] [90mB[39m should maintain bottom tab visibility
17:06:09.835 detox[20097] [90mi[39m Navigation Between Core Screens: should maintain bottom tab visibility
17:06:09.836 detox[20097] [90mB[39m onTestStart
  args: ({"title":"should maintain bottom tab visibility","fullName":"Navigation Between Core Screens should maintain bottom tab visibility","status":"running","invocations":1})
17:06:09.836 detox[20097] [90mi[39m starting ADBLogcatRecording
17:06:09.838 detox[20097] [90mi[39m /Users/ips-162/Library/Android/sdk/platform-tools/adb -s ZD22227Q7K shell "logcat -T \"12-17 17:07:13.000\" --pid=24414 -f /sdcard/17513478_13.log"
17:06:09.841 detox[20097] [90mE[39m onTestStart
17:06:09.841 detox[20097] [90mB[39m beforeEach
17:06:09.841 detox[20097] [90mE[39m beforeEach
17:06:09.841 detox[20097] [90mB[39m test_fn
17:06:09.841 detox[20097] [90mi[39m  Testing tab bar persistence
17:06:09.842 detox[20097] [90mi[39m send message
  data: {"type":"invoke","params":{"target":{"type":"Class","value":"com.wix.detox.espresso.DetoxAssertion"},"method":"assertMatcher","args":[{"type":"Invocation","value":{"target":{"type":"Class","value":"androidx.test.espresso.Espresso"},"method":"onView","args":[{"type":"Invocation","value":{"target":{"type":"Class","value":"com.wix.detox.espresso.DetoxMatcher"},"method":"matcherForTestId","args":["home-tab",{"type":"boolean","value":false}]}}]}},{"type":"Invocation","value":{"target":{"type":"Class","value":"com.wix.detox.espresso.DetoxMatcher"},"method":"matcherForSufficientlyVisible","args":[{"type":"Integer","value":75}]}}]},"messageId":29}
17:06:09.851 detox[20096] [90mi[39m get
  data: {"type":"invoke","params":{"target":{"type":"Class","value":"com.wix.detox.espresso.DetoxAssertion"},"method":"assertMatcher","args":[{"type":"Invocation","value":{"target":{"type":"Class","value":"androidx.test.espresso.Espresso"},"method":"onView","args":[{"type":"Invocation","value":{"target":{"type":"Class","value":"com.wix.detox.espresso.DetoxMatcher"},"method":"matcherForTestId","args":["home-tab",{"type":"boolean","value":false}]}}]}},{"type":"Invocation","value":{"target":{"type":"Class","value":"com.wix.detox.espresso.DetoxMatcher"},"method":"matcherForSufficientlyVisible","args":[{"type":"Integer","value":75}]}}]},"messageId":29}
17:06:09.851 detox[20096] [90mi[39m send
  data: {
    "type": "invoke",
    "params": {
      "target": {
        "type": "Class",
        "value": "com.wix.detox.espresso.DetoxAssertion"
      },
      "method": "assertMatcher",
      "args": [
        {
          "type": "Invocation",
          "value": {
            "target": {
              "type": "Class",
              "value": "androidx.test.espresso.Espresso"
            },
            "method": "onView",
            "args": [
              {
                "type": "Invocation",
                "value": {
                  "target": {
                    "type": "Class",
                    "value": "com.wix.detox.espresso.DetoxMatcher"
                  },
                  "method": "matcherForTestId",
                  "args": [
                    "home-tab",
                    {
                      "type": "boolean",
                      "value": false
                    }
                  ]
                }
              }
            ]
          }
        },
        {
          "type": "Invocation",
          "value": {
            "target": {
              "type": "Class",
              "value": "com.wix.detox.espresso.DetoxMatcher"
            },
            "method": "matcherForSufficientlyVisible",
            "args": [
              {
                "type": "Integer",
                "value": 75
              }
            ]
          }
        }
      ]
    },
    "messageId": 29
  }
17:06:09.853 detox[20097] [90mB[39m expect element to be visible
  data: {
    "target": {
      "type": "Class",
      "value": "com.wix.detox.espresso.DetoxAssertion"
    },
    "method": "assertMatcher",
    "args": [
      {
        "type": "Invocation",
        "value": {
          "target": {
            "type": "Class",
            "value": "androidx.test.espresso.Espresso"
          },
          "method": "onView",
          "args": [
            {
              "type": "Invocation",
              "value": {
                "target": {
                  "type": "Class",
                  "value": "com.wix.detox.espresso.DetoxMatcher"
                },
                "method": "matcherForTestId",
                "args": [
                  "home-tab",
                  {
                    "type": "boolean",
                    "value": false
                  }
                ]
              }
            }
          ]
        }
      },
      {
        "type": "Invocation",
        "value": {
          "target": {
            "type": "Class",
            "value": "com.wix.detox.espresso.DetoxMatcher"
          },
          "method": "matcherForSufficientlyVisible",
          "args": [
            {
              "type": "Integer",
              "value": 75
            }
          ]
        }
      }
    ]
  }
17:06:09.861 detox[20097] [90mi[39m saving FileArtifact to: artifacts/android.att.debug.2025-12-17 11-35-11Z/✓ Navigation Between Core Screens should complete full navigation cycle/navigation-test-screenshot.png
17:06:09.863 detox[20097] [90mi[39m moving "/private/var/folders/r0/j9yltjr10ysg22c7l5sx938r0000gn/T/detox-20097-axei6O.detox.png" to artifacts/android.att.debug.2025-12-17 11-35-11Z/✓ Navigation Between Core Screens should complete full navigation cycle/navigation-test-screenshot.png
17:06:09.875 detox[20097] [90mi[39m saving ADBScreencapRecording to: artifacts/android.att.debug.2025-12-17 11-35-11Z/✓ Navigation Between Core Screens should complete full navigation cycle/testDone.png
17:06:09.875 detox[20097] [90mi[39m "/Users/ips-162/Library/Android/sdk/platform-tools/adb" -s ZD22227Q7K pull "/sdcard/17513478_12.png" "artifacts/android.att.debug.2025-12-17 11-35-11Z/✓ Navigation Between Core Screens should complete full navigation cycle/testDone.png"
17:06:09.928 detox[20096] [90mi[39m get
  data: {"messageId":29,"type":"invokeResult","params":{"result":null}}
17:06:09.928 detox[20096] [90mi[39m send
  data: {
    "messageId": 29,
    "type": "invokeResult",
    "params": {
      "result": null
    }
  }
17:06:09.928 detox[20097] [90mi[39m get message
  data: {"messageId":29,"type":"invokeResult","params":{"result":null}}
   
17:06:09.928 detox[20097] [90mE[39m expect element to be visible
17:06:09.929 detox[20096] [90mi[39m get
  data: {"type":"invoke","params":{"target":{"type":"Class","value":"com.wix.detox.espresso.DetoxAssertion"},"method":"assertMatcher","args":[{"type":"Invocation","value":{"target":{"type":"Class","value":"androidx.test.espresso.Espresso"},"method":"onView","args":[{"type":"Invocation","value":{"target":{"type":"Class","value":"com.wix.detox.espresso.DetoxMatcher"},"method":"matcherForTestId","args":["details-tab",{"type":"boolean","value":false}]}}]}},{"type":"Invocation","value":{"target":{"type":"Class","value":"com.wix.detox.espresso.DetoxMatcher"},"method":"matcherForSufficientlyVisible","args":[{"type":"Integer","value":75}]}}]},"messageId":30}
17:06:09.929 detox[20096] [90mi[39m send
  data: {
    "type": "invoke",
    "params": {
      "target": {
        "type": "Class",
        "value": "com.wix.detox.espresso.DetoxAssertion"
      },
      "method": "assertMatcher",
      "args": [
        {
          "type": "Invocation",
          "value": {
            "target": {
              "type": "Class",
              "value": "androidx.test.espresso.Espresso"
            },
            "method": "onView",
            "args": [
              {
                "type": "Invocation",
                "value": {
                  "target": {
                    "type": "Class",
                    "value": "com.wix.detox.espresso.DetoxMatcher"
                  },
                  "method": "matcherForTestId",
                  "args": [
                    "details-tab",
                    {
                      "type": "boolean",
                      "value": false
                    }
                  ]
                }
              }
            ]
          }
        },
        {
          "type": "Invocation",
          "value": {
            "target": {
              "type": "Class",
              "value": "com.wix.detox.espresso.DetoxMatcher"
            },
            "method": "matcherForSufficientlyVisible",
            "args": [
              {
                "type": "Integer",
                "value": 75
              }
            ]
          }
        }
      ]
    },
    "messageId": 30
  }
17:06:09.929 detox[20097] [90mi[39m send message
  data: {"type":"invoke","params":{"target":{"type":"Class","value":"com.wix.detox.espresso.DetoxAssertion"},"method":"assertMatcher","args":[{"type":"Invocation","value":{"target":{"type":"Class","value":"androidx.test.espresso.Espresso"},"method":"onView","args":[{"type":"Invocation","value":{"target":{"type":"Class","value":"com.wix.detox.espresso.DetoxMatcher"},"method":"matcherForTestId","args":["details-tab",{"type":"boolean","value":false}]}}]}},{"type":"Invocation","value":{"target":{"type":"Class","value":"com.wix.detox.espresso.DetoxMatcher"},"method":"matcherForSufficientlyVisible","args":[{"type":"Integer","value":75}]}}]},"messageId":30}
17:06:09.929 detox[20097] [90mB[39m expect element to be visible
  data: {
    "target": {
      "type": "Class",
      "value": "com.wix.detox.espresso.DetoxAssertion"
    },
    "method": "assertMatcher",
    "args": [
      {
        "type": "Invocation",
        "value": {
          "target": {
            "type": "Class",
            "value": "androidx.test.espresso.Espresso"
          },
          "method": "onView",
          "args": [
            {
              "type": "Invocation",
              "value": {
                "target": {
                  "type": "Class",
                  "value": "com.wix.detox.espresso.DetoxMatcher"
                },
                "method": "matcherForTestId",
                "args": [
                  "details-tab",
                  {
                    "type": "boolean",
                    "value": false
                  }
                ]
              }
            }
          ]
        }
      },
      {
        "type": "Invocation",
        "value": {
          "target": {
            "type": "Class",
            "value": "com.wix.detox.espresso.DetoxMatcher"
          },
          "method": "matcherForSufficientlyVisible",
          "args": [
            {
              "type": "Integer",
              "value": 75
            }
          ]
        }
      }
    ]
  }
17:06:09.935 detox[20097] [90mi[39m /sdcard/17513478_12.png: 1 file pulled, 0 skipped. 11.9 MB/s (55782 bytes in 0.004s)

17:06:09.935 detox[20097] [90mi[39m "/Users/ips-162/Library/Android/sdk/platform-tools/adb" -s ZD22227Q7K shell "rm  \"/sdcard/17513478_12.png\""
17:06:09.963 detox[20096] [90mi[39m get
  data: {"messageId":30,"type":"invokeResult","params":{"result":null}}
17:06:09.963 detox[20096] [90mi[39m send
  data: {
    "messageId": 30,
    "type": "invokeResult",
    "params": {
      "result": null
    }
  }
17:06:09.963 detox[20097] [90mi[39m get message
  data: {"messageId":30,"type":"invokeResult","params":{"result":null}}
   
17:06:09.964 detox[20096] [90mi[39m get
  data: {"type":"invoke","params":{"target":{"type":"Class","value":"com.wix.detox.espresso.DetoxAssertion"},"method":"assertMatcher","args":[{"type":"Invocation","value":{"target":{"type":"Class","value":"androidx.test.espresso.Espresso"},"method":"onView","args":[{"type":"Invocation","value":{"target":{"type":"Class","value":"com.wix.detox.espresso.DetoxMatcher"},"method":"matcherForTestId","args":["profile-tab",{"type":"boolean","value":false}]}}]}},{"type":"Invocation","value":{"target":{"type":"Class","value":"com.wix.detox.espresso.DetoxMatcher"},"method":"matcherForSufficientlyVisible","args":[{"type":"Integer","value":75}]}}]},"messageId":31}
17:06:09.964 detox[20096] [90mi[39m send
  data: {
    "type": "invoke",
    "params": {
      "target": {
        "type": "Class",
        "value": "com.wix.detox.espresso.DetoxAssertion"
      },
      "method": "assertMatcher",
      "args": [
        {
          "type": "Invocation",
          "value": {
            "target": {
              "type": "Class",
              "value": "androidx.test.espresso.Espresso"
            },
            "method": "onView",
            "args": [
              {
                "type": "Invocation",
                "value": {
                  "target": {
                    "type": "Class",
                    "value": "com.wix.detox.espresso.DetoxMatcher"
                  },
                  "method": "matcherForTestId",
                  "args": [
                    "profile-tab",
                    {
                      "type": "boolean",
                      "value": false
                    }
                  ]
                }
              }
            ]
          }
        },
        {
          "type": "Invocation",
          "value": {
            "target": {
              "type": "Class",
              "value": "com.wix.detox.espresso.DetoxMatcher"
            },
            "method": "matcherForSufficientlyVisible",
            "args": [
              {
                "type": "Integer",
                "value": 75
              }
            ]
          }
        }
      ]
    },
    "messageId": 31
  }
17:06:09.964 detox[20097] [90mE[39m expect element to be visible
17:06:09.964 detox[20097] [90mi[39m send message
  data: {"type":"invoke","params":{"target":{"type":"Class","value":"com.wix.detox.espresso.DetoxAssertion"},"method":"assertMatcher","args":[{"type":"Invocation","value":{"target":{"type":"Class","value":"androidx.test.espresso.Espresso"},"method":"onView","args":[{"type":"Invocation","value":{"target":{"type":"Class","value":"com.wix.detox.espresso.DetoxMatcher"},"method":"matcherForTestId","args":["profile-tab",{"type":"boolean","value":false}]}}]}},{"type":"Invocation","value":{"target":{"type":"Class","value":"com.wix.detox.espresso.DetoxMatcher"},"method":"matcherForSufficientlyVisible","args":[{"type":"Integer","value":75}]}}]},"messageId":31}
17:06:09.964 detox[20097] [90mB[39m expect element to be visible
  data: {
    "target": {
      "type": "Class",
      "value": "com.wix.detox.espresso.DetoxAssertion"
    },
    "method": "assertMatcher",
    "args": [
      {
        "type": "Invocation",
        "value": {
          "target": {
            "type": "Class",
            "value": "androidx.test.espresso.Espresso"
          },
          "method": "onView",
          "args": [
            {
              "type": "Invocation",
              "value": {
                "target": {
                  "type": "Class",
                  "value": "com.wix.detox.espresso.DetoxMatcher"
                },
                "method": "matcherForTestId",
                "args": [
                  "profile-tab",
                  {
                    "type": "boolean",
                    "value": false
                  }
                ]
              }
            }
          ]
        }
      },
      {
        "type": "Invocation",
        "value": {
          "target": {
            "type": "Class",
            "value": "com.wix.detox.espresso.DetoxMatcher"
          },
          "method": "matcherForSufficientlyVisible",
          "args": [
            {
              "type": "Integer",
              "value": 75
            }
          ]
        }
      }
    ]
  }
17:06:10.022 detox[20097] [90mi[39m 
17:06:10.044 detox[20096] [90mi[39m get
  data: {"messageId":31,"type":"invokeResult","params":{"result":null}}
17:06:10.044 detox[20096] [90mi[39m send
  data: {
    "messageId": 31,
    "type": "invokeResult",
    "params": {
      "result": null
    }
  }
17:06:10.044 detox[20097] [90mi[39m get message
  data: {"messageId":31,"type":"invokeResult","params":{"result":null}}
   
17:06:10.045 detox[20097] [90mE[39m expect element to be visible
17:06:10.045 detox[20097] [90mi[39m  All tabs visible on Home
17:06:10.046 detox[20096] [90mi[39m get
  data: {"type":"invoke","params":{"target":{"type":"Class","value":"com.wix.detox.espresso.EspressoDetox"},"method":"perform","args":[{"type":"Invocation","value":{"target":{"type":"Class","value":"com.wix.detox.espresso.DetoxMatcher"},"method":"matcherForTestId","args":["details-tab",{"type":"boolean","value":false}]}},{"type":"Invocation","value":{"target":{"type":"Class","value":"com.wix.detox.espresso.DetoxViewActions"},"method":"click","args":[]}}]},"messageId":32}
17:06:10.046 detox[20097] [90mi[39m send message
  data: {"type":"invoke","params":{"target":{"type":"Class","value":"com.wix.detox.espresso.EspressoDetox"},"method":"perform","args":[{"type":"Invocation","value":{"target":{"type":"Class","value":"com.wix.detox.espresso.DetoxMatcher"},"method":"matcherForTestId","args":["details-tab",{"type":"boolean","value":false}]}},{"type":"Invocation","value":{"target":{"type":"Class","value":"com.wix.detox.espresso.DetoxViewActions"},"method":"click","args":[]}}]},"messageId":32}
17:06:10.047 detox[20096] [90mi[39m send
  data: {
    "type": "invoke",
    "params": {
      "target": {
        "type": "Class",
        "value": "com.wix.detox.espresso.EspressoDetox"
      },
      "method": "perform",
      "args": [
        {
          "type": "Invocation",
          "value": {
            "target": {
              "type": "Class",
              "value": "com.wix.detox.espresso.DetoxMatcher"
            },
            "method": "matcherForTestId",
            "args": [
              "details-tab",
              {
                "type": "boolean",
                "value": false
              }
            ]
          }
        },
        {
          "type": "Invocation",
          "value": {
            "target": {
              "type": "Class",
              "value": "com.wix.detox.espresso.DetoxViewActions"
            },
            "method": "click",
            "args": []
          }
        }
      ]
    },
    "messageId": 32
  }
17:06:10.047 detox[20097] [90mB[39m tap
  data: {
    "target": {
      "type": "Class",
      "value": "com.wix.detox.espresso.EspressoDetox"
    },
    "method": "perform",
    "args": [
      {
        "type": "Invocation",
        "value": {
          "target": {
            "type": "Class",
            "value": "com.wix.detox.espresso.DetoxMatcher"
          },
          "method": "matcherForTestId",
          "args": [
            "details-tab",
            {
              "type": "boolean",
              "value": false
            }
          ]
        }
      },
      {
        "type": "Invocation",
        "value": {
          "target": {
            "type": "Class",
            "value": "com.wix.detox.espresso.DetoxViewActions"
          },
          "method": "click",
          "args": []
        }
      }
    ]
  }
17:06:10.149 detox[20097] [90mi[39m "/Users/ips-162/Library/Android/sdk/platform-tools/adb" -s ZD22227Q7K shell du /sdcard/17513478_13.log
17:06:10.208 detox[20097] [90mi[39m 0	/sdcard/17513478_13.log

17:06:10.805 detox[20096] [90mi[39m get
  data: {"messageId":32,"type":"invokeResult","params":{"result":null}}
17:06:10.805 detox[20096] [90mi[39m send
  data: {
    "messageId": 32,
    "type": "invokeResult",
    "params": {
      "result": null
    }
  }
17:06:10.806 detox[20097] [90mi[39m get message
  data: {"messageId":32,"type":"invokeResult","params":{"result":null}}
   
17:06:10.806 detox[20097] [90mE[39m tap
17:06:11.608 detox[20097] [90mi[39m send message
  data: {"type":"invoke","params":{"target":{"type":"Class","value":"com.wix.detox.espresso.DetoxAssertion"},"method":"assertMatcher","args":[{"type":"Invocation","value":{"target":{"type":"Class","value":"androidx.test.espresso.Espresso"},"method":"onView","args":[{"type":"Invocation","value":{"target":{"type":"Class","value":"com.wix.detox.espresso.DetoxMatcher"},"method":"matcherForTestId","args":["home-tab",{"type":"boolean","value":false}]}}]}},{"type":"Invocation","value":{"target":{"type":"Class","value":"com.wix.detox.espresso.DetoxMatcher"},"method":"matcherForSufficientlyVisible","args":[{"type":"Integer","value":75}]}}]},"messageId":33}
17:06:11.609 detox[20096] [90mi[39m get
  data: {"type":"invoke","params":{"target":{"type":"Class","value":"com.wix.detox.espresso.DetoxAssertion"},"method":"assertMatcher","args":[{"type":"Invocation","value":{"target":{"type":"Class","value":"androidx.test.espresso.Espresso"},"method":"onView","args":[{"type":"Invocation","value":{"target":{"type":"Class","value":"com.wix.detox.espresso.DetoxMatcher"},"method":"matcherForTestId","args":["home-tab",{"type":"boolean","value":false}]}}]}},{"type":"Invocation","value":{"target":{"type":"Class","value":"com.wix.detox.espresso.DetoxMatcher"},"method":"matcherForSufficientlyVisible","args":[{"type":"Integer","value":75}]}}]},"messageId":33}
17:06:11.609 detox[20096] [90mi[39m send
  data: {
    "type": "invoke",
    "params": {
      "target": {
        "type": "Class",
        "value": "com.wix.detox.espresso.DetoxAssertion"
      },
      "method": "assertMatcher",
      "args": [
        {
          "type": "Invocation",
          "value": {
            "target": {
              "type": "Class",
              "value": "androidx.test.espresso.Espresso"
            },
            "method": "onView",
            "args": [
              {
                "type": "Invocation",
                "value": {
                  "target": {
                    "type": "Class",
                    "value": "com.wix.detox.espresso.DetoxMatcher"
                  },
                  "method": "matcherForTestId",
                  "args": [
                    "home-tab",
                    {
                      "type": "boolean",
                      "value": false
                    }
                  ]
                }
              }
            ]
          }
        },
        {
          "type": "Invocation",
          "value": {
            "target": {
              "type": "Class",
              "value": "com.wix.detox.espresso.DetoxMatcher"
            },
            "method": "matcherForSufficientlyVisible",
            "args": [
              {
                "type": "Integer",
                "value": 75
              }
            ]
          }
        }
      ]
    },
    "messageId": 33
  }
17:06:11.609 detox[20097] [90mB[39m expect element to be visible
  data: {
    "target": {
      "type": "Class",
      "value": "com.wix.detox.espresso.DetoxAssertion"
    },
    "method": "assertMatcher",
    "args": [
      {
        "type": "Invocation",
        "value": {
          "target": {
            "type": "Class",
            "value": "androidx.test.espresso.Espresso"
          },
          "method": "onView",
          "args": [
            {
              "type": "Invocation",
              "value": {
                "target": {
                  "type": "Class",
                  "value": "com.wix.detox.espresso.DetoxMatcher"
                },
                "method": "matcherForTestId",
                "args": [
                  "home-tab",
                  {
                    "type": "boolean",
                    "value": false
                  }
                ]
              }
            }
          ]
        }
      },
      {
        "type": "Invocation",
        "value": {
          "target": {
            "type": "Class",
            "value": "com.wix.detox.espresso.DetoxMatcher"
          },
          "method": "matcherForSufficientlyVisible",
          "args": [
            {
              "type": "Integer",
              "value": 75
            }
          ]
        }
      }
    ]
  }
17:06:11.669 detox[20096] [90mi[39m get
  data: {"messageId":33,"type":"invokeResult","params":{"result":null}}
17:06:11.669 detox[20096] [90mi[39m send
  data: {
    "messageId": 33,
    "type": "invokeResult",
    "params": {
      "result": null
    }
  }
17:06:11.669 detox[20097] [90mi[39m get message
  data: {"messageId":33,"type":"invokeResult","params":{"result":null}}
   
17:06:11.669 detox[20097] [90mE[39m expect element to be visible
17:06:11.670 detox[20096] [90mi[39m get
  data: {"type":"invoke","params":{"target":{"type":"Class","value":"com.wix.detox.espresso.DetoxAssertion"},"method":"assertMatcher","args":[{"type":"Invocation","value":{"target":{"type":"Class","value":"androidx.test.espresso.Espresso"},"method":"onView","args":[{"type":"Invocation","value":{"target":{"type":"Class","value":"com.wix.detox.espresso.DetoxMatcher"},"method":"matcherForTestId","args":["details-tab",{"type":"boolean","value":false}]}}]}},{"type":"Invocation","value":{"target":{"type":"Class","value":"com.wix.detox.espresso.DetoxMatcher"},"method":"matcherForSufficientlyVisible","args":[{"type":"Integer","value":75}]}}]},"messageId":34}
17:06:11.670 detox[20096] [90mi[39m send
  data: {
    "type": "invoke",
    "params": {
      "target": {
        "type": "Class",
        "value": "com.wix.detox.espresso.DetoxAssertion"
      },
      "method": "assertMatcher",
      "args": [
        {
          "type": "Invocation",
          "value": {
            "target": {
              "type": "Class",
              "value": "androidx.test.espresso.Espresso"
            },
            "method": "onView",
            "args": [
              {
                "type": "Invocation",
                "value": {
                  "target": {
                    "type": "Class",
                    "value": "com.wix.detox.espresso.DetoxMatcher"
                  },
                  "method": "matcherForTestId",
                  "args": [
                    "details-tab",
                    {
                      "type": "boolean",
                      "value": false
                    }
                  ]
                }
              }
            ]
          }
        },
        {
          "type": "Invocation",
          "value": {
            "target": {
              "type": "Class",
              "value": "com.wix.detox.espresso.DetoxMatcher"
            },
            "method": "matcherForSufficientlyVisible",
            "args": [
              {
                "type": "Integer",
                "value": 75
              }
            ]
          }
        }
      ]
    },
    "messageId": 34
  }
17:06:11.670 detox[20097] [90mi[39m send message
  data: {"type":"invoke","params":{"target":{"type":"Class","value":"com.wix.detox.espresso.DetoxAssertion"},"method":"assertMatcher","args":[{"type":"Invocation","value":{"target":{"type":"Class","value":"androidx.test.espresso.Espresso"},"method":"onView","args":[{"type":"Invocation","value":{"target":{"type":"Class","value":"com.wix.detox.espresso.DetoxMatcher"},"method":"matcherForTestId","args":["details-tab",{"type":"boolean","value":false}]}}]}},{"type":"Invocation","value":{"target":{"type":"Class","value":"com.wix.detox.espresso.DetoxMatcher"},"method":"matcherForSufficientlyVisible","args":[{"type":"Integer","value":75}]}}]},"messageId":34}
17:06:11.670 detox[20097] [90mB[39m expect element to be visible
  data: {
    "target": {
      "type": "Class",
      "value": "com.wix.detox.espresso.DetoxAssertion"
    },
    "method": "assertMatcher",
    "args": [
      {
        "type": "Invocation",
        "value": {
          "target": {
            "type": "Class",
            "value": "androidx.test.espresso.Espresso"
          },
          "method": "onView",
          "args": [
            {
              "type": "Invocation",
              "value": {
                "target": {
                  "type": "Class",
                  "value": "com.wix.detox.espresso.DetoxMatcher"
                },
                "method": "matcherForTestId",
                "args": [
                  "details-tab",
                  {
                    "type": "boolean",
                    "value": false
                  }
                ]
              }
            }
          ]
        }
      },
      {
        "type": "Invocation",
        "value": {
          "target": {
            "type": "Class",
            "value": "com.wix.detox.espresso.DetoxMatcher"
          },
          "method": "matcherForSufficientlyVisible",
          "args": [
            {
              "type": "Integer",
              "value": 75
            }
          ]
        }
      }
    ]
  }
17:06:11.712 detox[20096] [90mi[39m get
  data: {"messageId":34,"type":"invokeResult","params":{"result":null}}
17:06:11.712 detox[20096] [90mi[39m send
  data: {
    "messageId": 34,
    "type": "invokeResult",
    "params": {
      "result": null
    }
  }
17:06:11.713 detox[20097] [90mi[39m get message
  data: {"messageId":34,"type":"invokeResult","params":{"result":null}}
   
17:06:11.713 detox[20097] [90mE[39m expect element to be visible
17:06:11.713 detox[20097] [90mi[39m send message
  data: {"type":"invoke","params":{"target":{"type":"Class","value":"com.wix.detox.espresso.DetoxAssertion"},"method":"assertMatcher","args":[{"type":"Invocation","value":{"target":{"type":"Class","value":"androidx.test.espresso.Espresso"},"method":"onView","args":[{"type":"Invocation","value":{"target":{"type":"Class","value":"com.wix.detox.espresso.DetoxMatcher"},"method":"matcherForTestId","args":["profile-tab",{"type":"boolean","value":false}]}}]}},{"type":"Invocation","value":{"target":{"type":"Class","value":"com.wix.detox.espresso.DetoxMatcher"},"method":"matcherForSufficientlyVisible","args":[{"type":"Integer","value":75}]}}]},"messageId":35}
17:06:11.714 detox[20096] [90mi[39m get
  data: {"type":"invoke","params":{"target":{"type":"Class","value":"com.wix.detox.espresso.DetoxAssertion"},"method":"assertMatcher","args":[{"type":"Invocation","value":{"target":{"type":"Class","value":"androidx.test.espresso.Espresso"},"method":"onView","args":[{"type":"Invocation","value":{"target":{"type":"Class","value":"com.wix.detox.espresso.DetoxMatcher"},"method":"matcherForTestId","args":["profile-tab",{"type":"boolean","value":false}]}}]}},{"type":"Invocation","value":{"target":{"type":"Class","value":"com.wix.detox.espresso.DetoxMatcher"},"method":"matcherForSufficientlyVisible","args":[{"type":"Integer","value":75}]}}]},"messageId":35}
17:06:11.714 detox[20096] [90mi[39m send
  data: {
    "type": "invoke",
    "params": {
      "target": {
        "type": "Class",
        "value": "com.wix.detox.espresso.DetoxAssertion"
      },
      "method": "assertMatcher",
      "args": [
        {
          "type": "Invocation",
          "value": {
            "target": {
              "type": "Class",
              "value": "androidx.test.espresso.Espresso"
            },
            "method": "onView",
            "args": [
              {
                "type": "Invocation",
                "value": {
                  "target": {
                    "type": "Class",
                    "value": "com.wix.detox.espresso.DetoxMatcher"
                  },
                  "method": "matcherForTestId",
                  "args": [
                    "profile-tab",
                    {
                      "type": "boolean",
                      "value": false
                    }
                  ]
                }
              }
            ]
          }
        },
        {
          "type": "Invocation",
          "value": {
            "target": {
              "type": "Class",
              "value": "com.wix.detox.espresso.DetoxMatcher"
            },
            "method": "matcherForSufficientlyVisible",
            "args": [
              {
                "type": "Integer",
                "value": 75
              }
            ]
          }
        }
      ]
    },
    "messageId": 35
  }
17:06:11.714 detox[20097] [90mB[39m expect element to be visible
  data: {
    "target": {
      "type": "Class",
      "value": "com.wix.detox.espresso.DetoxAssertion"
    },
    "method": "assertMatcher",
    "args": [
      {
        "type": "Invocation",
        "value": {
          "target": {
            "type": "Class",
            "value": "androidx.test.espresso.Espresso"
          },
          "method": "onView",
          "args": [
            {
              "type": "Invocation",
              "value": {
                "target": {
                  "type": "Class",
                  "value": "com.wix.detox.espresso.DetoxMatcher"
                },
                "method": "matcherForTestId",
                "args": [
                  "profile-tab",
                  {
                    "type": "boolean",
                    "value": false
                  }
                ]
              }
            }
          ]
        }
      },
      {
        "type": "Invocation",
        "value": {
          "target": {
            "type": "Class",
            "value": "com.wix.detox.espresso.DetoxMatcher"
          },
          "method": "matcherForSufficientlyVisible",
          "args": [
            {
              "type": "Integer",
              "value": 75
            }
          ]
        }
      }
    ]
  }
17:06:11.756 detox[20096] [90mi[39m get
  data: {"messageId":35,"type":"invokeResult","params":{"result":null}}
17:06:11.756 detox[20096] [90mi[39m send
  data: {
    "messageId": 35,
    "type": "invokeResult",
    "params": {
      "result": null
    }
  }
17:06:11.757 detox[20097] [90mi[39m get message
  data: {"messageId":35,"type":"invokeResult","params":{"result":null}}
   
17:06:11.757 detox[20097] [90mE[39m expect element to be visible
17:06:11.757 detox[20097] [90mi[39m  All tabs still visible on Details
17:06:11.757 detox[20097] [90mi[39m  Tab visibility test complete!
17:06:11.758 detox[20097] [90mE[39m test_fn
17:06:11.758 detox[20097] [90mB[39m afterEach
17:06:11.758 detox[20097] [90mB[39m takeScreenshot
  args: ("navigation-test-screenshot")
17:06:11.758 detox[20097] [90mi[39m "/Users/ips-162/Library/Android/sdk/platform-tools/adb" -s ZD22227Q7K shell "screencap /sdcard/17513478_14.png"
17:06:12.348 detox[20097] [90mi[39m 
17:06:12.349 detox[20097] [90mi[39m "/Users/ips-162/Library/Android/sdk/platform-tools/adb" -s ZD22227Q7K pull "/sdcard/17513478_14.png" "/private/var/folders/r0/j9yltjr10ysg22c7l5sx938r0000gn/T/detox-20097-3HoeDo.detox.png"
17:06:12.372 detox[20097] [90mi[39m /sdcard/17513478_14.png: 1 file pulled, 0 skipped. 15.2 MB/s (53340 bytes in 0.003s)

17:06:12.372 detox[20097] [90mi[39m "/Users/ips-162/Library/Android/sdk/platform-tools/adb" -s ZD22227Q7K shell "rm  \"/sdcard/17513478_14.png\""
17:06:12.439 detox[20097] [90mi[39m 
17:06:12.439 detox[20097] [90mB[39m onCreateExternalArtifact
  args: ({"pluginId":"screenshot","artifactName":"navigation-test-screenshot","artifactPath":"/private/var/folders/r0/j9yltjr10ysg22c7l5sx938r0000gn/T/detox-20097-3HoeDo.detox.png"})
17:06:12.439 detox[20097] [90mi[39m starting FileArtifact
17:06:12.439 detox[20097] [90mi[39m stopping FileArtifact
17:06:12.439 detox[20097] [90mE[39m onCreateExternalArtifact
17:06:12.439 detox[20097] [90mE[39m takeScreenshot
17:06:12.439 detox[20097] [90mE[39m afterEach
17:06:12.440 detox[20097] [90mB[39m onTestDone
  args: ({"title":"should maintain bottom tab visibility","fullName":"Navigation Between Core Screens should maintain bottom tab visibility","status":"passed","invocations":1})
17:06:12.440 detox[20097] [90mi[39m stopping ADBLogcatRecording
17:06:12.440 detox[20097] [90mi[39m starting ADBScreencapRecording
17:06:12.440 detox[20097] [90mi[39m "/Users/ips-162/Library/Android/sdk/platform-tools/adb" -s ZD22227Q7K shell "screencap /sdcard/17513478_15.png"
17:06:12.441 detox[20097] [90mi[39m "/Users/ips-162/Library/Android/sdk/platform-tools/adb" -s ZD22227Q7K shell "date +\"%m-%d %T.000\""
17:06:12.509 detox[20097] [90mi[39m 12-17 17:07:16.000

17:06:12.511 detox[20097] [90mi[39m sending SIGINT to: /Users/ips-162/Library/Android/sdk/platform-tools/adb -s ZD22227Q7K shell logcat -T "12-17 17:07:13.000" --pid=24414 -f /sdcard/17513478_13.log
17:06:12.512 detox[20097] [90mi[39m /Users/ips-162/Library/Android/sdk/platform-tools/adb -s ZD22227Q7K shell "logcat -T \"12-17 17:07:13.000\" --pid=24414 -f /sdcard/17513478_13.log" terminated with SIGINT
17:06:12.512 detox[20097] [90mi[39m saving ADBLogcatRecording to: artifacts/android.att.debug.2025-12-17 11-35-11Z/✓ Navigation Between Core Screens should maintain bottom tab visibility/device.log
17:06:12.512 detox[20097] [90mi[39m "/Users/ips-162/Library/Android/sdk/platform-tools/adb" -s ZD22227Q7K pull "/sdcard/17513478_13.log" "artifacts/android.att.debug.2025-12-17 11-35-11Z/✓ Navigation Between Core Screens should maintain bottom tab visibility/device.log"
17:06:12.532 detox[20097] [90mi[39m /sdcard/17513478_13.log: 1 file pulled, 0 skipped. 4.8 MB/s (13938 bytes in 0.003s)

17:06:12.532 detox[20097] [90mi[39m "/Users/ips-162/Library/Android/sdk/platform-tools/adb" -s ZD22227Q7K shell "rm  \"/sdcard/17513478_13.log\""
17:06:12.617 detox[20097] [90mi[39m 
17:06:12.991 detox[20097] [90mi[39m 
17:06:12.991 detox[20097] [90mi[39m stopping ADBScreencapRecording
17:06:12.991 detox[20097] [90mE[39m onTestDone
17:06:12.991 detox[20097] [90mE[39m should maintain bottom tab visibility
17:06:12.991 detox[20097] [90mi[39m Navigation Between Core Screens: should maintain bottom tab visibility [OK]
17:06:12.992 detox[20097] [90mB[39m onRunDescribeFinish
  args: ({"name":"Navigation Between Core Screens"})
17:06:12.993 detox[20097] [90mE[39m onRunDescribeFinish
17:06:12.993 detox[20097] [90mE[39m Navigation Between Core Screens
17:06:12.993 detox[20097] [90mB[39m afterAll
17:06:12.993 detox[20097] [90mi[39m 🏁 Test suite completed
17:06:12.993 detox[20097] [90mE[39m afterAll
17:06:12.994 detox[20097] [90mB[39m onRunDescribeFinish
  args: ({"name":"ROOT_DESCRIBE_BLOCK"})
17:06:12.994 detox[20097] [90mE[39m onRunDescribeFinish
17:06:12.994 detox[20097] [90mE[39m run the tests
17:06:12.996 detox[20097] [90mB[39m tear down environment
17:06:12.996 detox[20097] [90mB[39m onBeforeCleanup
  args: ()
17:06:12.998 detox[20097] [90mi[39m saving FileArtifact to: artifacts/android.att.debug.2025-12-17 11-35-11Z/✓ Navigation Between Core Screens should maintain bottom tab visibility/navigation-test-screenshot.png
17:06:12.998 detox[20097] [90mi[39m moving "/private/var/folders/r0/j9yltjr10ysg22c7l5sx938r0000gn/T/detox-20097-3HoeDo.detox.png" to artifacts/android.att.debug.2025-12-17 11-35-11Z/✓ Navigation Between Core Screens should maintain bottom tab visibility/navigation-test-screenshot.png
17:06:13.000 detox[20097] [90mi[39m saving ADBScreencapRecording to: artifacts/android.att.debug.2025-12-17 11-35-11Z/✓ Navigation Between Core Screens should maintain bottom tab visibility/testDone.png
17:06:13.000 detox[20097] [90mi[39m "/Users/ips-162/Library/Android/sdk/platform-tools/adb" -s ZD22227Q7K pull "/sdcard/17513478_15.png" "artifacts/android.att.debug.2025-12-17 11-35-11Z/✓ Navigation Between Core Screens should maintain bottom tab visibility/testDone.png"
17:06:13.051 detox[20097] [90mi[39m /sdcard/17513478_15.png: 1 file pulled, 0 skipped. 5.1 MB/s (53340 bytes in 0.010s)

17:06:13.051 detox[20097] [90mi[39m "/Users/ips-162/Library/Android/sdk/platform-tools/adb" -s ZD22227Q7K shell "rm  \"/sdcard/17513478_15.png\""
17:06:13.165 detox[20097] [90mi[39m 
17:06:13.166 detox[20097] [90mi[39m saving FileArtifact to: artifacts/android.att.debug.2025-12-17 11-35-11Z/detox_pid_20097.json.log { append: true }
17:06:13.166 detox[20097] [90mi[39m saving FileArtifact to: artifacts/android.att.debug.2025-12-17 11-35-11Z/detox_pid_20097.log { append: true }
17:06:13.166 detox[20097] [90mE[39m onBeforeCleanup
17:06:13.215 detox[20097] [90mi[39m send message
  data: {"type":"cleanup","params":{"stopRunner":true},"messageId":-49642}
17:06:13.216 detox[20096] [90mi[39m get
  data: {"type":"cleanup","params":{"stopRunner":true},"messageId":-49642}
17:06:13.216 detox[20096] [90mi[39m send
  data: {
    "type": "cleanup",
    "params": {
      "stopRunner": true
    },
    "messageId": -49642
  }
17:06:13.230 detox[20096] [90mi[39m get
  data: {"messageId":-49642,"type":"cleanupDone","params":{}}
17:06:13.230 detox[20096] [90mi[39m send
  data: {
    "messageId": -49642,
    "type": "cleanupDone",
    "params": {}
  }
17:06:13.232 detox[20097] [90mi[39m get message
  data: {"messageId":-49642,"type":"cleanupDone","params":{}}
   
17:06:13.234 detox[20096] [90mi[39m app exited session 508c2e42-0dde-e184-7854-819a9c23b570
17:06:13.234 detox[20096] [90mi[39m send
  data: {
    "type": "appDisconnected"
  }
17:06:13.234 detox[20096] [90mE[39m connection :57932<->:58157
17:06:13.236 detox[20096] [90mi[39m tester exited session 508c2e42-0dde-e184-7854-819a9c23b570
17:06:13.236 detox[20096] [90mE[39m connection :57932<->:57953
17:06:13.236 detox[20097] [90mi[39m sending SIGINT to: /Users/ips-162/Library/Android/sdk/platform-tools/adb -s ZD22227Q7K shell am instrument -w -r -e detoxServer ws://localhost:57932 -e detoxSessionId 508c2e42-0dde-e184-7854-819a9c23b570 -e debug false com.detoxtest.test/androidx.test.runner.AndroidJUnitRunner
17:06:13.238 detox[20097] [90mi[39m /Users/ips-162/Library/Android/sdk/platform-tools/adb -s ZD22227Q7K shell am instrument -w -r -e detoxServer ws://localhost:57932 -e detoxSessionId 508c2e42-0dde-e184-7854-819a9c23b570 -e debug false com.detoxtest.test/androidx.test.runner.AndroidJUnitRunner terminated with SIGINT
17:06:13.239 detox[20097] [90mi[39m "/Users/ips-162/Library/Android/sdk/platform-tools/adb" -s ZD22227Q7K reverse --remove tcp:57932
17:06:13.240 detox[20097] [90mi[39m dispatching event to  primary-20096 /tmp/detox.primary-20096  :  deallocateDevice , { deviceCookie: { id: 'ZD22227Q7K', adbName: 'ZD22227Q7K' } }
17:06:13.241 detox[20096] [90mi[39m received event of :  deallocateDevice { deviceCookie: { id: 'ZD22227Q7K', adbName: 'ZD22227Q7K' } }
17:06:13.241 detox[20096] [90mB[39m free: ZD22227Q7K
  data: {}
17:06:13.243 detox[20096] [90mE[39m free: ZD22227Q7K
17:06:13.243 detox[20096] [90mi[39m dispatching event to socket  :  deallocateDeviceDone {}
17:06:13.244 detox[20097] [90mi[39m ## received events ##
17:06:13.244 detox[20097] [90mi[39m detected event deallocateDeviceDone {}
17:06:13.245 detox[20097] [90mE[39m tear down environment
17:06:13.245 detox[20097] [90mE[39m e2e/navigation.e2e.js
17:06:13.252 detox[20097] [90mi[39m dispatching event to  primary-20096 /tmp/detox.primary-20096  :  reportTestResults , {
  testResults: [
    {
      success: true,
      testFilePath: '/Users/ips-162/Documents/RearchTopics/DetoxTest/e2e/navigation.e2e.js',
      testExecError: undefined,
      isPermanentFailure: false
    }
  ]
}
17:06:13.255 detox[20096] [90mi[39m received event of :  reportTestResults {
  testResults: [
    {
      success: true,
      testFilePath: '/Users/ips-162/Documents/RearchTopics/DetoxTest/e2e/navigation.e2e.js',
      isPermanentFailure: false
    }
  ]
}
17:06:13.255 detox[20096] [90mi[39m dispatching event to socket  :  reportTestResultsDone {
  testResults: [
    {
      success: true,
      testFilePath: '/Users/ips-162/Documents/RearchTopics/DetoxTest/e2e/navigation.e2e.js',
      isPermanentFailure: false
    }
  ]
}
17:06:13.256 detox[20096] [90mi[39m broadcasting event to all known sockets listening to  /tmp/detox.primary-20096  :   sessionStateUpdate {
  testResults: [
    {
      success: true,
      testFilePath: '/Users/ips-162/Documents/RearchTopics/DetoxTest/e2e/navigation.e2e.js',
      isPermanentFailure: false
    }
  ]
}
17:06:13.257 detox[20097] [90mi[39m ## received events ##
17:06:13.258 detox[20097] [90mi[39m detected event reportTestResultsDone {
  testResults: [
    {
      success: true,
      testFilePath: '/Users/ips-162/Documents/RearchTopics/DetoxTest/e2e/navigation.e2e.js',
      isPermanentFailure: false
    }
  ]
}
17:06:13.258 detox[20097] [90mi[39m detected event sessionStateUpdate {
  testResults: [
    {
      success: true,
      testFilePath: '/Users/ips-162/Documents/RearchTopics/DetoxTest/e2e/navigation.e2e.js',
      isPermanentFailure: false
    }
  ]
}
17:06:13.273 detox[20096] [90mi[39m socket disconnected secondary-20097
17:06:13.274 detox[20097] [90mi[39m connection closed primary-20096 /tmp/detox.primary-20096 0 tries remaining of 0
17:06:13.275 detox[20097] [90mi[39m secondary-20097 exceeded connection rety amount of  or stopRetrying flag set.
17:06:13.283 detox[20097] [90mi[39m 
17:06:13.362 detox[20096] [90mE[39m jest --config e2e/jest.config.js e2e/navigation.e2e.js
17:06:13.362 detox[20096] [90mB[39m cleanup
  args: ()
17:06:13.362 detox[20096] [90mE[39m cleanup
17:06:13.363 detox[20096] [90mi[39m Detox server has been closed gracefully
17:06:13.364 detox[20096] [90mE[39m node_modules/.bin/detox test --configuration android.att.debug e2e/navigation.e2e.js
