--------- beginning of main
12-17 17:22:54.384 28071 28581 D DetoxWSClient: Received action 'reactNativeReload' (ID #-1000, params={})
12-17 17:22:54.384 28071 28562 I DetoxDispatcher: Handling action 'reactNativeReload' (ID #-1000)...
12-17 17:22:54.406 28071 28562 I DetoxRNExt: Reloading React Native
12-17 17:22:54.407 28071 28562 D IdlingRegistry: Unregistering idling resources: [com.wix.detox.reactnative.idlingresources.timers.FabricTimersIdlingResource@1f7f2c6]
12-17 17:22:54.407 28071 28562 D IdlingRegistry: Unregistering idling resources: [com.wix.detox.reactnative.idlingresources.StabilizedIdlingResource@7e5c5b4]
12-17 17:22:54.407 28071 28562 D IdlingRegistry: Unregistering idling resources: [com.wix.detox.reactnative.idlingresources.uimodule.fabric.FabricUIManagerIdlingResources@b33a108]
12-17 17:22:54.407 28071 28562 D IdlingRegistry: Unregistering idling resources: [com.wix.detox.reactnative.idlingresources.animations.AnimatedModuleIdlingResource@43c30a1]
12-17 17:22:54.408 28071 28562 D IdlingRegistry: Unregistering idling resources: [com.wix.detox.reactnative.idlingresources.network.NetworkIdlingResource@daee287]
12-17 17:22:54.411 28071 28699 W unknown:BridgelessReact: ReactHost{0}.getOrCreateReloadTask()
12-17 17:22:54.412 28071 28699 W unknown:BridgelessReact: ReactHost{0}.raiseSoftException(getOrCreateReloadTask()): Detox
12-17 17:22:54.412 28071 28699 E unknown:ReactHost: Unhandled SoftException
12-17 17:22:54.412 28071 28699 E unknown:ReactHost: com.facebook.react.bridge.ReactNoCrashSoftException: raiseSoftException(getOrCreateReloadTask()): Detox
12-17 17:22:54.412 28071 28699 E unknown:ReactHost: 	at com.facebook.react.runtime.ReactHostImpl.raiseSoftException(ReactHostImpl.java:1038)
12-17 17:22:54.412 28071 28699 E unknown:ReactHost: 	at com.facebook.react.runtime.ReactHostImpl.raiseSoftException(ReactHostImpl.java:1031)
12-17 17:22:54.412 28071 28699 E unknown:ReactHost: 	at com.facebook.react.runtime.ReactHostImpl.getOrCreateReloadTask(ReactHostImpl.java:1478)
12-17 17:22:54.412 28071 28699 E unknown:ReactHost: 	at com.facebook.react.runtime.ReactHostImpl.lambda$reload$5(ReactHostImpl.java:502)
12-17 17:22:54.412 28071 28699 E unknown:ReactHost: 	at com.facebook.react.runtime.ReactHostImpl.$r8$lambda$pnssLYpRgj-ac0gqivuqyD-9TKQ(Unknown Source:0)
12-17 17:22:54.412 28071 28699 E unknown:ReactHost: 	at com.facebook.react.runtime.ReactHostImpl$$ExternalSyntheticLambda0.call(D8$$SyntheticClass:0)
12-17 17:22:54.412 28071 28699 E unknown:ReactHost: 	at com.facebook.react.runtime.internal.bolts.Task$Companion.call$lambda$2(Task.kt:315)
12-17 17:22:54.412 28071 28699 E unknown:ReactHost: 	at com.facebook.react.runtime.internal.bolts.Task$Companion.$r8$lambda$MFqd_-X5KhHmu0hvNE2Bec_4mJM(Unknown Source:0)
12-17 17:22:54.412 28071 28699 E unknown:ReactHost: 	at com.facebook.react.runtime.internal.bolts.Task$Companion$$ExternalSyntheticLambda1.run(D8$$SyntheticClass:0)
12-17 17:22:54.412 28071 28699 E unknown:ReactHost: 	at java.util.concurrent.ThreadPoolExecutor.runWorker(ThreadPoolExecutor.java:1156)
12-17 17:22:54.412 28071 28699 E unknown:ReactHost: 	at java.util.concurrent.ThreadPoolExecutor$Worker.run(ThreadPoolExecutor.java:651)
12-17 17:22:54.412 28071 28699 E unknown:ReactHost: 	at java.lang.Thread.run(Thread.java:1119)
12-17 17:22:54.412 28071 28699 W unknown:BridgelessReact: ReactHost{0}.getOrCreateReloadTask(): Resetting createReactInstance task ref
12-17 17:22:54.413 28071 28071 W unknown:BridgelessReact: ReactHost{0}.getOrCreateReloadTask(): Starting React Native reload
12-17 17:22:54.413 28071 28071 W unknown:BridgelessReact: ReactHost{0}.getOrCreateReloadTask(): Calling ReactContext.onHostPause()
12-17 17:22:54.414 28071 28071 W unknown:BridgelessReact: ReactHost{0}.raiseSoftException(callWithExistingReactInstance(callFunctionOnModule("RCTDeviceEventEmitter", "emit"))): Execute: reactInstance is null. Dropping work.
12-17 17:22:54.416 28071 28071 E unknown:ReactHost: Unhandled SoftException
12-17 17:22:54.416 28071 28071 E unknown:ReactHost: com.facebook.react.bridge.ReactNoCrashSoftException: raiseSoftException(callWithExistingReactInstance(callFunctionOnModule("RCTDeviceEventEmitter", "emit"))): Execute: reactInstance is null. Dropping work.
12-17 17:22:54.416 28071 28071 E unknown:ReactHost: 	at com.facebook.react.runtime.ReactHostImpl.raiseSoftException(ReactHostImpl.java:1038)
12-17 17:22:54.416 28071 28071 E unknown:ReactHost: 	at com.facebook.react.runtime.ReactHostImpl.raiseSoftException(ReactHostImpl.java:1031)
12-17 17:22:54.416 28071 28071 E unknown:ReactHost: 	at com.facebook.react.runtime.ReactHostImpl.lambda$callWithExistingReactInstance$16(ReactHostImpl.java:1059)
12-17 17:22:54.416 28071 28071 E unknown:ReactHost: 	at com.facebook.react.runtime.ReactHostImpl.$r8$lambda$v_wsWn1AM15FUeMv5__nLvaLvTQ(Unknown Source:0)
12-17 17:22:54.416 28071 28071 E unknown:ReactHost: 	at com.facebook.react.runtime.ReactHostImpl$$ExternalSyntheticLambda16.then(D8$$SyntheticClass:0)
12-17 17:22:54.416 28071 28071 E unknown:ReactHost: 	at com.facebook.react.runtime.internal.bolts.Task$Companion.completeImmediately$lambda$3(Task.kt:356)
12-17 17:22:54.416 28071 28071 E unknown:ReactHost: 	at com.facebook.react.runtime.internal.bolts.Task$Companion.$r8$lambda$b7MTC0ufkn_2TjF4BGcNqGR9qK0(Unknown Source:0)
12-17 17:22:54.416 28071 28071 E unknown:ReactHost: 	at com.facebook.react.runtime.internal.bolts.Task$Companion$$ExternalSyntheticLambda3.run(D8$$SyntheticClass:0)
12-17 17:22:54.416 28071 28071 E unknown:ReactHost: 	at com.facebook.react.runtime.internal.bolts.Executors$ImmediateExecutor.execute(Executors.kt:41)
12-17 17:22:54.416 28071 28071 E unknown:ReactHost: 	at com.facebook.react.runtime.internal.bolts.Task$Companion.completeImmediately(Task.kt:354)
12-17 17:22:54.416 28071 28071 E unknown:ReactHost: 	at com.facebook.react.runtime.internal.bolts.Task$Companion.access$completeImmediately(Task.kt:250)
12-17 17:22:54.416 28071 28071 E unknown:ReactHost: 	at com.facebook.react.runtime.internal.bolts.Task.continueWith(Task.kt:132)
12-17 17:22:54.416 28071 28071 E unknown:ReactHost: 	at com.facebook.react.runtime.internal.bolts.Task.continueWith$default(Task.kt:117)
12-17 17:22:54.416 28071 28071 E unknown:ReactHost: 	at com.facebook.react.runtime.internal.bolts.Task.onSuccess$lambda$12(Task.kt:174)
12-17 17:22:54.416 28071 28071 E unknown:ReactHost: 	at com.facebook.react.runtime.internal.bolts.Task.$r8$lambda$l0wwo5AvbHxlwfI1R7CH_codxoo(Unknown Source:0)
12-17 17:22:54.416 28071 28071 E unknown:ReactHost: 	at com.facebook.react.runtime.internal.bolts.Task$$ExternalSyntheticLambda2.then(D8$$SyntheticClass:0)
12-17 17:22:54.416 28071 28071 E unknown:ReactHost: 	at com.facebook.react.runtime.internal.bolts.Task$Companion.completeAfterTask$lambda$5(Task.kt:390)
12-17 17:22:54.416 28071 28071 E unknown:ReactHost: 	at com.facebook.react.runtime.internal.bolts.Task$Companion.$r8$lambda$IPpysnehFwANEiW061YzapkMdoE(Unknown Source:0)
12-17 17:22:54.416 28071 28071 E unknown:ReactHost: 	at com.facebook.react.runtime.internal.bolts.Task$Companion$$ExternalSyntheticLambda4.run(D8$$SyntheticClass:0)
12-17 17:22:54.416 28071 28071 E unknown:ReactHost: 	at com.facebook.react.runtime.internal.bolts.Executors$ImmediateExecutor.execute(Executors.kt:41)
12-17 17:22:54.416 28071 28071 E unknown:ReactHost: 	at com.facebook.react.runtime.internal.bolts.Task$Companion.completeAfterTask(Task.kt:388)
12-17 17:22:54.416 28071 28071 E unknown:ReactHost: 	at com.facebook.react.runtime.internal.bolts.Task$Companion.access$completeAfterTask(Task.kt:250)
12-17 17:22:54.416 28071 28071 E unknown:ReactHost: 	at com.facebook.react.runtime.internal.bolts.Task.continueWithTask(Task.kt:156)
12-17 17:22:54.416 28071 28071 E unknown:ReactHost: 	at com.facebook.react.runtime.internal.bolts.Task.onSuccess(Task.kt:169)
12-17 17:22:54.416 28071 28071 E unknown:ReactHost: 	at com.facebook.react.runtime.ReactHostImpl.callWithExistingReactInstance(ReactHostImpl.java:1055)
12-17 17:22:54.416 28071 28071 E unknown:ReactHost: 	at com.facebook.react.runtime.ReactHostImpl.callFunctionOnModule(ReactHostImpl.java:912)
12-17 17:22:54.416 28071 28071 E unknown:ReactHost: 	at com.facebook.react.runtime.BridgelessReactContext.emitDeviceEvent(BridgelessReactContext.kt:132)
12-17 17:22:54.416 28071 28071 E unknown:ReactHost: 	at com.facebook.react.modules.appstate.AppStateModule.sendEvent(AppStateModule.kt:71)
12-17 17:22:54.416 28071 28071 E unknown:ReactHost: 	at com.facebook.react.modules.appstate.AppStateModule.sendAppStateChangeEvent(AppStateModule.kt:75)
12-17 17:22:54.416 28071 28071 E unknown:ReactHost: 	at com.facebook.react.modules.appstate.AppStateModule.onHostPause(AppStateModule.kt:48)
12-17 17:22:54.416 28071 28071 E unknown:ReactHost: 	at com.facebook.react.bridge.ReactContext.onHostPause(ReactContext.java:302)
12-17 17:22:54.416 28071 28071 E unknown:ReactHost: 	at com.facebook.react.runtime.ReactHostImpl.lambda$getOrCreateReloadTask$29(ReactHostImpl.java:1507)
12-17 17:22:54.416 28071 28071 E unknown:ReactHost: 	at com.facebook.react.runtime.ReactHostImpl.$r8$lambda$3_hO2W0xswhzVpHPxbwcWlR35dM(Unknown Source:0)
12-17 17:22:54.416 28071 28071 E unknown:ReactHost: 	at com.facebook.react.runtime.ReactHostImpl$$ExternalSyntheticLambda9.then(D8$$SyntheticClass:0)
12-17 17:22:54.416 28071 28071 E unknown:ReactHost: 	at com.facebook.react.runtime.internal.bolts.Task$Companion.completeAfterTask$lambda$5(Task.kt:390)
12-17 17:22:54.416 28071 28071 E unknown:ReactHost: 	at com.facebook.react.runtime.internal.bolts.Task$Companion.$r8$lambda$IPpysnehFwANEiW061YzapkMdoE(Unknown Source:0)
12-17 17:22:54.416 28071 28071 E unknown:ReactHost: 	at com.facebook.react.runtime.internal.bolts.Task$Companion$$ExternalSyntheticLambda4.run(D8$$SyntheticClass:0)
12-17 17:22:54.416 28071 28071 E unknown:ReactHost: 	at android.os.Handler.handleCallback(Handler.java:978)
12-17 17:22:54.416 28071 28071 E unknown:ReactHost: 	at android.os.Handler.dispatchMessage(Handler.java:104)
12-17 17:22:54.416 28071 28071 E unknown:ReactHost: 	at android.os.Looper.loopOnce(Looper.java:238)
12-17 17:22:54.416 28071 28071 E unknown:ReactHost: 	at android.os.Looper.loop(Looper.java:357)
12-17 17:22:54.416 28071 28071 E unknown:ReactHost: 	at android.app.ActivityThread.main(ActivityThread.java:8090)
12-17 17:22:54.416 28071 28071 E unknown:ReactHost: 	at java.lang.reflect.Method.invoke(Native Method)
12-17 17:22:54.416 28071 28071 E unknown:ReactHost: 	at com.android.internal.os.RuntimeInit$MethodAndArgsCaller.run(RuntimeInit.java:548)
12-17 17:22:54.416 28071 28071 E unknown:ReactHost: 	at com.android.internal.os.ZygoteInit.main(ZygoteInit.java:1026)
12-17 17:22:54.418 28071 28699 W unknown:BridgelessReact: ReactHost{0}.getOrCreateReloadTask(): Stopping all React Native surfaces
12-17 17:22:54.419 28071 28699 E unknown:SurfaceMountingManager: Stopping surface [21]
12-17 17:22:54.420 28071 28071 I ReactNative: [GESTURE HANDLER] Tearing down gesture handler registered for root view com.facebook.react.runtime.ReactSurfaceView{1faa882 V.E...... ........ 0,0-1080,2225 #15}
12-17 17:22:54.421 28071 28071 E unknown:SurfaceMountingManager: Surface [21] was stopped on SurfaceMountingManager.
12-17 17:22:54.433 28071 28071 W unknown:BridgelessReact: ReactHost{0}.getOrCreateReloadTask(): Removing memory pressure listener
12-17 17:22:54.433 28071 28071 W unknown:BridgelessReact: ReactHost{0}.getOrCreateReloadTask(): Resetting ReactContext ref
12-17 17:22:54.433 28071 28071 W unknown:BridgelessReact: ReactHost{0}.getOrCreateReloadTask(): Destroying ReactContext
12-17 17:22:54.433 28071 28071 W unknown:BridgelessReact: ReactHost{0}.getOrCreateReloadTask(): Calling DevSupportManager.onReactInstanceDestroyed(reactContext)
12-17 17:22:54.433 28071 28071 W unknown:ReactNative: Packager connection already open, nooping.
12-17 17:22:54.488 28071 28071 I com.detoxtest: Explicit concurrent copying GC freed 3704KB AllocSpace bytes, 0(0B) LOS objects, 49% free, 8943KB/17MB, paused 62us,41us total 54.501ms
12-17 17:22:54.489 28071 28699 W unknown:BridgelessReact: ReactHost{0}.getOrCreateReloadTask(): Resetting ReactInstance ptr
12-17 17:22:54.489 28071 28699 W unknown:BridgelessReact: ReactHost{0}.getOrCreateReloadTask(): Destroying ReactInstance
12-17 17:22:54.492 28071 28699 E unknown:ReactNative: Tried to remove non-existent frame callback
12-17 17:22:54.496 28071 28699 W unknown:ReactNative: Tried to enqueue runnable on already finished thread: 'v_native... dropping Runnable.
12-17 17:22:54.496 28071 28699 W unknown:ReactNative: Tried to enqueue runnable on already finished thread: 'v_native... dropping Runnable.
12-17 17:22:54.496 28071 28699 W unknown:ReactNative: Tried to enqueue runnable on already finished thread: 'v_native... dropping Runnable.
12-17 17:22:54.496 28071 28699 W unknown:ReactNative: Tried to enqueue runnable on already finished thread: 'v_native... dropping Runnable.
12-17 17:22:54.497 28071 28699 W unknown:ReactNative: Tried to enqueue runnable on already finished thread: 'v_native... dropping Runnable.
12-17 17:22:54.497 28071 28699 W unknown:ReactNative: Tried to enqueue runnable on already finished thread: 'v_native... dropping Runnable.
12-17 17:22:54.497 28071 28699 W unknown:ReactNative: Tried to enqueue runnable on already finished thread: 'v_native... dropping Runnable.
12-17 17:22:54.497 28071 28699 W unknown:ReactNative: Tried to enqueue runnable on already finished thread: 'v_native... dropping Runnable.
12-17 17:22:54.497 28071 28699 W unknown:ReactNative: Tried to enqueue runnable on already finished thread: 'v_native... dropping Runnable.
12-17 17:22:54.497 28071 28699 W unknown:ReactNative: Tried to enqueue runnable on already finished thread: 'v_native... dropping Runnable.
12-17 17:22:54.497 28071 28699 W unknown:ReactNative: Tried to enqueue runnable on already finished thread: 'v_native... dropping Runnable.
12-17 17:22:54.497 28071 28699 W unknown:ReactNative: Tried to enqueue runnable on already finished thread: 'v_native... dropping Runnable.
12-17 17:22:54.498 28071 28699 W unknown:ReactNative: Tried to enqueue runnable on already finished thread: 'v_native... dropping Runnable.
12-17 17:22:54.498 28071 28080 I OpenGLRenderer: Davey! duration=9223300515899ms; Flags=0, FrameTimelineVsyncId=2209410, IntendedVsync=71520955423097, Vsync=71521013756428, InputEventId=0, HandleInputStart=71521016875550, AnimationStart=71521016877113, PerformTraversalsStart=71521016951488, DrawStart=71521017474769, FrameDeadline=71520979423096, FrameInterval=71521016871383, FrameStartTime=8333333, SyncQueued=71521017598883, SyncStart=71521017672008, IssueDrawCommandsStart=71521017823936, SwapBuffers=71521018236852, FrameCompleted=9223372036854775807, DequeueBufferDuration=18281, QueueBufferDuration=803802, GpuCompleted=9223372036854775807, SwapBuffersCompleted=71521019667477, DisplayPresentTime=0, 
12-17 17:22:54.498 28071 28699 W unknown:ReactNative: Tried to enqueue runnable on already finished thread: 'v_native... dropping Runnable.
12-17 17:22:54.498 28071 28699 W unknown:ReactNative: Tried to enqueue runnable on already finished thread: 'v_native... dropping Runnable.
12-17 17:22:54.498 28071 28699 W unknown:ReactNative: Tried to enqueue runnable on already finished thread: 'v_native... dropping Runnable.
12-17 17:22:54.498 28071 28699 W unknown:ReactNative: Tried to enqueue runnable on already finished thread: 'v_native... dropping Runnable.
12-17 17:22:54.499 28071 28699 W unknown:ReactNative: Tried to enqueue runnable on already finished thread: 'v_native... dropping Runnable.
12-17 17:22:54.499 28071 28699 W unknown:ReactNative: Tried to enqueue runnable on already finished thread: 'v_native... dropping Runnable.
12-17 17:22:54.499 28071 28699 W unknown:ReactNative: Tried to enqueue runnable on already finished thread: 'v_native... dropping Runnable.
12-17 17:22:54.499 28071 28699 W unknown:ReactNative: Tried to enqueue runnable on already finished thread: 'v_native... dropping Runnable.
12-17 17:22:54.499 28071 28699 W unknown:ReactNative: Tried to enqueue runnable on already finished thread: 'v_native... dropping Runnable.
12-17 17:22:54.500 28071 28699 W unknown:ReactNative: Tried to enqueue runnable on already finished thread: 'v_native... dropping Runnable.
12-17 17:22:54.500 28071 28699 W unknown:ReactNative: Tried to enqueue runnable on already finished thread: 'v_native... dropping Runnable.
12-17 17:22:54.538 28071 28699 W unknown:BridgelessReact: ReactHost{0}.getOrCreateReloadTask(): Resetting start task ref
12-17 17:22:54.538 28071 28699 W unknown:BridgelessReact: ReactHost{0}.getOrCreateReactInstanceTask()
12-17 17:22:54.539 28071 28699 W unknown:BridgelessReact: ReactHost{0}.getOrCreateReactInstanceTask(): Start
12-17 17:22:54.539 28071 28699 D Detox.RNMarker: REACT_BRIDGELESS_LOADING_START (null)
12-17 17:22:54.539 28071 28699 W unknown:BridgelessReact: ReactHost{0}.getJSBundleLoader()
12-17 17:22:54.539 28071 28699 W unknown:BridgelessReact: ReactHost{0}.isMetroRunning()
12-17 17:22:54.551 28071 28706 W unknown:BridgelessReact: ReactHost{0}.isMetroRunning(): Async result = true
12-17 17:22:54.551 28071 28699 W unknown:BridgelessReact: ReactHost{0}.loadJSBundleFromMetro()
12-17 17:22:54.551 28071 28699 D Detox.RNMarker: DOWNLOAD_START (null)
12-17 17:22:54.897 28071 28706 D Detox.RNMarker: DOWNLOAD_END ({"url":"http:\/\/localhost:8081\/index.bundle?platform=android&dev=true&lazy=true&minify=false&app=com.detoxtest&modulesOnly=false&runModule=true&excludeSource=true&sourcePaths=url-server","filesChangedCount":0})
12-17 17:22:54.897 28071 28706 W unknown:BridgelessReact: ReactHost{0}.loadJSBundleFromMetro(): Creating BundleLoader
12-17 17:22:54.898 28071 28699 W unknown:BridgelessReact: ReactHost{0}.getOrCreateReactContext(): Creating BridgelessReactContext
12-17 17:22:54.898 28071 28699 W unknown:BridgelessReact: ReactHost{0}.getOrCreateReactInstanceTask(): Creating ReactInstance
12-17 17:22:54.899 28071 28699 W unknown:ReactNative: Inspector connection already open, nooping.
12-17 17:22:54.937 28071 28699 W unknown:BridgelessReact: ReactHost{0}.getOrCreateReactInstanceTask(): Loading JS Bundle
12-17 17:22:54.937 28071 28699 W unknown:BridgelessReact: ReactHost{0}.getOrCreateReactInstanceTask(): Calling DevSupportManagerBase.onNewReactContextCreated(reactContext)
12-17 17:22:54.937 28071 29082 D Detox.RNMarker: RUN_JS_BUNDLE_START (/index.bundle?platform=android&dev=true&lazy=true&minify=false&app=com.detoxtest&modulesOnly=false&runModule=true&excludeSource=true&sourcePaths=url-server)
12-17 17:22:54.938 28071 28699 W unknown:BridgelessReact: ReactHost{0}.getOrCreateReloadTask(): Restarting previously running React Native Surfaces
12-17 17:22:54.938 28071 28071 W unknown:ReactNative: Packager connection already open, nooping.
12-17 17:22:54.938 28071 28071 W unknown:BridgelessReact: ReactContext.onHostResume()
12-17 17:22:54.939 28071 28699 W unknown:BridgelessReact: ReactHost{0}.getOrCreateReloadTask(): Resetting reload task ref
12-17 17:22:54.939 28071 28071 W unknown:BridgelessReact: ReactHost{0}.getOrCreateReactInstanceTask(): Executing ReactInstanceEventListeners
12-17 17:22:54.940 28071 28071 I DetoxRNLoading: Got new RN-context through listener
12-17 17:22:54.941 28071 28562 I DetoxRNIdleRes: Setting up Espresso Idling Resources for React Native
12-17 17:22:54.953 28071 28071 D DetoxRNHelpers: Native RN module resolution (class com.reactnativecommunity.asyncstorage.AsyncStorageModule): no registered module found
12-17 17:22:54.954 28071 28562 D IdlingRegistry: Registering idling resources: [com.wix.detox.reactnative.idlingresources.uimodule.fabric.FabricUIManagerIdlingResources@6a4d9ca]
12-17 17:22:54.954 28071 28562 D IdlingRegistry: Registering idling resources: [com.wix.detox.reactnative.idlingresources.animations.AnimatedModuleIdlingResource@ac8773b]
12-17 17:22:54.954 28071 28562 D IdlingRegistry: Registering idling resources: [com.wix.detox.reactnative.idlingresources.timers.FabricTimersIdlingResource@e50ee58]
12-17 17:22:54.954 28071 28562 D IdlingRegistry: Registering idling resources: [com.wix.detox.reactnative.idlingresources.network.NetworkIdlingResource@1247bb1]
12-17 17:22:54.954 28071 28562 D IdlingRegistry: Registering idling resources: [com.wix.detox.reactnative.idlingresources.StabilizedIdlingResource@61ec896]
12-17 17:22:54.955 28071 28071 D DetoxRNHelpers: Native RN module resolution (class com.reactnativecommunity.asyncstorage.AsyncStorageModule): no registered module found
12-17 17:22:54.956 28071 28562 I DetoxWSClient: Sending out action 'ready' (ID #-1000)
12-17 17:22:54.956 28071 28562 I DetoxDispatcher: Done with action 'reactNativeReload'
12-17 17:22:54.969 28071 28581 D DetoxWSClient: Received action 'invoke' (ID #10, params={"target":{"type":"Class","value":"com.wix.detox.espresso.EspressoDetox"},"method":"setSynchronization","args":[{"type":"boolean","value":false}]})
12-17 17:22:54.970 28071 28562 I DetoxDispatcher: Handling action 'invoke' (ID #10)...
12-17 17:22:54.971 28071 28562 D Detox   : class com.wix.detox.espresso.EspressoDetox, setSynchronization, [false]
12-17 17:22:54.971 28071 28562 D IdlingRegistry: Unregistering idling resources: [com.wix.detox.reactnative.idlingresources.timers.FabricTimersIdlingResource@e50ee58]
12-17 17:22:54.971 28071 28562 D IdlingRegistry: Unregistering idling resources: [com.wix.detox.reactnative.idlingresources.StabilizedIdlingResource@61ec896]
12-17 17:22:54.971 28071 28562 D IdlingRegistry: Unregistering idling resources: [com.wix.detox.reactnative.idlingresources.uimodule.fabric.FabricUIManagerIdlingResources@6a4d9ca]
12-17 17:22:54.972 28071 28562 D IdlingRegistry: Unregistering idling resources: [com.wix.detox.reactnative.idlingresources.animations.AnimatedModuleIdlingResource@ac8773b]
12-17 17:22:54.973 28071 28562 D IdlingRegistry: Unregistering idling resources: [com.wix.detox.reactnative.idlingresources.network.NetworkIdlingResource@1247bb1]
12-17 17:22:54.973 28071 28562 I DetoxWSClient: Sending out action 'invokeResult' (ID #10)
12-17 17:22:54.973 28071 28562 I DetoxDispatcher: Done with action 'invoke'
12-17 17:22:55.377 28071 29082 W [RNScreens]: InsetObserverProxy registers on new context while it has not been invalidated on the old one. Please report this as issue at https://github.com/software-mansion/react-native-screens/issues
12-17 17:22:55.378 28071 29082 W unknown:ViewManagerPropertyUpdater: Could not find generated setter for class com.th3rdwave.safeareacontext.SafeAreaProviderManager
12-17 17:22:55.381 28071 29082 W unknown:ViewManagerPropertyUpdater: Could not find generated setter for class com.facebook.react.uimanager.LayoutShadowNode
12-17 17:22:55.383 28071 29082 W unknown:ViewManagerPropertyUpdater: Could not find generated setter for class com.swmansion.rnscreens.SearchBarManager
12-17 17:22:55.384 28071 29082 W unknown:ViewManagerPropertyUpdater: Could not find generated setter for class com.swmansion.rnscreens.ScreenFooterManager
12-17 17:22:55.385 28071 29082 W unknown:ViewManagerPropertyUpdater: Could not find generated setter for class com.swmansion.rnscreens.gamma.tabs.TabScreenViewManager
12-17 17:22:55.386 28071 29082 W unknown:ViewManagerPropertyUpdater: Could not find generated setter for class com.swmansion.rnscreens.ScreenContainerViewManager
12-17 17:22:55.387 28071 29082 W unknown:ViewManagerPropertyUpdater: Could not find generated setter for class com.swmansion.rnscreens.gamma.tabs.TabsHostViewManager
12-17 17:22:55.388 28071 29082 W unknown:ViewManagerPropertyUpdater: Could not find generated setter for class com.swmansion.rnscreens.ModalScreenViewManager
12-17 17:22:55.389 28071 29082 W unknown:ViewManagerPropertyUpdater: Could not find generated setter for class com.swmansion.rnscreens.ScreenStackHeaderConfigViewManager
12-17 17:22:55.390 28071 29082 W unknown:ViewManagerPropertyUpdater: Could not find generated setter for class com.swmansion.rnscreens.ScreenContentWrapperManager
12-17 17:22:55.391 28071 29082 W unknown:ViewManagerPropertyUpdater: Could not find generated setter for class com.th3rdwave.safeareacontext.SafeAreaViewManager
12-17 17:22:55.393 28071 29082 W unknown:ViewManagerPropertyUpdater: Could not find generated setter for class com.th3rdwave.safeareacontext.SafeAreaViewShadowNode
12-17 17:22:55.393 28071 29082 W unknown:ViewManagerPropertyUpdater: Could not find generated setter for class com.swmansion.rnscreens.safearea.SafeAreaViewManager
12-17 17:22:55.394 28071 29082 W unknown:ViewManagerPropertyUpdater: Could not find generated setter for class com.swmansion.rnscreens.safearea.paper.SafeAreaViewShadowNode
12-17 17:22:55.394 28071 29082 W unknown:ViewManagerPropertyUpdater: Could not find generated setter for class com.swmansion.rnscreens.ScreenViewManager
12-17 17:22:55.395 28071 29082 W unknown:ViewManagerPropertyUpdater: Could not find generated setter for class com.swmansion.rnscreens.ScreenStackHeaderSubviewManager
12-17 17:22:55.395 28071 29082 W unknown:ViewManagerPropertyUpdater: Could not find generated setter for class com.swmansion.rnscreens.ScreenStackViewManager
12-17 17:22:55.462 28071 29082 W unknown:ViewManagerPropertyUpdater: Could not find generated setter for class com.facebook.react.views.debuggingoverlay.DebuggingOverlayManager
12-17 17:22:55.467 28071 29082 W unknown:ViewManagerPropertyUpdater: Could not find generated setter for class com.swmansion.gesturehandler.react.RNGestureHandlerButtonViewManager
12-17 17:22:55.474 28071 29082 W unknown:ViewManagerPropertyUpdater: Could not find generated setter for class com.facebook.react.views.safeareaview.ReactSafeAreaViewManager
12-17 17:22:55.474 28071 29082 W unknown:ViewManagerPropertyUpdater: Could not find generated setter for class com.facebook.react.views.safeareaview.ReactSafeAreaViewShadowNode
12-17 17:22:55.479 28071 29082 W unknown:ViewManagerPropertyUpdater: Could not find generated setter for class com.facebook.react.views.modal.ReactModalHostManager
12-17 17:22:55.485 28071 29082 W unknown:ViewManagerPropertyUpdater: Could not find generated setter for class com.facebook.react.views.text.frescosupport.FrescoBasedReactTextInlineImageViewManager
12-17 17:22:55.486 28071 29082 W unknown:ViewManagerPropertyUpdater: Could not find generated setter for class com.facebook.react.views.text.frescosupport.FrescoBasedReactTextInlineImageShadowNode
12-17 17:22:55.491 28071 29082 W unknown:ViewManagerPropertyUpdater: Could not find generated setter for class com.facebook.react.views.progressbar.ReactProgressBarViewManager
12-17 17:22:55.492 28071 29082 W unknown:ViewManagerPropertyUpdater: Could not find generated setter for class com.facebook.react.views.progressbar.ProgressBarShadowNode
12-17 17:22:55.497 28071 29082 W unknown:ViewManagerPropertyUpdater: Could not find generated setter for class com.facebook.react.views.scroll.ReactHorizontalScrollViewManager
12-17 17:22:55.504 28071 29082 W unknown:ViewManagerPropertyUpdater: Could not find generated setter for class com.facebook.react.views.image.ReactImageManager
12-17 17:22:55.510 28071 29082 W unknown:ViewManagerPropertyUpdater: Could not find generated setter for class com.facebook.react.views.text.ReactTextViewManager
12-17 17:22:55.513 28071 29082 W unknown:ViewManagerPropertyUpdater: Could not find generated setter for class com.facebook.react.views.text.ReactTextShadowNode
12-17 17:22:55.520 28071 29082 W unknown:ViewManagerPropertyUpdater: Could not find generated setter for class com.facebook.react.views.scroll.ReactHorizontalScrollContainerViewManager
12-17 17:22:55.527 28071 29082 W unknown:ViewManagerPropertyUpdater: Could not find generated setter for class com.facebook.react.views.unimplementedview.ReactUnimplementedViewManager
12-17 17:22:55.533 28071 29082 W unknown:ViewManagerPropertyUpdater: Could not find generated setter for class com.facebook.react.views.scroll.ReactScrollViewManager
12-17 17:22:55.540 28071 29082 W unknown:ViewManagerPropertyUpdater: Could not find generated setter for class com.facebook.react.views.view.ReactViewManager
12-17 17:22:55.546 28071 29082 W unknown:ViewManagerPropertyUpdater: Could not find generated setter for class com.facebook.react.views.drawer.ReactDrawerLayoutManager
12-17 17:22:55.552 28071 29082 W unknown:ViewManagerPropertyUpdater: Could not find generated setter for class com.facebook.react.views.switchview.ReactSwitchManager
12-17 17:22:55.553 28071 29082 W unknown:ViewManagerPropertyUpdater: Could not find generated setter for class com.facebook.react.views.switchview.ReactSwitchShadowNode
12-17 17:22:55.558 28071 29082 W unknown:ViewManagerPropertyUpdater: Could not find generated setter for class com.facebook.react.views.text.ReactVirtualTextViewManager
12-17 17:22:55.558 28071 29082 W unknown:ViewManagerPropertyUpdater: Could not find generated setter for class com.facebook.react.views.text.ReactVirtualTextShadowNode
12-17 17:22:55.564 28071 29082 W unknown:ViewManagerPropertyUpdater: Could not find generated setter for class com.facebook.react.views.swiperefresh.SwipeRefreshLayoutManager
12-17 17:22:55.569 28071 29082 W unknown:ViewManagerPropertyUpdater: Could not find generated setter for class com.facebook.react.views.text.ReactRawTextManager
12-17 17:22:55.569 28071 29082 W unknown:ViewManagerPropertyUpdater: Could not find generated setter for class com.facebook.react.views.text.ReactRawTextShadowNode
12-17 17:22:55.570 28071 29082 W unknown:ViewManagerPropertyUpdater: Could not find generated setter for class com.facebook.react.views.textinput.ReactTextInputManager
12-17 17:22:55.572 28071 29082 W unknown:ViewManagerPropertyUpdater: Could not find generated setter for class com.facebook.react.views.textinput.ReactTextInputShadowNode
12-17 17:22:55.580 28071 29082 W unknown:ViewManagerPropertyUpdater: Could not find generated setter for class com.swmansion.gesturehandler.react.RNGestureHandlerRootViewManager
12-17 17:22:55.732 28071 29082 D Detox.RNMarker: RUN_JS_BUNDLE_END (/index.bundle?platform=android&dev=true&lazy=true&minify=false&app=com.detoxtest&modulesOnly=false&runModule=true&excludeSource=true&sourcePaths=url-server)
12-17 17:22:55.735 28071 29082 I ReactNativeJS: Running "DetoxTest" with {"rootTag":31,"initialProps":{},"fabric":true}
12-17 17:22:56.326 28071 29082 I ReactNativeJS: Store rehydrated successfully
12-17 17:22:56.341 28071 28080 I OpenGLRenderer: Davey! duration=9223300514006ms; Flags=0, FrameTimelineVsyncId=2209642, IntendedVsync=71522848293272, Vsync=71522848293272, InputEventId=0, HandleInputStart=71522848989847, AnimationStart=71522848991670, PerformTraversalsStart=71522855321723, DrawStart=71522856905056, FrameDeadline=71522872293271, FrameInterval=71522848985993, FrameStartTime=8333333, SyncQueued=71522857888494, SyncStart=71522858351879, IssueDrawCommandsStart=71522858540369, SwapBuffers=71522860022869, FrameCompleted=9223372036854775807, DequeueBufferDuration=38959, QueueBufferDuration=1088855, GpuCompleted=9223372036854775807, SwapBuffersCompleted=71522861974067, DisplayPresentTime=0, 
12-17 17:22:56.989 28071 28071 I ReactNative: [GESTURE HANDLER] Initialize gesture handler for root view com.facebook.react.runtime.ReactSurfaceView{1faa882 V.E...... ......ID 0,0-1080,2225 #1f}
12-17 17:22:57.050 28071 28080 I OpenGLRenderer: Davey! duration=9223300513340ms; Flags=0, FrameTimelineVsyncId=2209724, IntendedVsync=71523514311675, Vsync=71523514311675, InputEventId=0, HandleInputStart=71523515059393, AnimationStart=71523515060747, PerformTraversalsStart=71523544488823, DrawStart=71523561466376, FrameDeadline=71523538311674, FrameInterval=71523515054653, FrameStartTime=8333333, SyncQueued=71523566368512, SyncStart=71523566455179, IssueDrawCommandsStart=71523566882992, SwapBuffers=71523570054919, FrameCompleted=9223372036854775807, DequeueBufferDuration=38438, QueueBufferDuration=1259427, GpuCompleted=9223372036854775807, SwapBuffersCompleted=71523572159398, DisplayPresentTime=0, 
12-17 17:22:57.056 28071 28080 I OpenGLRenderer: Davey! duration=9223300513332ms; Flags=0, FrameTimelineVsyncId=2209725, IntendedVsync=71523522646989, Vsync=71523564313654, InputEventId=0, HandleInputStart=71523568563565, AnimationStart=71523568565023, PerformTraversalsStart=71523569611065, DrawStart=71523578151899, FrameDeadline=71523546646988, FrameInterval=71523568560283, FrameStartTime=8333333, SyncQueued=71523578223045, SyncStart=71523578272316, IssueDrawCommandsStart=71523578420441, SwapBuffers=71523579265493, FrameCompleted=9223372036854775807, DequeueBufferDuration=13959, QueueBufferDuration=490938, GpuCompleted=9223372036854775807, SwapBuffersCompleted=71523580122472, DisplayPresentTime=0, 
12-17 17:22:57.107 28071 28078 W System  : A resource failed to call close. 
12-17 17:22:57.133 28071 29082 D Detox.RNMarker: REACT_BRIDGELESS_LOADING_END (null)
12-17 17:22:57.985 28071 28581 D DetoxWSClient: Received action 'invoke' (ID #11, params={"target":{"type":"Class","value":"com.wix.detox.espresso.EspressoDetox"},"method":"setSynchronization","args":[{"type":"boolean","value":true}]})
12-17 17:22:57.986 28071 28562 I DetoxDispatcher: Handling action 'invoke' (ID #11)...
12-17 17:22:57.987 28071 28562 D Detox   : class com.wix.detox.espresso.EspressoDetox, setSynchronization, [true]
12-17 17:22:57.991 28071 28562 I DetoxRNIdleRes: Setting up Espresso Idling Resources for React Native
12-17 17:22:58.005 28071 28562 D IdlingRegistry: Registering idling resources: [com.wix.detox.reactnative.idlingresources.uimodule.fabric.FabricUIManagerIdlingResources@f3ea4e6]
12-17 17:22:58.006 28071 28562 D IdlingRegistry: Registering idling resources: [com.wix.detox.reactnative.idlingresources.animations.AnimatedModuleIdlingResource@3ce7a27]
12-17 17:22:58.006 28071 28562 D IdlingRegistry: Registering idling resources: [com.wix.detox.reactnative.idlingresources.timers.FabricTimersIdlingResource@94c14d4]
12-17 17:22:58.006 28071 28562 D IdlingRegistry: Registering idling resources: [com.wix.detox.reactnative.idlingresources.network.NetworkIdlingResource@3b5a67d]
12-17 17:22:58.006 28071 28562 D IdlingRegistry: Registering idling resources: [com.wix.detox.reactnative.idlingresources.StabilizedIdlingResource@ec02972]
12-17 17:22:58.015 28071 28562 I DetoxWSClient: Sending out action 'invokeResult' (ID #11)
12-17 17:22:58.016 28071 28562 I DetoxDispatcher: Done with action 'invoke'
12-17 17:22:58.023 28071 28581 D DetoxWSClient: Received action 'invoke' (ID #12, params={"target":{"type":"Class","value":"com.wix.detox.espresso.DetoxAssertion"},"method":"waitForAssertMatcher","args":[{"type":"Invocation","value":{"target":{"type":"Class","value":"androidx.test.espresso.Espresso"},"method":"onView","args":[{"type":"Invocation","value":{"target":{"type":"Class","value":"com.wix.detox.espresso.DetoxMatcher"},"method":"matcherForTestId","args":["login-root",{"type":"boolean","value":false}]}}]}},{"type":"Invocation","value":{"target":{"type":"Class","value":"com.wix.detox.espresso.DetoxMatcher"},"method":"matcherForSufficientlyVisible","args":[{"type":"Integer","value":75}]}},{"type":"Double","value":10}]})
12-17 17:22:58.025 28071 28562 I DetoxDispatcher: Handling action 'invoke' (ID #12)...
12-17 17:22:58.026 28071 28562 D Detox   : class com.wix.detox.espresso.DetoxMatcher, matcherForTestId, [login-root, false]
12-17 17:22:58.027 28071 28562 D Detox   : class androidx.test.espresso.Espresso, onView, [(view.getTag() is "login-root" and view has effective visibility <VISIBLE>)]
12-17 17:22:58.029 28071 28562 D Detox   : class com.wix.detox.espresso.DetoxMatcher, matcherForSufficientlyVisible, [75]
12-17 17:22:58.030 28071 28562 D Detox   : class com.wix.detox.espresso.DetoxAssertion, waitForAssertMatcher, [androidx.test.espresso.ViewInteraction@49e91c3, (view has effective visibility <VISIBLE> and view.getGlobalVisibleRect() covers at least <75> percent of the view's area), 10.0]
12-17 17:22:58.806 28071 28071 W UiControllerImpl: Waiting for: DYNAMIC_TASKS_HAVE_IDLED for 100 iterations.
12-17 17:22:59.632 28071 28071 W UiControllerImpl: Waiting for: DYNAMIC_TASKS_HAVE_IDLED for 200 iterations.
12-17 17:23:00.456 28071 28071 W UiControllerImpl: Waiting for: DYNAMIC_TASKS_HAVE_IDLED for 300 iterations.
12-17 17:23:01.273 28071 28071 W UiControllerImpl: Waiting for: DYNAMIC_TASKS_HAVE_IDLED for 400 iterations.
12-17 17:23:02.098 28071 28071 W UiControllerImpl: Waiting for: DYNAMIC_TASKS_HAVE_IDLED for 500 iterations.
12-17 17:23:02.924 28071 28071 W UiControllerImpl: Waiting for: DYNAMIC_TASKS_HAVE_IDLED for 600 iterations.
12-17 17:23:03.058 28071 28071 I ViewInteraction: Checking 'MatchesViewAssertion(Detox){viewMatcher=(view has effective visibility <VISIBLE> and view.getGlobalVisibleRect() covers at least <75> percent of the view's area)}' assertion on view (view.getTag() is "login-root" and view has effective visibility <VISIBLE>)
12-17 17:23:03.072 28071 28562 I DetoxWSClient: Sending out action 'invokeResult' (ID #12)
12-17 17:23:03.073 28071 28562 I DetoxDispatcher: Done with action 'invoke'
12-17 17:23:03.101 28071 28581 D DetoxWSClient: Received action 'invoke' (ID #13, params={"target":{"type":"Class","value":"com.wix.detox.espresso.EspressoDetox"},"method":"setURLBlacklist","args":[[".*"]]})
12-17 17:23:03.102 28071 28562 I DetoxDispatcher: Handling action 'invoke' (ID #13)...
12-17 17:23:03.103 28071 28562 D Detox   : class com.wix.detox.espresso.EspressoDetox, setURLBlacklist, [[.*]]
12-17 17:23:03.104 28071 28562 I DetoxWSClient: Sending out action 'invokeResult' (ID #13)
12-17 17:23:03.105 28071 28562 I DetoxDispatcher: Done with action 'invoke'
12-17 17:23:03.124 28071 28581 D DetoxWSClient: Received action 'invoke' (ID #14, params={"target":{"type":"Class","value":"com.wix.detox.espresso.EspressoDetox"},"method":"perform","args":[{"type":"Invocation","value":{"target":{"type":"Class","value":"com.wix.detox.espresso.DetoxMatcher"},"method":"matcherForTestId","args":["email-input",{"type":"boolean","value":false}]}},{"type":"Invocation","value":{"target":{"type":"Class","value":"androidx.test.espresso.action.ViewActions"},"method":"replaceText","args":["john@gmail.com"]}}]})
12-17 17:23:03.126 28071 28562 I DetoxDispatcher: Handling action 'invoke' (ID #14)...
12-17 17:23:03.127 28071 28562 D Detox   : class com.wix.detox.espresso.DetoxMatcher, matcherForTestId, [email-input, false]
12-17 17:23:03.131 28071 28562 D Detox   : class androidx.test.espresso.action.ViewActions, replaceText, [john@gmail.com]
12-17 17:23:03.132 28071 28562 D Detox   : class com.wix.detox.espresso.EspressoDetox, perform, [(view.getTag() is "email-input" and view has effective visibility <VISIBLE>), androidx.test.espresso.action.ReplaceTextAction@8de763b]
12-17 17:23:03.166 28071 28071 I ViewInteraction: Performing 'replace text(john@gmail.com)' action on view (view.getTag() is "email-input" and view has effective visibility <VISIBLE>)
12-17 17:23:03.187 28071 28562 I DetoxWSClient: Sending out action 'invokeResult' (ID #14)
12-17 17:23:03.187 28071 28562 I DetoxDispatcher: Done with action 'invoke'
12-17 17:23:03.200 28071 28581 D DetoxWSClient: Received action 'invoke' (ID #15, params={"target":{"type":"Class","value":"com.wix.detox.espresso.EspressoDetox"},"method":"perform","args":[{"type":"Invocation","value":{"target":{"type":"Class","value":"com.wix.detox.espresso.DetoxMatcher"},"method":"matcherForTestId","args":["password-input",{"type":"boolean","value":false}]}},{"type":"Invocation","value":{"target":{"type":"Class","value":"androidx.test.espresso.action.ViewActions"},"method":"replaceText","args":["Password123!"]}}]})
12-17 17:23:03.202 28071 28562 I DetoxDispatcher: Handling action 'invoke' (ID #15)...
12-17 17:23:03.203 28071 28562 D Detox   : class com.wix.detox.espresso.DetoxMatcher, matcherForTestId, [password-input, false]
12-17 17:23:03.203 28071 28562 D Detox   : class androidx.test.espresso.action.ViewActions, replaceText, [Password123!]
12-17 17:23:03.204 28071 28562 D Detox   : class com.wix.detox.espresso.EspressoDetox, perform, [(view.getTag() is "password-input" and view has effective visibility <VISIBLE>), androidx.test.espresso.action.ReplaceTextAction@3ee069c]
12-17 17:23:03.210 28071 28080 I OpenGLRenderer: Davey! duration=9223300507172ms; Flags=0, FrameTimelineVsyncId=2210492, IntendedVsync=71529682466761, Vsync=71529707466760, InputEventId=0, HandleInputStart=71529715244177, AnimationStart=71529715250479, PerformTraversalsStart=71529716468865, DrawStart=71529719481417, FrameDeadline=71529706466760, FrameInterval=71529715229854, FrameStartTime=8333333, SyncQueued=71529721728969, SyncStart=71529721916417, IssueDrawCommandsStart=71529722372459, SwapBuffers=71529725831209, FrameCompleted=9223372036854775807, DequeueBufferDuration=63490, QueueBufferDuration=1264167, GpuCompleted=9223372036854775807, SwapBuffersCompleted=71529728026262, DisplayPresentTime=0, 
12-17 17:23:03.289 28071 28071 I ViewInteraction: Performing 'replace text(Password123!)' action on view (view.getTag() is "password-input" and view has effective visibility <VISIBLE>)
12-17 17:23:03.298 28071 28562 I DetoxWSClient: Sending out action 'invokeResult' (ID #15)
12-17 17:23:03.298 28071 28562 I DetoxDispatcher: Done with action 'invoke'
12-17 17:23:03.346 28071 28581 D DetoxWSClient: Received action 'invoke' (ID #16, params={"target":{"type":"Class","value":"com.wix.detox.espresso.EspressoDetox"},"method":"perform","args":[{"type":"Invocation","value":{"target":{"type":"Class","value":"com.wix.detox.espresso.DetoxMatcher"},"method":"matcherForTestId","args":["login-button",{"type":"boolean","value":false}]}},{"type":"Invocation","value":{"target":{"type":"Class","value":"com.wix.detox.espresso.DetoxViewActions"},"method":"click","args":[]}}]})
12-17 17:23:03.346 28071 28562 I DetoxDispatcher: Handling action 'invoke' (ID #16)...
12-17 17:23:03.347 28071 28562 D Detox   : class com.wix.detox.espresso.DetoxMatcher, matcherForTestId, [login-button, false]
12-17 17:23:03.348 28071 28562 D Detox   : class com.wix.detox.espresso.DetoxViewActions, click, []
12-17 17:23:03.348 28071 28562 D Detox   : class com.wix.detox.espresso.EspressoDetox, perform, [(view.getTag() is "login-button" and view has effective visibility <VISIBLE>), com.wix.detox.espresso.action.RNClickAction@8a656d7]
12-17 17:23:03.357 28071 28071 I ViewInteraction: Performing 'com.wix.detox.espresso.action.detoxsingletap@e92abc4 click' action on view (view.getTag() is "login-button" and view has effective visibility <VISIBLE>)
12-17 17:23:03.453 28071 29082 I ReactNativeJS: Starting login process...
12-17 17:23:03.508 28071 28071 I ReactNative: [GESTURE HANDLER] Tearing down gesture handler registered for root view com.facebook.react.runtime.ReactSurfaceView{1faa882 V.E...... ......ID 0,0-1080,2225 #1f}
12-17 17:23:03.514 28071 29082 I ReactNativeJS:  Network blocked - this appears to be an offline test
12-17 17:23:03.596 28071 28071 I ReactNative: [GESTURE HANDLER] Initialize gesture handler for root view com.facebook.react.runtime.ReactSurfaceView{1faa882 V.E...... ......ID 0,0-1080,2225 #1f}
12-17 17:23:04.533 28071 28562 I DetoxWSClient: Sending out action 'invokeResult' (ID #16)
12-17 17:23:04.534 28071 28562 I DetoxDispatcher: Done with action 'invoke'
12-17 17:23:04.550 28071 28581 D DetoxWSClient: Received action 'invoke' (ID #17, params={"target":{"type":"Class","value":"com.wix.detox.espresso.DetoxAssertion"},"method":"waitForAssertMatcher","args":[{"type":"Invocation","value":{"target":{"type":"Class","value":"androidx.test.espresso.Espresso"},"method":"onView","args":[{"type":"Invocation","value":{"target":{"type":"Class","value":"com.wix.detox.espresso.DetoxMatcher"},"method":"matcherForText","args":["Network Error. Please check your internet connection and try again.",{"type":"boolean","value":false}]}}]}},{"type":"Invocation","value":{"target":{"type":"Class","value":"com.wix.detox.espresso.DetoxMatcher"},"method":"matcherForSufficientlyVisible","args":[{"type":"Integer","value":75}]}},{"type":"Double","value":5}]})
12-17 17:23:04.552 28071 28562 I DetoxDispatcher: Handling action 'invoke' (ID #17)...
12-17 17:23:04.553 28071 28562 D Detox   : class com.wix.detox.espresso.DetoxMatcher, matcherForText, [Network Error. Please check your internet connection and try again., false]
12-17 17:23:04.555 28071 28562 D Detox   : class androidx.test.espresso.Espresso, onView, [(an instance of android.widget.TextView and view.getText() with or without transformation to match: is "Network Error. Please check your internet connection and try again." and view has effective visibility <VISIBLE>)]
12-17 17:23:04.557 28071 28562 D Detox   : class com.wix.detox.espresso.DetoxMatcher, matcherForSufficientlyVisible, [75]
12-17 17:23:04.558 28071 28562 D Detox   : class com.wix.detox.espresso.DetoxAssertion, waitForAssertMatcher, [androidx.test.espresso.ViewInteraction@3b476ef, (view has effective visibility <VISIBLE> and view.getGlobalVisibleRect() covers at least <75> percent of the view's area), 5.0]
12-17 17:23:04.572 28071 28071 I ViewInteraction: Checking 'MatchesViewAssertion(Detox){viewMatcher=(view has effective visibility <VISIBLE> and view.getGlobalVisibleRect() covers at least <75> percent of the view's area)}' assertion on view (an instance of android.widget.TextView and view.getText() with or without transformation to match: is "Network Error. Please check your internet connection and try again." and view has effective visibility <VISIBLE>)
12-17 17:23:04.579 28071 28562 I DetoxWSClient: Sending out action 'invokeResult' (ID #17)
12-17 17:23:04.579 28071 28562 I DetoxDispatcher: Done with action 'invoke'
12-17 17:23:04.596 28071 28581 D DetoxWSClient: Received action 'invoke' (ID #18, params={"target":{"type":"Class","value":"com.wix.detox.espresso.EspressoDetox"},"method":"setURLBlacklist","args":[[]]})
12-17 17:23:04.597 28071 28562 I DetoxDispatcher: Handling action 'invoke' (ID #18)...
12-17 17:23:04.597 28071 28562 D Detox   : class com.wix.detox.espresso.EspressoDetox, setURLBlacklist, [[]]
12-17 17:23:04.599 28071 28562 I DetoxWSClient: Sending out action 'invokeResult' (ID #18)
12-17 17:23:04.599 28071 28562 I DetoxDispatcher: Done with action 'invoke'
12-17 17:23:06.629 28071 28581 D DetoxWSClient: Received action 'invoke' (ID #19, params={"target":{"type":"Class","value":"com.wix.detox.espresso.EspressoDetox"},"method":"perform","args":[{"type":"Invocation","value":{"target":{"type":"Class","value":"com.wix.detox.espresso.DetoxMatcher"},"method":"matcherForTestId","args":["login-button",{"type":"boolean","value":false}]}},{"type":"Invocation","value":{"target":{"type":"Class","value":"com.wix.detox.espresso.DetoxViewActions"},"method":"click","args":[]}}]})
12-17 17:23:06.630 28071 28562 I DetoxDispatcher: Handling action 'invoke' (ID #19)...
12-17 17:23:06.632 28071 28562 D Detox   : class com.wix.detox.espresso.DetoxMatcher, matcherForTestId, [login-button, false]
12-17 17:23:06.635 28071 28562 D Detox   : class com.wix.detox.espresso.DetoxViewActions, click, []
12-17 17:23:06.637 28071 28562 D Detox   : class com.wix.detox.espresso.EspressoDetox, perform, [(view.getTag() is "login-button" and view has effective visibility <VISIBLE>), com.wix.detox.espresso.action.RNClickAction@9aaa485]
12-17 17:23:06.670 28071 28071 I ViewInteraction: Performing 'com.wix.detox.espresso.action.detoxsingletap@fa6c2da click' action on view (view.getTag() is "login-button" and view has effective visibility <VISIBLE>)
12-17 17:23:06.785 28071 28080 I OpenGLRenderer: Davey! duration=9223300503563ms; Flags=0, FrameTimelineVsyncId=2210955, IntendedVsync=71533291298146, Vsync=71533291298146, InputEventId=-1060724733, HandleInputStart=71533293294846, AnimationStart=71533293297085, PerformTraversalsStart=71533300607451, DrawStart=71533300814378, FrameDeadline=71533315298145, FrameInterval=71533293287450, FrameStartTime=8333333, SyncQueued=71533301337347, SyncStart=71533301420732, IssueDrawCommandsStart=71533301535940, SwapBuffers=71533302526357, FrameCompleted=9223372036854775807, DequeueBufferDuration=20833, QueueBufferDuration=906875, GpuCompleted=9223372036854775807, SwapBuffersCompleted=71533303754326, DisplayPresentTime=0, 
12-17 17:23:07.406 28071 28562 I DetoxWSClient: Sending out action 'invokeResult' (ID #19)
12-17 17:23:07.407 28071 28562 I DetoxDispatcher: Done with action 'invoke'
12-17 17:23:07.414 28071 28581 D DetoxWSClient: Received action 'invoke' (ID #20, params={"target":{"type":"Class","value":"com.wix.detox.espresso.DetoxAssertion"},"method":"waitForAssertMatcher","args":[{"type":"Invocation","value":{"target":{"type":"Class","value":"androidx.test.espresso.Espresso"},"method":"onView","args":[{"type":"Invocation","value":{"target":{"type":"Class","value":"com.wix.detox.espresso.DetoxMatcher"},"method":"matcherForText","args":["Home",{"type":"boolean","value":false}]}}]}},{"type":"Invocation","value":{"target":{"type":"Class","value":"com.wix.detox.espresso.DetoxMatcher"},"method":"matcherForSufficientlyVisible","args":[{"type":"Integer","value":75}]}},{"type":"Double","value":10}]})
12-17 17:23:07.415 28071 28562 I DetoxDispatcher: Handling action 'invoke' (ID #20)...
12-17 17:23:07.416 28071 28562 D Detox   : class com.wix.detox.espresso.DetoxMatcher, matcherForText, [Home, false]
12-17 17:23:07.418 28071 28562 D Detox   : class androidx.test.espresso.Espresso, onView, [(an instance of android.widget.TextView and view.getText() with or without transformation to match: is "Home" and view has effective visibility <VISIBLE>)]
12-17 17:23:07.422 28071 28562 D Detox   : class com.wix.detox.espresso.DetoxMatcher, matcherForSufficientlyVisible, [75]
12-17 17:23:07.423 28071 28562 D Detox   : class com.wix.detox.espresso.DetoxAssertion, waitForAssertMatcher, [androidx.test.espresso.ViewInteraction@5b68a8c, (view has effective visibility <VISIBLE> and view.getGlobalVisibleRect() covers at least <75> percent of the view's area), 10.0]
12-17 17:23:07.490 28071 28071 I ViewInteraction: Checking 'MatchesViewAssertion(Detox){viewMatcher=(view has effective visibility <VISIBLE> and view.getGlobalVisibleRect() covers at least <75> percent of the view's area)}' assertion on view (an instance of android.widget.TextView and view.getText() with or without transformation to match: is "Home" and view has effective visibility <VISIBLE>)
12-17 17:23:07.563 28071 28071 I ViewInteraction: Checking 'MatchesViewAssertion(Detox){viewMatcher=(view has effective visibility <VISIBLE> and view.getGlobalVisibleRect() covers at least <75> percent of the view's area)}' assertion on view (an instance of android.widget.TextView and view.getText() with or without transformation to match: is "Home" and view has effective visibility <VISIBLE>)
12-17 17:23:07.644 28071 28071 I ViewInteraction: Checking 'MatchesViewAssertion(Detox){viewMatcher=(view has effective visibility <VISIBLE> and view.getGlobalVisibleRect() covers at least <75> percent of the view's area)}' assertion on view (an instance of android.widget.TextView and view.getText() with or without transformation to match: is "Home" and view has effective visibility <VISIBLE>)
12-17 17:23:07.739 28071 28071 I ViewInteraction: Checking 'MatchesViewAssertion(Detox){viewMatcher=(view has effective visibility <VISIBLE> and view.getGlobalVisibleRect() covers at least <75> percent of the view's area)}' assertion on view (an instance of android.widget.TextView and view.getText() with or without transformation to match: is "Home" and view has effective visibility <VISIBLE>)
12-17 17:23:07.835 28071 28071 I ViewInteraction: Checking 'MatchesViewAssertion(Detox){viewMatcher=(view has effective visibility <VISIBLE> and view.getGlobalVisibleRect() covers at least <75> percent of the view's area)}' assertion on view (an instance of android.widget.TextView and view.getText() with or without transformation to match: is "Home" and view has effective visibility <VISIBLE>)
12-17 17:23:07.920 28071 28071 I ViewInteraction: Checking 'MatchesViewAssertion(Detox){viewMatcher=(view has effective visibility <VISIBLE> and view.getGlobalVisibleRect() covers at least <75> percent of the view's area)}' assertion on view (an instance of android.widget.TextView and view.getText() with or without transformation to match: is "Home" and view has effective visibility <VISIBLE>)
12-17 17:23:07.987 28071 28071 I ViewInteraction: Checking 'MatchesViewAssertion(Detox){viewMatcher=(view has effective visibility <VISIBLE> and view.getGlobalVisibleRect() covers at least <75> percent of the view's area)}' assertion on view (an instance of android.widget.TextView and view.getText() with or without transformation to match: is "Home" and view has effective visibility <VISIBLE>)
12-17 17:23:08.045 28071 28071 I ViewInteraction: Checking 'MatchesViewAssertion(Detox){viewMatcher=(view has effective visibility <VISIBLE> and view.getGlobalVisibleRect() covers at least <75> percent of the view's area)}' assertion on view (an instance of android.widget.TextView and view.getText() with or without transformation to match: is "Home" and view has effective visibility <VISIBLE>)
12-17 17:23:08.113 28071 28071 I ViewInteraction: Checking 'MatchesViewAssertion(Detox){viewMatcher=(view has effective visibility <VISIBLE> and view.getGlobalVisibleRect() covers at least <75> percent of the view's area)}' assertion on view (an instance of android.widget.TextView and view.getText() with or without transformation to match: is "Home" and view has effective visibility <VISIBLE>)
12-17 17:23:08.177 28071 28071 I ViewInteraction: Checking 'MatchesViewAssertion(Detox){viewMatcher=(view has effective visibility <VISIBLE> and view.getGlobalVisibleRect() covers at least <75> percent of the view's area)}' assertion on view (an instance of android.widget.TextView and view.getText() with or without transformation to match: is "Home" and view has effective visibility <VISIBLE>)
12-17 17:23:08.276 28071 28071 I ViewInteraction: Checking 'MatchesViewAssertion(Detox){viewMatcher=(view has effective visibility <VISIBLE> and view.getGlobalVisibleRect() covers at least <75> percent of the view's area)}' assertion on view (an instance of android.widget.TextView and view.getText() with or without transformation to match: is "Home" and view has effective visibility <VISIBLE>)
12-17 17:23:08.373 28071 28071 I ViewInteraction: Checking 'MatchesViewAssertion(Detox){viewMatcher=(view has effective visibility <VISIBLE> and view.getGlobalVisibleRect() covers at least <75> percent of the view's area)}' assertion on view (an instance of android.widget.TextView and view.getText() with or without transformation to match: is "Home" and view has effective visibility <VISIBLE>)
12-17 17:23:08.440 28071 28071 I ViewInteraction: Checking 'MatchesViewAssertion(Detox){viewMatcher=(view has effective visibility <VISIBLE> and view.getGlobalVisibleRect() covers at least <75> percent of the view's area)}' assertion on view (an instance of android.widget.TextView and view.getText() with or without transformation to match: is "Home" and view has effective visibility <VISIBLE>)
12-17 17:23:08.536 28071 28071 I ViewInteraction: Checking 'MatchesViewAssertion(Detox){viewMatcher=(view has effective visibility <VISIBLE> and view.getGlobalVisibleRect() covers at least <75> percent of the view's area)}' assertion on view (an instance of android.widget.TextView and view.getText() with or without transformation to match: is "Home" and view has effective visibility <VISIBLE>)
12-17 17:23:08.597 28071 28071 I ViewInteraction: Checking 'MatchesViewAssertion(Detox){viewMatcher=(view has effective visibility <VISIBLE> and view.getGlobalVisibleRect() covers at least <75> percent of the view's area)}' assertion on view (an instance of android.widget.TextView and view.getText() with or without transformation to match: is "Home" and view has effective visibility <VISIBLE>)
12-17 17:23:08.687 28071 28071 I ViewInteraction: Checking 'MatchesViewAssertion(Detox){viewMatcher=(view has effective visibility <VISIBLE> and view.getGlobalVisibleRect() covers at least <75> percent of the view's area)}' assertion on view (an instance of android.widget.TextView and view.getText() with or without transformation to match: is "Home" and view has effective visibility <VISIBLE>)
12-17 17:23:08.756 28071 28071 I ViewInteraction: Checking 'MatchesViewAssertion(Detox){viewMatcher=(view has effective visibility <VISIBLE> and view.getGlobalVisibleRect() covers at least <75> percent of the view's area)}' assertion on view (an instance of android.widget.TextView and view.getText() with or without transformation to match: is "Home" and view has effective visibility <VISIBLE>)
12-17 17:23:08.785 28071 28076 I com.detoxtest: Background concurrent copying GC freed 8362KB AllocSpace bytes, 50(1400KB) LOS objects, 49% free, 9667KB/18MB, paused 74us,46us total 102.165ms
12-17 17:23:08.800 28071 28071 I ViewInteraction: Checking 'MatchesViewAssertion(Detox){viewMatcher=(view has effective visibility <VISIBLE> and view.getGlobalVisibleRect() covers at least <75> percent of the view's area)}' assertion on view (an instance of android.widget.TextView and view.getText() with or without transformation to match: is "Home" and view has effective visibility <VISIBLE>)
12-17 17:23:08.864 28071 28071 I ViewInteraction: Checking 'MatchesViewAssertion(Detox){viewMatcher=(view has effective visibility <VISIBLE> and view.getGlobalVisibleRect() covers at least <75> percent of the view's area)}' assertion on view (an instance of android.widget.TextView and view.getText() with or without transformation to match: is "Home" and view has effective visibility <VISIBLE>)
12-17 17:23:08.912 28071 28071 I ViewInteraction: Checking 'MatchesViewAssertion(Detox){viewMatcher=(view has effective visibility <VISIBLE> and view.getGlobalVisibleRect() covers at least <75> percent of the view's area)}' assertion on view (an instance of android.widget.TextView and view.getText() with or without transformation to match: is "Home" and view has effective visibility <VISIBLE>)
12-17 17:23:08.974 28071 28071 I ViewInteraction: Checking 'MatchesViewAssertion(Detox){viewMatcher=(view has effective visibility <VISIBLE> and view.getGlobalVisibleRect() covers at least <75> percent of the view's area)}' assertion on view (an instance of android.widget.TextView and view.getText() with or without transformation to match: is "Home" and view has effective visibility <VISIBLE>)
12-17 17:23:09.035 28071 28071 I ViewInteraction: Checking 'MatchesViewAssertion(Detox){viewMatcher=(view has effective visibility <VISIBLE> and view.getGlobalVisibleRect() covers at least <75> percent of the view's area)}' assertion on view (an instance of android.widget.TextView and view.getText() with or without transformation to match: is "Home" and view has effective visibility <VISIBLE>)
12-17 17:23:09.096 28071 28071 I ViewInteraction: Checking 'MatchesViewAssertion(Detox){viewMatcher=(view has effective visibility <VISIBLE> and view.getGlobalVisibleRect() covers at least <75> percent of the view's area)}' assertion on view (an instance of android.widget.TextView and view.getText() with or without transformation to match: is "Home" and view has effective visibility <VISIBLE>)
12-17 17:23:09.187 28071 28071 I ViewInteraction: Checking 'MatchesViewAssertion(Detox){viewMatcher=(view has effective visibility <VISIBLE> and view.getGlobalVisibleRect() covers at least <75> percent of the view's area)}' assertion on view (an instance of android.widget.TextView and view.getText() with or without transformation to match: is "Home" and view has effective visibility <VISIBLE>)
12-17 17:23:09.264 28071 28071 I ViewInteraction: Checking 'MatchesViewAssertion(Detox){viewMatcher=(view has effective visibility <VISIBLE> and view.getGlobalVisibleRect() covers at least <75> percent of the view's area)}' assertion on view (an instance of android.widget.TextView and view.getText() with or without transformation to match: is "Home" and view has effective visibility <VISIBLE>)
12-17 17:23:09.358 28071 28071 I ViewInteraction: Checking 'MatchesViewAssertion(Detox){viewMatcher=(view has effective visibility <VISIBLE> and view.getGlobalVisibleRect() covers at least <75> percent of the view's area)}' assertion on view (an instance of android.widget.TextView and view.getText() with or without transformation to match: is "Home" and view has effective visibility <VISIBLE>)
12-17 17:23:09.439 28071 28071 I ViewInteraction: Checking 'MatchesViewAssertion(Detox){viewMatcher=(view has effective visibility <VISIBLE> and view.getGlobalVisibleRect() covers at least <75> percent of the view's area)}' assertion on view (an instance of android.widget.TextView and view.getText() with or without transformation to match: is "Home" and view has effective visibility <VISIBLE>)
12-17 17:23:09.529 28071 28071 I ViewInteraction: Checking 'MatchesViewAssertion(Detox){viewMatcher=(view has effective visibility <VISIBLE> and view.getGlobalVisibleRect() covers at least <75> percent of the view's area)}' assertion on view (an instance of android.widget.TextView and view.getText() with or without transformation to match: is "Home" and view has effective visibility <VISIBLE>)
12-17 17:23:09.591 28071 28071 I ViewInteraction: Checking 'MatchesViewAssertion(Detox){viewMatcher=(view has effective visibility <VISIBLE> and view.getGlobalVisibleRect() covers at least <75> percent of the view's area)}' assertion on view (an instance of android.widget.TextView and view.getText() with or without transformation to match: is "Home" and view has effective visibility <VISIBLE>)
12-17 17:23:09.653 28071 28071 I ViewInteraction: Checking 'MatchesViewAssertion(Detox){viewMatcher=(view has effective visibility <VISIBLE> and view.getGlobalVisibleRect() covers at least <75> percent of the view's area)}' assertion on view (an instance of android.widget.TextView and view.getText() with or without transformation to match: is "Home" and view has effective visibility <VISIBLE>)
12-17 17:23:09.714 28071 28071 I ViewInteraction: Checking 'MatchesViewAssertion(Detox){viewMatcher=(view has effective visibility <VISIBLE> and view.getGlobalVisibleRect() covers at least <75> percent of the view's area)}' assertion on view (an instance of android.widget.TextView and view.getText() with or without transformation to match: is "Home" and view has effective visibility <VISIBLE>)
12-17 17:23:09.774 28071 28071 I ViewInteraction: Checking 'MatchesViewAssertion(Detox){viewMatcher=(view has effective visibility <VISIBLE> and view.getGlobalVisibleRect() covers at least <75> percent of the view's area)}' assertion on view (an instance of android.widget.TextView and view.getText() with or without transformation to match: is "Home" and view has effective visibility <VISIBLE>)
12-17 17:23:09.835 28071 28071 I ViewInteraction: Checking 'MatchesViewAssertion(Detox){viewMatcher=(view has effective visibility <VISIBLE> and view.getGlobalVisibleRect() covers at least <75> percent of the view's area)}' assertion on view (an instance of android.widget.TextView and view.getText() with or without transformation to match: is "Home" and view has effective visibility <VISIBLE>)
12-17 17:23:09.898 28071 28071 I ViewInteraction: Checking 'MatchesViewAssertion(Detox){viewMatcher=(view has effective visibility <VISIBLE> and view.getGlobalVisibleRect() covers at least <75> percent of the view's area)}' assertion on view (an instance of android.widget.TextView and view.getText() with or without transformation to match: is "Home" and view has effective visibility <VISIBLE>)
12-17 17:23:09.964 28071 28071 I ViewInteraction: Checking 'MatchesViewAssertion(Detox){viewMatcher=(view has effective visibility <VISIBLE> and view.getGlobalVisibleRect() covers at least <75> percent of the view's area)}' assertion on view (an instance of android.widget.TextView and view.getText() with or without transformation to match: is "Home" and view has effective visibility <VISIBLE>)
12-17 17:23:10.058 28071 28071 I ViewInteraction: Checking 'MatchesViewAssertion(Detox){viewMatcher=(view has effective visibility <VISIBLE> and view.getGlobalVisibleRect() covers at least <75> percent of the view's area)}' assertion on view (an instance of android.widget.TextView and view.getText() with or without transformation to match: is "Home" and view has effective visibility <VISIBLE>)
12-17 17:23:10.152 28071 28071 I ViewInteraction: Checking 'MatchesViewAssertion(Detox){viewMatcher=(view has effective visibility <VISIBLE> and view.getGlobalVisibleRect() covers at least <75> percent of the view's area)}' assertion on view (an instance of android.widget.TextView and view.getText() with or without transformation to match: is "Home" and view has effective visibility <VISIBLE>)
12-17 17:23:10.217 28071 28071 I ViewInteraction: Checking 'MatchesViewAssertion(Detox){viewMatcher=(view has effective visibility <VISIBLE> and view.getGlobalVisibleRect() covers at least <75> percent of the view's area)}' assertion on view (an instance of android.widget.TextView and view.getText() with or without transformation to match: is "Home" and view has effective visibility <VISIBLE>)
12-17 17:23:10.265 28071 28071 I ViewInteraction: Checking 'MatchesViewAssertion(Detox){viewMatcher=(view has effective visibility <VISIBLE> and view.getGlobalVisibleRect() covers at least <75> percent of the view's area)}' assertion on view (an instance of android.widget.TextView and view.getText() with or without transformation to match: is "Home" and view has effective visibility <VISIBLE>)
12-17 17:23:10.327 28071 28071 I ViewInteraction: Checking 'MatchesViewAssertion(Detox){viewMatcher=(view has effective visibility <VISIBLE> and view.getGlobalVisibleRect() covers at least <75> percent of the view's area)}' assertion on view (an instance of android.widget.TextView and view.getText() with or without transformation to match: is "Home" and view has effective visibility <VISIBLE>)
12-17 17:23:10.411 28071 28071 I ViewInteraction: Checking 'MatchesViewAssertion(Detox){viewMatcher=(view has effective visibility <VISIBLE> and view.getGlobalVisibleRect() covers at least <75> percent of the view's area)}' assertion on view (an instance of android.widget.TextView and view.getText() with or without transformation to match: is "Home" and view has effective visibility <VISIBLE>)
12-17 17:23:10.492 28071 28071 I ViewInteraction: Checking 'MatchesViewAssertion(Detox){viewMatcher=(view has effective visibility <VISIBLE> and view.getGlobalVisibleRect() covers at least <75> percent of the view's area)}' assertion on view (an instance of android.widget.TextView and view.getText() with or without transformation to match: is "Home" and view has effective visibility <VISIBLE>)
12-17 17:23:10.554 28071 28071 I ViewInteraction: Checking 'MatchesViewAssertion(Detox){viewMatcher=(view has effective visibility <VISIBLE> and view.getGlobalVisibleRect() covers at least <75> percent of the view's area)}' assertion on view (an instance of android.widget.TextView and view.getText() with or without transformation to match: is "Home" and view has effective visibility <VISIBLE>)
12-17 17:23:10.615 28071 28071 I ViewInteraction: Checking 'MatchesViewAssertion(Detox){viewMatcher=(view has effective visibility <VISIBLE> and view.getGlobalVisibleRect() covers at least <75> percent of the view's area)}' assertion on view (an instance of android.widget.TextView and view.getText() with or without transformation to match: is "Home" and view has effective visibility <VISIBLE>)
12-17 17:23:10.674 28071 28071 I ViewInteraction: Checking 'MatchesViewAssertion(Detox){viewMatcher=(view has effective visibility <VISIBLE> and view.getGlobalVisibleRect() covers at least <75> percent of the view's area)}' assertion on view (an instance of android.widget.TextView and view.getText() with or without transformation to match: is "Home" and view has effective visibility <VISIBLE>)
12-17 17:23:10.734 28071 28071 I ViewInteraction: Checking 'MatchesViewAssertion(Detox){viewMatcher=(view has effective visibility <VISIBLE> and view.getGlobalVisibleRect() covers at least <75> percent of the view's area)}' assertion on view (an instance of android.widget.TextView and view.getText() with or without transformation to match: is "Home" and view has effective visibility <VISIBLE>)
12-17 17:23:10.793 28071 28071 I ViewInteraction: Checking 'MatchesViewAssertion(Detox){viewMatcher=(view has effective visibility <VISIBLE> and view.getGlobalVisibleRect() covers at least <75> percent of the view's area)}' assertion on view (an instance of android.widget.TextView and view.getText() with or without transformation to match: is "Home" and view has effective visibility <VISIBLE>)
12-17 17:23:10.853 28071 28071 I ViewInteraction: Checking 'MatchesViewAssertion(Detox){viewMatcher=(view has effective visibility <VISIBLE> and view.getGlobalVisibleRect() covers at least <75> percent of the view's area)}' assertion on view (an instance of android.widget.TextView and view.getText() with or without transformation to match: is "Home" and view has effective visibility <VISIBLE>)
12-17 17:23:10.944 28071 28071 I ViewInteraction: Checking 'MatchesViewAssertion(Detox){viewMatcher=(view has effective visibility <VISIBLE> and view.getGlobalVisibleRect() covers at least <75> percent of the view's area)}' assertion on view (an instance of android.widget.TextView and view.getText() with or without transformation to match: is "Home" and view has effective visibility <VISIBLE>)
12-17 17:23:11.005 28071 28071 I ViewInteraction: Checking 'MatchesViewAssertion(Detox){viewMatcher=(view has effective visibility <VISIBLE> and view.getGlobalVisibleRect() covers at least <75> percent of the view's area)}' assertion on view (an instance of android.widget.TextView and view.getText() with or without transformation to match: is "Home" and view has effective visibility <VISIBLE>)
12-17 17:23:11.069 28071 28071 I ViewInteraction: Checking 'MatchesViewAssertion(Detox){viewMatcher=(view has effective visibility <VISIBLE> and view.getGlobalVisibleRect() covers at least <75> percent of the view's area)}' assertion on view (an instance of android.widget.TextView and view.getText() with or without transformation to match: is "Home" and view has effective visibility <VISIBLE>)
12-17 17:23:11.130 28071 28071 I ViewInteraction: Checking 'MatchesViewAssertion(Detox){viewMatcher=(view has effective visibility <VISIBLE> and view.getGlobalVisibleRect() covers at least <75> percent of the view's area)}' assertion on view (an instance of android.widget.TextView and view.getText() with or without transformation to match: is "Home" and view has effective visibility <VISIBLE>)
12-17 17:23:11.210 28071 28071 I ViewInteraction: Checking 'MatchesViewAssertion(Detox){viewMatcher=(view has effective visibility <VISIBLE> and view.getGlobalVisibleRect() covers at least <75> percent of the view's area)}' assertion on view (an instance of android.widget.TextView and view.getText() with or without transformation to match: is "Home" and view has effective visibility <VISIBLE>)
12-17 17:23:11.271 28071 28071 I ViewInteraction: Checking 'MatchesViewAssertion(Detox){viewMatcher=(view has effective visibility <VISIBLE> and view.getGlobalVisibleRect() covers at least <75> percent of the view's area)}' assertion on view (an instance of android.widget.TextView and view.getText() with or without transformation to match: is "Home" and view has effective visibility <VISIBLE>)
12-17 17:23:11.351 28071 28071 I ViewInteraction: Checking 'MatchesViewAssertion(Detox){viewMatcher=(view has effective visibility <VISIBLE> and view.getGlobalVisibleRect() covers at least <75> percent of the view's area)}' assertion on view (an instance of android.widget.TextView and view.getText() with or without transformation to match: is "Home" and view has effective visibility <VISIBLE>)
12-17 17:23:11.413 28071 28071 I ViewInteraction: Checking 'MatchesViewAssertion(Detox){viewMatcher=(view has effective visibility <VISIBLE> and view.getGlobalVisibleRect() covers at least <75> percent of the view's area)}' assertion on view (an instance of android.widget.TextView and view.getText() with or without transformation to match: is "Home" and view has effective visibility <VISIBLE>)
12-17 17:23:11.471 28071 28071 I ViewInteraction: Checking 'MatchesViewAssertion(Detox){viewMatcher=(view has effective visibility <VISIBLE> and view.getGlobalVisibleRect() covers at least <75> percent of the view's area)}' assertion on view (an instance of android.widget.TextView and view.getText() with or without transformation to match: is "Home" and view has effective visibility <VISIBLE>)
12-17 17:23:11.537 28071 28071 I ViewInteraction: Checking 'MatchesViewAssertion(Detox){viewMatcher=(view has effective visibility <VISIBLE> and view.getGlobalVisibleRect() covers at least <75> percent of the view's area)}' assertion on view (an instance of android.widget.TextView and view.getText() with or without transformation to match: is "Home" and view has effective visibility <VISIBLE>)
12-17 17:23:11.601 28071 28071 I ViewInteraction: Checking 'MatchesViewAssertion(Detox){viewMatcher=(view has effective visibility <VISIBLE> and view.getGlobalVisibleRect() covers at least <75> percent of the view's area)}' assertion on view (an instance of android.widget.TextView and view.getText() with or without transformation to match: is "Home" and view has effective visibility <VISIBLE>)
12-17 17:23:11.689 28071 28071 I ViewInteraction: Checking 'MatchesViewAssertion(Detox){viewMatcher=(view has effective visibility <VISIBLE> and view.getGlobalVisibleRect() covers at least <75> percent of the view's area)}' assertion on view (an instance of android.widget.TextView and view.getText() with or without transformation to match: is "Home" and view has effective visibility <VISIBLE>)
12-17 17:23:11.762 28071 28071 I ViewInteraction: Checking 'MatchesViewAssertion(Detox){viewMatcher=(view has effective visibility <VISIBLE> and view.getGlobalVisibleRect() covers at least <75> percent of the view's area)}' assertion on view (an instance of android.widget.TextView and view.getText() with or without transformation to match: is "Home" and view has effective visibility <VISIBLE>)
12-17 17:23:11.788 28071 28076 I com.detoxtest: Background concurrent copying GC freed 9046KB AllocSpace bytes, 60(1660KB) LOS objects, 49% free, 9629KB/18MB, paused 73us,45us total 100.706ms
12-17 17:23:11.806 28071 28071 I ViewInteraction: Checking 'MatchesViewAssertion(Detox){viewMatcher=(view has effective visibility <VISIBLE> and view.getGlobalVisibleRect() covers at least <75> percent of the view's area)}' assertion on view (an instance of android.widget.TextView and view.getText() with or without transformation to match: is "Home" and view has effective visibility <VISIBLE>)
12-17 17:23:11.868 28071 28071 I ViewInteraction: Checking 'MatchesViewAssertion(Detox){viewMatcher=(view has effective visibility <VISIBLE> and view.getGlobalVisibleRect() covers at least <75> percent of the view's area)}' assertion on view (an instance of android.widget.TextView and view.getText() with or without transformation to match: is "Home" and view has effective visibility <VISIBLE>)
12-17 17:23:11.933 28071 28071 I ViewInteraction: Checking 'MatchesViewAssertion(Detox){viewMatcher=(view has effective visibility <VISIBLE> and view.getGlobalVisibleRect() covers at least <75> percent of the view's area)}' assertion on view (an instance of android.widget.TextView and view.getText() with or without transformation to match: is "Home" and view has effective visibility <VISIBLE>)
12-17 17:23:11.983 28071 28071 I ViewInteraction: Checking 'MatchesViewAssertion(Detox){viewMatcher=(view has effective visibility <VISIBLE> and view.getGlobalVisibleRect() covers at least <75> percent of the view's area)}' assertion on view (an instance of android.widget.TextView and view.getText() with or without transformation to match: is "Home" and view has effective visibility <VISIBLE>)
12-17 17:23:12.048 28071 28071 I ViewInteraction: Checking 'MatchesViewAssertion(Detox){viewMatcher=(view has effective visibility <VISIBLE> and view.getGlobalVisibleRect() covers at least <75> percent of the view's area)}' assertion on view (an instance of android.widget.TextView and view.getText() with or without transformation to match: is "Home" and view has effective visibility <VISIBLE>)
12-17 17:23:12.130 28071 28071 I ViewInteraction: Checking 'MatchesViewAssertion(Detox){viewMatcher=(view has effective visibility <VISIBLE> and view.getGlobalVisibleRect() covers at least <75> percent of the view's area)}' assertion on view (an instance of android.widget.TextView and view.getText() with or without transformation to match: is "Home" and view has effective visibility <VISIBLE>)
12-17 17:23:12.210 28071 28071 I ViewInteraction: Checking 'MatchesViewAssertion(Detox){viewMatcher=(view has effective visibility <VISIBLE> and view.getGlobalVisibleRect() covers at least <75> percent of the view's area)}' assertion on view (an instance of android.widget.TextView and view.getText() with or without transformation to match: is "Home" and view has effective visibility <VISIBLE>)
12-17 17:23:12.290 28071 28071 I ViewInteraction: Checking 'MatchesViewAssertion(Detox){viewMatcher=(view has effective visibility <VISIBLE> and view.getGlobalVisibleRect() covers at least <75> percent of the view's area)}' assertion on view (an instance of android.widget.TextView and view.getText() with or without transformation to match: is "Home" and view has effective visibility <VISIBLE>)
12-17 17:23:12.374 28071 28071 I ViewInteraction: Checking 'MatchesViewAssertion(Detox){viewMatcher=(view has effective visibility <VISIBLE> and view.getGlobalVisibleRect() covers at least <75> percent of the view's area)}' assertion on view (an instance of android.widget.TextView and view.getText() with or without transformation to match: is "Home" and view has effective visibility <VISIBLE>)
12-17 17:23:12.458 28071 28071 I ViewInteraction: Checking 'MatchesViewAssertion(Detox){viewMatcher=(view has effective visibility <VISIBLE> and view.getGlobalVisibleRect() covers at least <75> percent of the view's area)}' assertion on view (an instance of android.widget.TextView and view.getText() with or without transformation to match: is "Home" and view has effective visibility <VISIBLE>)
12-17 17:23:12.545 28071 28071 I ViewInteraction: Checking 'MatchesViewAssertion(Detox){viewMatcher=(view has effective visibility <VISIBLE> and view.getGlobalVisibleRect() covers at least <75> percent of the view's area)}' assertion on view (an instance of android.widget.TextView and view.getText() with or without transformation to match: is "Home" and view has effective visibility <VISIBLE>)
12-17 17:23:12.604 28071 28071 I ViewInteraction: Checking 'MatchesViewAssertion(Detox){viewMatcher=(view has effective visibility <VISIBLE> and view.getGlobalVisibleRect() covers at least <75> percent of the view's area)}' assertion on view (an instance of android.widget.TextView and view.getText() with or without transformation to match: is "Home" and view has effective visibility <VISIBLE>)
12-17 17:23:12.665 28071 28071 I ViewInteraction: Checking 'MatchesViewAssertion(Detox){viewMatcher=(view has effective visibility <VISIBLE> and view.getGlobalVisibleRect() covers at least <75> percent of the view's area)}' assertion on view (an instance of android.widget.TextView and view.getText() with or without transformation to match: is "Home" and view has effective visibility <VISIBLE>)
12-17 17:23:12.750 28071 28071 I ViewInteraction: Checking 'MatchesViewAssertion(Detox){viewMatcher=(view has effective visibility <VISIBLE> and view.getGlobalVisibleRect() covers at least <75> percent of the view's area)}' assertion on view (an instance of android.widget.TextView and view.getText() with or without transformation to match: is "Home" and view has effective visibility <VISIBLE>)
12-17 17:23:12.829 28071 28071 I ViewInteraction: Checking 'MatchesViewAssertion(Detox){viewMatcher=(view has effective visibility <VISIBLE> and view.getGlobalVisibleRect() covers at least <75> percent of the view's area)}' assertion on view (an instance of android.widget.TextView and view.getText() with or without transformation to match: is "Home" and view has effective visibility <VISIBLE>)
12-17 17:23:12.916 28071 28071 I ViewInteraction: Checking 'MatchesViewAssertion(Detox){viewMatcher=(view has effective visibility <VISIBLE> and view.getGlobalVisibleRect() covers at least <75> percent of the view's area)}' assertion on view (an instance of android.widget.TextView and view.getText() with or without transformation to match: is "Home" and view has effective visibility <VISIBLE>)
12-17 17:23:12.986 28071 28071 I ViewInteraction: Checking 'MatchesViewAssertion(Detox){viewMatcher=(view has effective visibility <VISIBLE> and view.getGlobalVisibleRect() covers at least <75> percent of the view's area)}' assertion on view (an instance of android.widget.TextView and view.getText() with or without transformation to match: is "Home" and view has effective visibility <VISIBLE>)
12-17 17:23:13.048 28071 28071 I ViewInteraction: Checking 'MatchesViewAssertion(Detox){viewMatcher=(view has effective visibility <VISIBLE> and view.getGlobalVisibleRect() covers at least <75> percent of the view's area)}' assertion on view (an instance of android.widget.TextView and view.getText() with or without transformation to match: is "Home" and view has effective visibility <VISIBLE>)
12-17 17:23:13.127 28071 28071 I ViewInteraction: Checking 'MatchesViewAssertion(Detox){viewMatcher=(view has effective visibility <VISIBLE> and view.getGlobalVisibleRect() covers at least <75> percent of the view's area)}' assertion on view (an instance of android.widget.TextView and view.getText() with or without transformation to match: is "Home" and view has effective visibility <VISIBLE>)
12-17 17:23:13.215 28071 28071 I ViewInteraction: Checking 'MatchesViewAssertion(Detox){viewMatcher=(view has effective visibility <VISIBLE> and view.getGlobalVisibleRect() covers at least <75> percent of the view's area)}' assertion on view (an instance of android.widget.TextView and view.getText() with or without transformation to match: is "Home" and view has effective visibility <VISIBLE>)
12-17 17:23:13.297 28071 28071 I ViewInteraction: Checking 'MatchesViewAssertion(Detox){viewMatcher=(view has effective visibility <VISIBLE> and view.getGlobalVisibleRect() covers at least <75> percent of the view's area)}' assertion on view (an instance of android.widget.TextView and view.getText() with or without transformation to match: is "Home" and view has effective visibility <VISIBLE>)
12-17 17:23:13.363 28071 28071 I ViewInteraction: Checking 'MatchesViewAssertion(Detox){viewMatcher=(view has effective visibility <VISIBLE> and view.getGlobalVisibleRect() covers at least <75> percent of the view's area)}' assertion on view (an instance of android.widget.TextView and view.getText() with or without transformation to match: is "Home" and view has effective visibility <VISIBLE>)
12-17 17:23:13.424 28071 28071 I ViewInteraction: Checking 'MatchesViewAssertion(Detox){viewMatcher=(view has effective visibility <VISIBLE> and view.getGlobalVisibleRect() covers at least <75> percent of the view's area)}' assertion on view (an instance of android.widget.TextView and view.getText() with or without transformation to match: is "Home" and view has effective visibility <VISIBLE>)
12-17 17:23:13.485 28071 28071 I ViewInteraction: Checking 'MatchesViewAssertion(Detox){viewMatcher=(view has effective visibility <VISIBLE> and view.getGlobalVisibleRect() covers at least <75> percent of the view's area)}' assertion on view (an instance of android.widget.TextView and view.getText() with or without transformation to match: is "Home" and view has effective visibility <VISIBLE>)
12-17 17:23:13.570 28071 28071 I ViewInteraction: Checking 'MatchesViewAssertion(Detox){viewMatcher=(view has effective visibility <VISIBLE> and view.getGlobalVisibleRect() covers at least <75> percent of the view's area)}' assertion on view (an instance of android.widget.TextView and view.getText() with or without transformation to match: is "Home" and view has effective visibility <VISIBLE>)
12-17 17:23:13.650 28071 28071 I ViewInteraction: Checking 'MatchesViewAssertion(Detox){viewMatcher=(view has effective visibility <VISIBLE> and view.getGlobalVisibleRect() covers at least <75> percent of the view's area)}' assertion on view (an instance of android.widget.TextView and view.getText() with or without transformation to match: is "Home" and view has effective visibility <VISIBLE>)
12-17 17:23:13.730 28071 28071 I ViewInteraction: Checking 'MatchesViewAssertion(Detox){viewMatcher=(view has effective visibility <VISIBLE> and view.getGlobalVisibleRect() covers at least <75> percent of the view's area)}' assertion on view (an instance of android.widget.TextView and view.getText() with or without transformation to match: is "Home" and view has effective visibility <VISIBLE>)
12-17 17:23:13.797 28071 28071 I ViewInteraction: Checking 'MatchesViewAssertion(Detox){viewMatcher=(view has effective visibility <VISIBLE> and view.getGlobalVisibleRect() covers at least <75> percent of the view's area)}' assertion on view (an instance of android.widget.TextView and view.getText() with or without transformation to match: is "Home" and view has effective visibility <VISIBLE>)
12-17 17:23:13.852 28071 28071 I ViewInteraction: Checking 'MatchesViewAssertion(Detox){viewMatcher=(view has effective visibility <VISIBLE> and view.getGlobalVisibleRect() covers at least <75> percent of the view's area)}' assertion on view (an instance of android.widget.TextView and view.getText() with or without transformation to match: is "Home" and view has effective visibility <VISIBLE>)
12-17 17:23:13.913 28071 28071 I ViewInteraction: Checking 'MatchesViewAssertion(Detox){viewMatcher=(view has effective visibility <VISIBLE> and view.getGlobalVisibleRect() covers at least <75> percent of the view's area)}' assertion on view (an instance of android.widget.TextView and view.getText() with or without transformation to match: is "Home" and view has effective visibility <VISIBLE>)
12-17 17:23:13.963 28071 28071 I ViewInteraction: Checking 'MatchesViewAssertion(Detox){viewMatcher=(view has effective visibility <VISIBLE> and view.getGlobalVisibleRect() covers at least <75> percent of the view's area)}' assertion on view (an instance of android.widget.TextView and view.getText() with or without transformation to match: is "Home" and view has effective visibility <VISIBLE>)
12-17 17:23:14.023 28071 28071 I ViewInteraction: Checking 'MatchesViewAssertion(Detox){viewMatcher=(view has effective visibility <VISIBLE> and view.getGlobalVisibleRect() covers at least <75> percent of the view's area)}' assertion on view (an instance of android.widget.TextView and view.getText() with or without transformation to match: is "Home" and view has effective visibility <VISIBLE>)
12-17 17:23:14.101 28071 28071 I ViewInteraction: Checking 'MatchesViewAssertion(Detox){viewMatcher=(view has effective visibility <VISIBLE> and view.getGlobalVisibleRect() covers at least <75> percent of the view's area)}' assertion on view (an instance of android.widget.TextView and view.getText() with or without transformation to match: is "Home" and view has effective visibility <VISIBLE>)
12-17 17:23:14.125 28071 28076 I com.detoxtest: Background concurrent copying GC freed 8785KB AllocSpace bytes, 59(1636KB) LOS objects, 49% free, 9743KB/19MB, paused 162us,41us total 102.441ms
12-17 17:23:14.141 28071 28071 I ViewInteraction: Checking 'MatchesViewAssertion(Detox){viewMatcher=(view has effective visibility <VISIBLE> and view.getGlobalVisibleRect() covers at least <75> percent of the view's area)}' assertion on view (an instance of android.widget.TextView and view.getText() with or without transformation to match: is "Home" and view has effective visibility <VISIBLE>)
12-17 17:23:14.195 28071 28071 I ViewInteraction: Checking 'MatchesViewAssertion(Detox){viewMatcher=(view has effective visibility <VISIBLE> and view.getGlobalVisibleRect() covers at least <75> percent of the view's area)}' assertion on view (an instance of android.widget.TextView and view.getText() with or without transformation to match: is "Home" and view has effective visibility <VISIBLE>)
12-17 17:23:14.255 28071 28071 I ViewInteraction: Checking 'MatchesViewAssertion(Detox){viewMatcher=(view has effective visibility <VISIBLE> and view.getGlobalVisibleRect() covers at least <75> percent of the view's area)}' assertion on view (an instance of android.widget.TextView and view.getText() with or without transformation to match: is "Home" and view has effective visibility <VISIBLE>)
12-17 17:23:14.315 28071 28071 I ViewInteraction: Checking 'MatchesViewAssertion(Detox){viewMatcher=(view has effective visibility <VISIBLE> and view.getGlobalVisibleRect() covers at least <75> percent of the view's area)}' assertion on view (an instance of android.widget.TextView and view.getText() with or without transformation to match: is "Home" and view has effective visibility <VISIBLE>)
12-17 17:23:14.372 28071 28071 I ViewInteraction: Checking 'MatchesViewAssertion(Detox){viewMatcher=(view has effective visibility <VISIBLE> and view.getGlobalVisibleRect() covers at least <75> percent of the view's area)}' assertion on view (an instance of android.widget.TextView and view.getText() with or without transformation to match: is "Home" and view has effective visibility <VISIBLE>)
12-17 17:23:14.431 28071 28071 I ViewInteraction: Checking 'MatchesViewAssertion(Detox){viewMatcher=(view has effective visibility <VISIBLE> and view.getGlobalVisibleRect() covers at least <75> percent of the view's area)}' assertion on view (an instance of android.widget.TextView and view.getText() with or without transformation to match: is "Home" and view has effective visibility <VISIBLE>)
12-17 17:23:14.500 28071 28071 I ViewInteraction: Checking 'MatchesViewAssertion(Detox){viewMatcher=(view has effective visibility <VISIBLE> and view.getGlobalVisibleRect() covers at least <75> percent of the view's area)}' assertion on view (an instance of android.widget.TextView and view.getText() with or without transformation to match: is "Home" and view has effective visibility <VISIBLE>)
12-17 17:23:14.588 28071 28071 I ViewInteraction: Checking 'MatchesViewAssertion(Detox){viewMatcher=(view has effective visibility <VISIBLE> and view.getGlobalVisibleRect() covers at least <75> percent of the view's area)}' assertion on view (an instance of android.widget.TextView and view.getText() with or without transformation to match: is "Home" and view has effective visibility <VISIBLE>)
12-17 17:23:14.656 28071 28071 I ViewInteraction: Checking 'MatchesViewAssertion(Detox){viewMatcher=(view has effective visibility <VISIBLE> and view.getGlobalVisibleRect() covers at least <75> percent of the view's area)}' assertion on view (an instance of android.widget.TextView and view.getText() with or without transformation to match: is "Home" and view has effective visibility <VISIBLE>)
12-17 17:23:14.742 28071 28071 I ViewInteraction: Checking 'MatchesViewAssertion(Detox){viewMatcher=(view has effective visibility <VISIBLE> and view.getGlobalVisibleRect() covers at least <75> percent of the view's area)}' assertion on view (an instance of android.widget.TextView and view.getText() with or without transformation to match: is "Home" and view has effective visibility <VISIBLE>)
12-17 17:23:14.829 28071 28071 I ViewInteraction: Checking 'MatchesViewAssertion(Detox){viewMatcher=(view has effective visibility <VISIBLE> and view.getGlobalVisibleRect() covers at least <75> percent of the view's area)}' assertion on view (an instance of android.widget.TextView and view.getText() with or without transformation to match: is "Home" and view has effective visibility <VISIBLE>)
12-17 17:23:14.881 28071 28071 I ViewInteraction: Checking 'MatchesViewAssertion(Detox){viewMatcher=(view has effective visibility <VISIBLE> and view.getGlobalVisibleRect() covers at least <75> percent of the view's area)}' assertion on view (an instance of android.widget.TextView and view.getText() with or without transformation to match: is "Home" and view has effective visibility <VISIBLE>)
12-17 17:23:14.936 28071 28071 I ViewInteraction: Checking 'MatchesViewAssertion(Detox){viewMatcher=(view has effective visibility <VISIBLE> and view.getGlobalVisibleRect() covers at least <75> percent of the view's area)}' assertion on view (an instance of android.widget.TextView and view.getText() with or without transformation to match: is "Home" and view has effective visibility <VISIBLE>)
12-17 17:23:15.005 28071 28071 I ViewInteraction: Checking 'MatchesViewAssertion(Detox){viewMatcher=(view has effective visibility <VISIBLE> and view.getGlobalVisibleRect() covers at least <75> percent of the view's area)}' assertion on view (an instance of android.widget.TextView and view.getText() with or without transformation to match: is "Home" and view has effective visibility <VISIBLE>)
12-17 17:23:15.093 28071 28071 I ViewInteraction: Checking 'MatchesViewAssertion(Detox){viewMatcher=(view has effective visibility <VISIBLE> and view.getGlobalVisibleRect() covers at least <75> percent of the view's area)}' assertion on view (an instance of android.widget.TextView and view.getText() with or without transformation to match: is "Home" and view has effective visibility <VISIBLE>)
12-17 17:23:15.183 28071 28071 I ViewInteraction: Checking 'MatchesViewAssertion(Detox){viewMatcher=(view has effective visibility <VISIBLE> and view.getGlobalVisibleRect() covers at least <75> percent of the view's area)}' assertion on view (an instance of android.widget.TextView and view.getText() with or without transformation to match: is "Home" and view has effective visibility <VISIBLE>)
12-17 17:23:15.286 28071 28071 I ViewInteraction: Checking 'MatchesViewAssertion(Detox){viewMatcher=(view has effective visibility <VISIBLE> and view.getGlobalVisibleRect() covers at least <75> percent of the view's area)}' assertion on view (an instance of android.widget.TextView and view.getText() with or without transformation to match: is "Home" and view has effective visibility <VISIBLE>)
12-17 17:23:15.366 28071 28071 I ViewInteraction: Checking 'MatchesViewAssertion(Detox){viewMatcher=(view has effective visibility <VISIBLE> and view.getGlobalVisibleRect() covers at least <75> percent of the view's area)}' assertion on view (an instance of android.widget.TextView and view.getText() with or without transformation to match: is "Home" and view has effective visibility <VISIBLE>)
12-17 17:23:15.447 28071 28071 I ViewInteraction: Checking 'MatchesViewAssertion(Detox){viewMatcher=(view has effective visibility <VISIBLE> and view.getGlobalVisibleRect() covers at least <75> percent of the view's area)}' assertion on view (an instance of android.widget.TextView and view.getText() with or without transformation to match: is "Home" and view has effective visibility <VISIBLE>)
12-17 17:23:15.531 28071 28071 I ViewInteraction: Checking 'MatchesViewAssertion(Detox){viewMatcher=(view has effective visibility <VISIBLE> and view.getGlobalVisibleRect() covers at least <75> percent of the view's area)}' assertion on view (an instance of android.widget.TextView and view.getText() with or without transformation to match: is "Home" and view has effective visibility <VISIBLE>)
12-17 17:23:15.613 28071 28071 I ViewInteraction: Checking 'MatchesViewAssertion(Detox){viewMatcher=(view has effective visibility <VISIBLE> and view.getGlobalVisibleRect() covers at least <75> percent of the view's area)}' assertion on view (an instance of android.widget.TextView and view.getText() with or without transformation to match: is "Home" and view has effective visibility <VISIBLE>)
12-17 17:23:15.697 28071 28071 I ViewInteraction: Checking 'MatchesViewAssertion(Detox){viewMatcher=(view has effective visibility <VISIBLE> and view.getGlobalVisibleRect() covers at least <75> percent of the view's area)}' assertion on view (an instance of android.widget.TextView and view.getText() with or without transformation to match: is "Home" and view has effective visibility <VISIBLE>)
12-17 17:23:15.751 28071 28071 I ViewInteraction: Checking 'MatchesViewAssertion(Detox){viewMatcher=(view has effective visibility <VISIBLE> and view.getGlobalVisibleRect() covers at least <75> percent of the view's area)}' assertion on view (an instance of android.widget.TextView and view.getText() with or without transformation to match: is "Home" and view has effective visibility <VISIBLE>)
12-17 17:23:15.809 28071 28071 I ViewInteraction: Checking 'MatchesViewAssertion(Detox){viewMatcher=(view has effective visibility <VISIBLE> and view.getGlobalVisibleRect() covers at least <75> percent of the view's area)}' assertion on view (an instance of android.widget.TextView and view.getText() with or without transformation to match: is "Home" and view has effective visibility <VISIBLE>)
12-17 17:23:15.886 28071 28071 I ViewInteraction: Checking 'MatchesViewAssertion(Detox){viewMatcher=(view has effective visibility <VISIBLE> and view.getGlobalVisibleRect() covers at least <75> percent of the view's area)}' assertion on view (an instance of android.widget.TextView and view.getText() with or without transformation to match: is "Home" and view has effective visibility <VISIBLE>)
12-17 17:23:15.968 28071 28071 I ViewInteraction: Checking 'MatchesViewAssertion(Detox){viewMatcher=(view has effective visibility <VISIBLE> and view.getGlobalVisibleRect() covers at least <75> percent of the view's area)}' assertion on view (an instance of android.widget.TextView and view.getText() with or without transformation to match: is "Home" and view has effective visibility <VISIBLE>)
12-17 17:23:16.047 28071 28071 I ViewInteraction: Checking 'MatchesViewAssertion(Detox){viewMatcher=(view has effective visibility <VISIBLE> and view.getGlobalVisibleRect() covers at least <75> percent of the view's area)}' assertion on view (an instance of android.widget.TextView and view.getText() with or without transformation to match: is "Home" and view has effective visibility <VISIBLE>)
12-17 17:23:16.135 28071 28071 I ViewInteraction: Checking 'MatchesViewAssertion(Detox){viewMatcher=(view has effective visibility <VISIBLE> and view.getGlobalVisibleRect() covers at least <75> percent of the view's area)}' assertion on view (an instance of android.widget.TextView and view.getText() with or without transformation to match: is "Home" and view has effective visibility <VISIBLE>)
12-17 17:23:16.200 28071 28071 I ViewInteraction: Checking 'MatchesViewAssertion(Detox){viewMatcher=(view has effective visibility <VISIBLE> and view.getGlobalVisibleRect() covers at least <75> percent of the view's area)}' assertion on view (an instance of android.widget.TextView and view.getText() with or without transformation to match: is "Home" and view has effective visibility <VISIBLE>)
12-17 17:23:16.287 28071 28071 I ViewInteraction: Checking 'MatchesViewAssertion(Detox){viewMatcher=(view has effective visibility <VISIBLE> and view.getGlobalVisibleRect() covers at least <75> percent of the view's area)}' assertion on view (an instance of android.widget.TextView and view.getText() with or without transformation to match: is "Home" and view has effective visibility <VISIBLE>)
12-17 17:23:16.353 28071 28071 I ViewInteraction: Checking 'MatchesViewAssertion(Detox){viewMatcher=(view has effective visibility <VISIBLE> and view.getGlobalVisibleRect() covers at least <75> percent of the view's area)}' assertion on view (an instance of android.widget.TextView and view.getText() with or without transformation to match: is "Home" and view has effective visibility <VISIBLE>)
12-17 17:23:16.410 28071 28071 I ViewInteraction: Checking 'MatchesViewAssertion(Detox){viewMatcher=(view has effective visibility <VISIBLE> and view.getGlobalVisibleRect() covers at least <75> percent of the view's area)}' assertion on view (an instance of android.widget.TextView and view.getText() with or without transformation to match: is "Home" and view has effective visibility <VISIBLE>)
12-17 17:23:16.468 28071 28071 I ViewInteraction: Checking 'MatchesViewAssertion(Detox){viewMatcher=(view has effective visibility <VISIBLE> and view.getGlobalVisibleRect() covers at least <75> percent of the view's area)}' assertion on view (an instance of android.widget.TextView and view.getText() with or without transformation to match: is "Home" and view has effective visibility <VISIBLE>)
12-17 17:23:16.527 28071 28071 I ViewInteraction: Checking 'MatchesViewAssertion(Detox){viewMatcher=(view has effective visibility <VISIBLE> and view.getGlobalVisibleRect() covers at least <75> percent of the view's area)}' assertion on view (an instance of android.widget.TextView and view.getText() with or without transformation to match: is "Home" and view has effective visibility <VISIBLE>)
12-17 17:23:16.612 28071 28071 I ViewInteraction: Checking 'MatchesViewAssertion(Detox){viewMatcher=(view has effective visibility <VISIBLE> and view.getGlobalVisibleRect() covers at least <75> percent of the view's area)}' assertion on view (an instance of android.widget.TextView and view.getText() with or without transformation to match: is "Home" and view has effective visibility <VISIBLE>)
12-17 17:23:16.692 28071 28071 I ViewInteraction: Checking 'MatchesViewAssertion(Detox){viewMatcher=(view has effective visibility <VISIBLE> and view.getGlobalVisibleRect() covers at least <75> percent of the view's area)}' assertion on view (an instance of android.widget.TextView and view.getText() with or without transformation to match: is "Home" and view has effective visibility <VISIBLE>)
12-17 17:23:16.767 28071 28071 I ViewInteraction: Checking 'MatchesViewAssertion(Detox){viewMatcher=(view has effective visibility <VISIBLE> and view.getGlobalVisibleRect() covers at least <75> percent of the view's area)}' assertion on view (an instance of android.widget.TextView and view.getText() with or without transformation to match: is "Home" and view has effective visibility <VISIBLE>)
12-17 17:23:16.852 28071 28071 I ViewInteraction: Checking 'MatchesViewAssertion(Detox){viewMatcher=(view has effective visibility <VISIBLE> and view.getGlobalVisibleRect() covers at least <75> percent of the view's area)}' assertion on view (an instance of android.widget.TextView and view.getText() with or without transformation to match: is "Home" and view has effective visibility <VISIBLE>)
12-17 17:23:16.932 28071 28071 I ViewInteraction: Checking 'MatchesViewAssertion(Detox){viewMatcher=(view has effective visibility <VISIBLE> and view.getGlobalVisibleRect() covers at least <75> percent of the view's area)}' assertion on view (an instance of android.widget.TextView and view.getText() with or without transformation to match: is "Home" and view has effective visibility <VISIBLE>)
12-17 17:23:17.021 28071 28071 I ViewInteraction: Checking 'MatchesViewAssertion(Detox){viewMatcher=(view has effective visibility <VISIBLE> and view.getGlobalVisibleRect() covers at least <75> percent of the view's area)}' assertion on view (an instance of android.widget.TextView and view.getText() with or without transformation to match: is "Home" and view has effective visibility <VISIBLE>)
12-17 17:23:17.122 28071 28071 I ViewInteraction: Checking 'MatchesViewAssertion(Detox){viewMatcher=(view has effective visibility <VISIBLE> and view.getGlobalVisibleRect() covers at least <75> percent of the view's area)}' assertion on view (an instance of android.widget.TextView and view.getText() with or without transformation to match: is "Home" and view has effective visibility <VISIBLE>)
12-17 17:23:17.208 28071 28071 I ViewInteraction: Checking 'MatchesViewAssertion(Detox){viewMatcher=(view has effective visibility <VISIBLE> and view.getGlobalVisibleRect() covers at least <75> percent of the view's area)}' assertion on view (an instance of android.widget.TextView and view.getText() with or without transformation to match: is "Home" and view has effective visibility <VISIBLE>)
12-17 17:23:17.288 28071 28071 I ViewInteraction: Checking 'MatchesViewAssertion(Detox){viewMatcher=(view has effective visibility <VISIBLE> and view.getGlobalVisibleRect() covers at least <75> percent of the view's area)}' assertion on view (an instance of android.widget.TextView and view.getText() with or without transformation to match: is "Home" and view has effective visibility <VISIBLE>)
12-17 17:23:17.328 28071 28071 I ViewInteraction: Checking 'MatchesViewAssertion(Detox){viewMatcher=(view has effective visibility <VISIBLE> and view.getGlobalVisibleRect() covers at least <75> percent of the view's area)}' assertion on view (an instance of android.widget.TextView and view.getText() with or without transformation to match: is "Home" and view has effective visibility <VISIBLE>)
12-17 17:23:17.387 28071 28071 I ViewInteraction: Checking 'MatchesViewAssertion(Detox){viewMatcher=(view has effective visibility <VISIBLE> and view.getGlobalVisibleRect() covers at least <75> percent of the view's area)}' assertion on view (an instance of android.widget.TextView and view.getText() with or without transformation to match: is "Home" and view has effective visibility <VISIBLE>)
12-17 17:23:17.420 28071 28581 D DetoxWSClient: Received action 'currentStatus' (ID #21, params={})
12-17 17:23:17.421 28071 28563 I DetoxDispatcher: Handling action 'currentStatus' (ID #21)...
12-17 17:23:17.447 28071 28071 I ViewInteraction: Checking 'MatchesViewAssertion(Detox){viewMatcher=(view has effective visibility <VISIBLE> and view.getGlobalVisibleRect() covers at least <75> percent of the view's area)}' assertion on view (an instance of android.widget.TextView and view.getText() with or without transformation to match: is "Home" and view has effective visibility <VISIBLE>)
12-17 17:23:17.450 28071 28563 I DetoxWSClient: Sending out action 'currentStatusResult' (ID #21)
12-17 17:23:17.451 28071 28563 I DetoxDispatcher: Done with action 'currentStatus'
12-17 17:23:17.487 28071 28562 I DetoxActionHandlers: Test exception
12-17 17:23:17.487 28071 28562 I DetoxActionHandlers: java.lang.reflect.InvocationTargetException
12-17 17:23:17.487 28071 28562 I DetoxActionHandlers: 	at java.lang.reflect.Method.invoke(Native Method)
12-17 17:23:17.487 28071 28562 I DetoxActionHandlers: 	at org.apache.commons.lang3.reflect.MethodUtils.invokeStaticMethod(MethodUtils.java:443)
12-17 17:23:17.487 28071 28562 I DetoxActionHandlers: 	at org.apache.commons.lang3.reflect.MethodUtils.invokeStaticMethod(MethodUtils.java:405)
12-17 17:23:17.487 28071 28562 I DetoxActionHandlers: 	at com.wix.invoke.types.ClassTarget.execute(ClassTarget.java:23)
12-17 17:23:17.487 28071 28562 I DetoxActionHandlers: 	at com.wix.invoke.types.Target.invoke(Target.java:59)
12-17 17:23:17.487 28071 28562 I DetoxActionHandlers: 	at com.wix.invoke.MethodInvocation.invoke(MethodInvocation.java:35)
12-17 17:23:17.487 28071 28562 I DetoxActionHandlers: 	at com.wix.invoke.MethodInvocation.invoke(MethodInvocation.java:26)
12-17 17:23:17.487 28071 28562 I DetoxActionHandlers: 	at com.wix.invoke.MethodInvocation.invoke(MethodInvocation.java:20)
12-17 17:23:17.487 28071 28562 I DetoxActionHandlers: 	at com.wix.detox.adapters.server.InvokeActionHandler.handle(DetoxActionHandlers.kt:54)
12-17 17:23:17.487 28071 28562 I DetoxActionHandlers: 	at com.wix.detox.adapters.server.ActionsExecutor.executeAction$lambda$2$lambda$1(DetoxActionsDispatcher.kt:76)
12-17 17:23:17.487 28071 28562 I DetoxActionHandlers: 	at com.wix.detox.adapters.server.ActionsExecutor.$r8$lambda$GVbB7LHtBHxNHGbgYnHJ6YrwCqs(Unknown Source:0)
12-17 17:23:17.487 28071 28562 I DetoxActionHandlers: 	at com.wix.detox.adapters.server.ActionsExecutor$$ExternalSyntheticLambda0.run(D8$$SyntheticClass:0)
12-17 17:23:17.487 28071 28562 I DetoxActionHandlers: 	at android.os.Handler.handleCallback(Handler.java:978)
12-17 17:23:17.487 28071 28562 I DetoxActionHandlers: 	at android.os.Handler.dispatchMessage(Handler.java:104)
12-17 17:23:17.487 28071 28562 I DetoxActionHandlers: 	at android.os.Looper.loopOnce(Looper.java:238)
12-17 17:23:17.487 28071 28562 I DetoxActionHandlers: 	at android.os.Looper.loop(Looper.java:357)
12-17 17:23:17.487 28071 28562 I DetoxActionHandlers: 	at com.wix.detox.adapters.server.ActionsExecutor._init_$lambda$0(DetoxActionsDispatcher.kt:62)
12-17 17:23:17.487 28071 28562 I DetoxActionHandlers: 	at com.wix.detox.adapters.server.ActionsExecutor.$r8$lambda$xlgL0CQim6vNM0wWEqM8JIDgZUE(Unknown Source:0)
12-17 17:23:17.487 28071 28562 I DetoxActionHandlers: 	at com.wix.detox.adapters.server.ActionsExecutor$$ExternalSyntheticLambda1.run(D8$$SyntheticClass:0)
12-17 17:23:17.487 28071 28562 I DetoxActionHandlers: 	at java.lang.Thread.run(Thread.java:1119)
12-17 17:23:17.487 28071 28562 I DetoxActionHandlers: Caused by: com.wix.detox.common.DetoxErrors$DetoxRuntimeException: 10.0sec timeout expired without matching of given matcher: (view has effective visibility <VISIBLE> and view.getGlobalVisibleRect() covers at least <75> percent of the view's area)
12-17 17:23:17.487 28071 28562 I DetoxActionHandlers: 	at com.wix.detox.espresso.DetoxAssertion.waitForAssertMatcher(DetoxAssertion.java:72)
12-17 17:23:17.487 28071 28562 I DetoxActionHandlers: 	... 20 more
12-17 17:23:17.488 28071 28562 I DetoxWSClient: Sending out action 'testFailed' (ID #20)
12-17 17:23:17.489 28071 28562 I DetoxDispatcher: Done with action 'invoke'
