17:03:52.123 detox[19769] [90mB[39m node_modules/.bin/detox test --configuration android.att.debug e2e/navigation.e2e.js
  data: {
    "id": "c64b1632-97b6-ff7c-91af-f38c11df37fc",
    "detoxConfig": {
      "configurationName": "android.att.debug",
      "apps": {
        "default": {
          "type": "android.apk",
          "binaryPath": "android/app/build/outputs/apk/debug/app-debug.apk",
          "build": "cd android && ./gradlew assembleDebug assembleAndroidTest -DtestBuildType=debug",
          "reversePorts": [
            8081
          ]
        }
      },
      "artifacts": {
        "rootDir": "artifacts/android.att.debug.2025-12-17 11-33-52Z",
        "plugins": {
          "log": {
            "enabled": true,
            "keepOnlyFailedTestsArtifacts": false
          },
          "screenshot": {
            "enabled": true,
            "shouldTakeAutomaticSnapshots": true,
            "keepOnlyFailedTestsArtifacts": false,
            "takeWhen": {
              "testStart": false,
              "testDone": true,
              "testFailure": true
            }
          },
          "video": {
            "enabled": false,
            "keepOnlyFailedTestsArtifacts": false
          },
          "instruments": {
            "enabled": false,
            "keepOnlyFailedTestsArtifacts": false
          },
          "uiHierarchy": {
            "enabled": true,
            "keepOnlyFailedTestsArtifacts": false
          }
        }
      },
      "behavior": {
        "init": {
          "keepLockFile": false,
          "reinstallApp": true,
          "exposeGlobals": true
        },
        "cleanup": {
          "shutdownDevice": false
        },
        "launchApp": "auto"
      },
      "cli": {
        "configuration": "android.att.debug",
        "start": true
      },
      "commands": [
        {
          "appName": "default",
          "build": "cd android && ./gradlew assembleDebug assembleAndroidTest -DtestBuildType=debug"
        }
      ],
      "device": {
        "type": "android.attached",
        "device": {
          "adbName": "ZD22227Q7K"
        }
      },
      "logger": {
        "level": "info",
        "overrideConsole": true,
        "options": {
          "showLoggerName": true,
          "showPid": true,
          "showLevel": false,
          "showMetadata": false,
          "basepath": "/Users/ips-162/Documents/RearchTopics/DetoxTest/node_modules/detox/src",
          "prefixers": {},
          "stringifiers": {}
        }
      },
      "testRunner": {
        "retries": 0,
        "forwardEnv": false,
        "detached": false,
        "bail": false,
        "noRetryArgs": [
          "shard"
        ],
        "jest": {
          "setupTimeout": 120000,
          "teardownTimeout": 30000,
          "retryAfterCircusRetries": false,
          "reportWorkerAssign": true
        },
        "args": {
          "$0": "jest",
          "_": [
            "e2e/navigation.e2e.js"
          ],
          "config": "e2e/jest.config.js",
          "--": []
        }
      },
      "session": {
        "autoStart": true,
        "debugSynchronization": 10000
      }
    },
    "detoxIPCServer": "primary-19769",
    "testResults": [],
    "testSessionIndex": 0,
    "workersCount": 0
  }
17:03:52.135 detox[19769] [90mi[39m Server path not specified, so defaulting to ipc.config.socketRoot + ipc.config.appspace + ipc.config.id /tmp/detox.primary-19769
17:03:52.139 detox[19769] [90mi[39m starting server on  /tmp/detox.primary-19769 
17:03:52.139 detox[19769] [90mi[39m starting TLS server false
17:03:52.139 detox[19769] [90mi[39m starting server as Unix || Windows Socket
17:03:52.142 detox[19769] [90mi[39m Detox server listening on localhost:56729...
17:03:52.158 detox[19769] [90mi[39m Serialized the session state at: /private/var/folders/r0/j9yltjr10ysg22c7l5sx938r0000gn/T/c64b1632-97b6-ff7c-91af-f38c11df37fc.detox.json
17:03:52.159 detox[19769] [90mB[39m jest --config e2e/jest.config.js e2e/navigation.e2e.js
17:03:53.192 detox[19770] [90mi[39m Service path not specified, so defaulting to ipc.config.socketRoot + ipc.config.appspace + id 
17:03:53.194 detox[19770] [90mi[39m requested connection to  primary-19769 /tmp/detox.primary-19769
17:03:53.194 detox[19770] [90mi[39m Connecting client on Unix Socket : /tmp/detox.primary-19769
17:03:53.195 detox[19769] [90mi[39m ## socket connection to server detected ##
17:03:53.195 detox[19770] [90mi[39m retrying reset
17:03:53.196 detox[19770] [90mi[39m dispatching event to  primary-19769 /tmp/detox.primary-19769  :  registerContext , { id: 'secondary-19770' }
17:03:53.197 detox[19769] [90mi[39m received event of :  registerContext { id: 'secondary-19770' }
17:03:53.198 detox[19769] [90mi[39m dispatching event to socket  :  registerContextDone {
  testResults: [],
  testSessionIndex: 0,
  unsafe_earlyTeardown: undefined
}
17:03:53.198 detox[19770] [90mi[39m ## received events ##
17:03:53.199 detox[19770] [90mi[39m detected event registerContextDone { testResults: [], testSessionIndex: 0 }
17:03:53.419 detox[19770] [90mB[39m e2e/navigation.e2e.js
17:03:53.744 detox[19770] [90mB[39m set up environment
17:03:53.746 detox[19769] [90mi[39m received event of :  registerWorker { workerId: 'w1' }
17:03:53.746 detox[19770] [90mi[39m dispatching event to  primary-19769 /tmp/detox.primary-19769  :  registerWorker , { workerId: 'w1' }
17:03:53.747 detox[19769] [90mi[39m dispatching event to socket  :  registerWorkerDone { workersCount: 1 }
17:03:53.747 detox[19769] [90mi[39m broadcasting event to all known sockets listening to  /tmp/detox.primary-19769  :   sessionStateUpdate { workersCount: 1 }
17:03:53.748 detox[19770] [90mi[39m ## received events ##
17:03:53.748 detox[19770] [90mi[39m detected event registerWorkerDone { workersCount: 1 }
17:03:53.748 detox[19770] [90mi[39m detected event sessionStateUpdate { workersCount: 1 }
17:03:54.084 detox[19769] [90mB[39m connection :56729<->:56754
17:03:54.091 detox[19770] [90mi[39m opened web socket to: ws://localhost:56729
17:03:54.093 detox[19770] [90mi[39m send message
  data: {"type":"login","params":{"sessionId":"630ba2ff-201e-10ac-e5dc-f781c69aa4e2","role":"tester"},"messageId":0}
17:03:54.101 detox[19769] [90mi[39m get
  data: {"type":"login","params":{"sessionId":"630ba2ff-201e-10ac-e5dc-f781c69aa4e2","role":"tester"},"messageId":0}
17:03:54.101 detox[19769] [90mi[39m created session 630ba2ff-201e-10ac-e5dc-f781c69aa4e2
17:03:54.101 detox[19769] [90mi[39m send
  data: {
    "type": "loginSuccess",
    "params": {
      "testerConnected": true,
      "appConnected": false
    },
    "messageId": 0
  }
17:03:54.102 detox[19769] [90mi[39m tester joined session 630ba2ff-201e-10ac-e5dc-f781c69aa4e2
17:03:54.112 detox[19770] [90mi[39m get message
  data: {"type":"loginSuccess","params":{"testerConnected":true,"appConnected":false},"messageId":0}
   
17:03:54.175 detox[19770] [90mi[39m dispatching event to  primary-19769 /tmp/detox.primary-19769  :  allocateDevice , {
  deviceConfig: { type: 'android.attached', device: { adbName: 'ZD22227Q7K' } }
}
17:03:54.176 detox[19769] [90mi[39m received event of :  allocateDevice {
  deviceConfig: { type: 'android.attached', device: { adbName: 'ZD22227Q7K' } }
}
17:03:54.205 detox[19769] [90mB[39m init
  args: ()
17:03:54.208 detox[19769] [90mE[39m init
17:03:54.209 detox[19769] [90mB[39m allocate
  data: {
    "type": "android.attached",
    "device": {
      "adbName": "ZD22227Q7K"
    }
  }
17:03:54.210 detox[19769] [90mi[39m "/Users/ips-162/Library/Android/sdk/platform-tools/adb"  devices
17:03:54.222 detox[19769] [90mi[39m List of devices attached
ZD22227Q7K	device
adb-ZD22227Q7K-CkkoAw._adb-tls-connect._tcp	device


17:03:54.223 detox[19769] [90mi[39m Found a matching & free device ZD22227Q7K
17:03:54.224 detox[19769] [90mi[39m settled on ZD22227Q7K
  data: {
    "id": "ZD22227Q7K",
    "adbName": "ZD22227Q7K"
  }
17:03:54.224 detox[19769] [90mE[39m allocate
17:03:54.224 detox[19769] [90mB[39m post-allocate: ZD22227Q7K
  data: {
    "id": "ZD22227Q7K",
    "adbName": "ZD22227Q7K"
  }
17:03:54.224 detox[19769] [90mi[39m "/Users/ips-162/Library/Android/sdk/platform-tools/adb" -s ZD22227Q7K shell "getprop ro.build.version.sdk"
17:03:54.288 detox[19769] [90mi[39m 31

17:03:54.288 detox[19769] [90mi[39m "/Users/ips-162/Library/Android/sdk/platform-tools/adb" -s ZD22227Q7K shell "dumpsys power | grep \"^[ ]*m[UW].*=\""
17:03:54.440 detox[19769] [90mi[39m   mWakefulness=Awake
  mWakefulnessChanging=false
  mWakeLockSummary=0x0
  mWakeUpWhenPluggedOrUnpluggedConfig=true
  mWakeUpWhenPluggedOrUnpluggedInTheaterModeConfig=false
  mUserActivityTimeoutOverrideFromWindowManager=-1
  mUserInactiveOverrideFromWindowManager=false
  mUserId=0
  mUdfpsSupport=false
  mWakeLockSummary=0x0
  mUserInteractionBackoffMillis=60000

17:03:54.440 detox[19769] [90mE[39m post-allocate: ZD22227Q7K
17:03:54.440 detox[19769] [90mi[39m dispatching event to socket  :  allocateDeviceDone { deviceCookie: { id: 'ZD22227Q7K', adbName: 'ZD22227Q7K' } }
17:03:54.440 detox[19770] [90mi[39m ## received events ##
17:03:54.441 detox[19770] [90mi[39m detected event allocateDeviceDone { deviceCookie: { id: 'ZD22227Q7K', adbName: 'ZD22227Q7K' } }
17:03:54.484 detox[19770] [90mB[39m onBootDevice
  args: ({"deviceId":"ZD22227Q7K"})
17:03:54.485 detox[19770] [90mE[39m onBootDevice
17:03:54.485 detox[19770] [90mB[39m installUtilBinaries
  args: ()
17:03:54.486 detox[19770] [90mE[39m installUtilBinaries
17:03:54.486 detox[19770] [90mB[39m selectApp
  args: ("default")
17:03:54.489 detox[19770] [90mi[39m "/Users/ips-162/Library/Android/sdk/build-tools/36.1.0/aapt" dump badging "/Users/ips-162/Documents/RearchTopics/DetoxTest/android/app/build/outputs/apk/debug/app-debug.apk"
17:03:54.543 detox[19770] [90mi[39m package: name='com.detoxtest' versionCode='1' versionName='1.0' platformBuildVersionName='15' platformBuildVersionCode='35' compileSdkVersion='35' compileSdkVersionCodename='15'
sdkVersion:'24'
targetSdkVersion:'35'
uses-permission: name='android.permission.INTERNET'
uses-permission: name='android.permission.SYSTEM_ALERT_WINDOW'
uses-permission: name='com.detoxtest.DYNAMIC_RECEIVER_NOT_EXPORTED_PERMISSION'
application-label:'DetoxTest'
application-label-af:'DetoxTest'
application-label-am:'DetoxTest'
application-label-ar:'DetoxTest'
application-label-as:'DetoxTest'
application-label-az:'DetoxTest'
application-label-be:'DetoxTest'
application-label-bg:'DetoxTest'
application-label-bn:'DetoxTest'
application-label-bs:'DetoxTest'
application-label-ca:'DetoxTest'
application-label-cs:'DetoxTest'
application-label-da:'DetoxTest'
application-label-de:'DetoxTest'
application-label-el:'DetoxTest'
application-label-en-AU:'DetoxTest'
application-label-en-CA:'DetoxTest'
application-label-en-GB:'DetoxTest'
application-label-en-IN:'DetoxTest'
application-label-en-XC:'DetoxTest'
application-label-es:'DetoxTest'
application-label-es-419:'DetoxTest'
application-label-es-ES:'DetoxTest'
application-label-es-US:'DetoxTest'
application-label-et:'DetoxTest'
application-label-eu:'DetoxTest'
application-label-fa:'DetoxTest'
application-label-fi:'DetoxTest'
application-label-fr:'DetoxTest'
application-label-fr-CA:'DetoxTest'
application-label-gl:'DetoxTest'
application-label-gu:'DetoxTest'
application-label-hi:'DetoxTest'
application-label-hr:'DetoxTest'
application-label-hu:'DetoxTest'
application-label-hy:'DetoxTest'
application-label-in:'DetoxTest'
application-label-is:'DetoxTest'
application-label-it:'DetoxTest'
application-label-iw:'DetoxTest'
application-label-ja:'DetoxTest'
application-label-ka:'DetoxTest'
application-label-kk:'DetoxTest'
application-label-km:'DetoxTest'
application-label-kn:'DetoxTest'
application-label-ko:'DetoxTest'
application-label-ky:'DetoxTest'
application-label-lo:'DetoxTest'
application-label-lt:'DetoxTest'
application-label-lv:'DetoxTest'
application-label-mk:'DetoxTest'
application-label-ml:'DetoxTest'
application-label-mn:'DetoxTest'
application-label-mr:'DetoxTest'
application-label-ms:'DetoxTest'
application-label-my:'DetoxTest'
application-label-nb:'DetoxTest'
application-label-ne:'DetoxTest'
application-label-nl:'DetoxTest'
application-label-or:'DetoxTest'
application-label-pa:'DetoxTest'
application-label-pl:'DetoxTest'
application-label-pt:'DetoxTest'
application-label-pt-BR:'DetoxTest'
application-label-pt-PT:'DetoxTest'
application-label-ro:'DetoxTest'
application-label-ru:'DetoxTest'
application-label-si:'DetoxTest'
application-label-sk:'DetoxTest'
application-label-sl:'DetoxTest'
application-label-sq:'DetoxTest'
application-label-sr:'DetoxTest'
application-label-sr-Latn:'DetoxTest'
application-label-sv:'DetoxTest'
application-label-sw:'DetoxTest'
application-label-ta:'DetoxTest'
application-label-te:'DetoxTest'
application-label-th:'DetoxTest'
application-label-tl:'DetoxTest'
application-label-tr:'DetoxTest'
application-label-uk:'DetoxTest'
application-label-ur:'DetoxTest'
application-label-uz:'DetoxTest'
application-label-vi:'DetoxTest'
application-label-zh-CN:'DetoxTest'
application-label-zh-HK:'DetoxTest'
application-label-zh-TW:'DetoxTest'
application-label-zu:'DetoxTest'
application-icon-160:'res/mipmap-mdpi-v4/ic_launcher.png'
application-icon-240:'res/mipmap-hdpi-v4/ic_launcher.png'
application-icon-320:'res/mipmap-xhdpi-v4/ic_launcher.png'
application-icon-480:'res/mipmap-xxhdpi-v4/ic_launcher.png'
application-icon-640:'res/mipmap-xxxhdpi-v4/ic_launcher.png'
application: label='DetoxTest' icon='res/mipmap-mdpi-v4/ic_launcher.png'
application-debuggable
launchable-activity: name='com.detoxtest.MainActivity'  label='DetoxTest' icon=''
feature-group: label=''
  uses-feature: name='android.hardware.faketouch'
  uses-implied-feature: name='android.hardware.faketouch' reason='default feature for all apps'
main
other-activities
other-receivers
supports-screens: 'small' 'normal' 'large' 'xlarge'
supports-any-density: 'true'
locales: '--_--' 'af' 'am' 'ar' 'as' 'az' 'be' 'bg' 'bn' 'bs' 'ca' 'cs' 'da' 'de' 'el' 'en-AU' 'en-CA' 'en-GB' 'en-IN' 'en-XC' 'es' 'es-419' 'es-ES' 'es-US' 'et' 'eu' 'fa' 'fi' 'fr' 'fr-CA' 'gl' 'gu' 'hi' 'hr' 'hu' 'hy' 'in' 'is' 'it' 'iw' 'ja' 'ka' 'kk' 'km' 'kn' 'ko' 'ky' 'lo' 'lt' 'lv' 'mk' 'ml' 'mn' 'mr' 'ms' 'my' 'nb' 'ne' 'nl' 'or' 'pa' 'pl' 'pt' 'pt-BR' 'pt-PT' 'ro' 'ru' 'si' 'sk' 'sl' 'sq' 'sr' 'sr-Latn' 'sv' 'sw' 'ta' 'te' 'th' 'tl' 'tr' 'uk' 'ur' 'uz' 'vi' 'zh-CN' 'zh-HK' 'zh-TW' 'zu'
densities: '160' '240' '320' '480' '640'
native-code: 'arm64-v8a' 'armeabi-v7a' 'x86' 'x86_64'

17:03:54.543 detox[19770] [90mE[39m selectApp
17:03:54.544 detox[19770] [90mB[39m uninstallApp
  args: ()
17:03:54.544 detox[19770] [90mB[39m onBeforeUninstallApp
  args: ({"deviceId":"ZD22227Q7K","bundleId":"com.detoxtest"})
17:03:54.544 detox[19770] [90mE[39m onBeforeUninstallApp
17:03:54.544 detox[19770] [90mi[39m "/Users/ips-162/Library/Android/sdk/platform-tools/adb" -s ZD22227Q7K shell "pm list packages com.detoxtest"
17:03:54.646 detox[19770] [90mi[39m package:com.detoxtest
package:com.detoxtest.test

17:03:54.646 detox[19770] [90mi[39m "/Users/ips-162/Library/Android/sdk/platform-tools/adb" -s ZD22227Q7K uninstall com.detoxtest
17:03:55.124 detox[19770] [90mi[39m Success

17:03:55.124 detox[19770] [90mi[39m "/Users/ips-162/Library/Android/sdk/platform-tools/adb" -s ZD22227Q7K shell "pm list packages com.detoxtest.test"
17:03:55.196 detox[19770] [90mi[39m package:com.detoxtest.test

17:03:55.196 detox[19770] [90mi[39m "/Users/ips-162/Library/Android/sdk/platform-tools/adb" -s ZD22227Q7K uninstall com.detoxtest.test
17:03:55.713 detox[19770] [90mi[39m Success

17:03:55.713 detox[19770] [90mE[39m uninstallApp
17:03:55.713 detox[19770] [90mB[39m selectApp
  args: ("default")
17:03:55.714 detox[19770] [90mB[39m terminateApp
  args: ()
17:03:55.714 detox[19770] [90mB[39m onBeforeTerminateApp
  args: ({"deviceId":"ZD22227Q7K","bundleId":"com.detoxtest"})
17:03:55.714 detox[19770] [90mE[39m onBeforeTerminateApp
17:03:55.715 detox[19770] [90mi[39m "/Users/ips-162/Library/Android/sdk/platform-tools/adb" -s ZD22227Q7K shell "am force-stop com.detoxtest"
17:03:55.825 detox[19770] [90mi[39m 
17:03:55.825 detox[19770] [90mB[39m onTerminateApp
  args: ({"deviceId":"ZD22227Q7K","bundleId":"com.detoxtest"})
17:03:55.825 detox[19770] [90mE[39m onTerminateApp
17:03:55.825 detox[19770] [90mE[39m terminateApp
17:03:55.825 detox[19770] [90mE[39m selectApp
17:03:55.826 detox[19770] [90mB[39m installApp
  args: ()
17:03:55.826 detox[19770] [90mi[39m "/Users/ips-162/Library/Android/sdk/build-tools/36.1.0/aapt" dump xmlstrings "/Users/ips-162/Documents/RearchTopics/DetoxTest/android/app/build/outputs/apk/debug/app-debug.apk" AndroidManifest.xml
17:03:55.834 detox[19770] [90mi[39m String pool of 75 unique UTF-16 non-sorted strings, 75 entries and 0 styles using 3708 bytes:
String #0: theme
String #1: label
String #2: icon
String #3: name
String #4: permission
String #5: protectionLevel
String #6: enabled
String #7: debuggable
String #8: exported
String #9: authorities
String #10: grantUriPermissions
String #11: launchMode
String #12: configChanges
String #13: value
String #14: resource
String #15: minSdkVersion
String #16: versionCode
String #17: versionName
String #18: windowSoftInputMode
String #19: targetSdkVersion
String #20: allowBackup
String #21: supportsRtl
String #22: extractNativeLibs
String #23: usesCleartextTraffic
String #24: directBootAware
String #25: networkSecurityConfig
String #26: roundIcon
String #27: compileSdkVersion
String #28: compileSdkVersionCodename
String #29: appComponentFactory
String #30: 1.0
String #31: 15
String #32: action
String #33: activity
String #34: android
String #35: android.intent.action.MAIN
String #36: android.intent.category.LAUNCHER
String #37: android.permission.DUMP
String #38: android.permission.INTERNET
String #39: android.permission.SYSTEM_ALERT_WINDOW
String #40: android.support.FILE_PROVIDER_PATHS
String #41: androidx.core.app.CoreComponentFactory
String #42: androidx.emoji2.text.EmojiCompatInitializer
String #43: androidx.lifecycle.ProcessLifecycleInitializer
String #44: androidx.profileinstaller.ProfileInstallReceiver
String #45: androidx.profileinstaller.ProfileInstallerInitializer
String #46: androidx.profileinstaller.action.BENCHMARK_OPERATION
String #47: androidx.profileinstaller.action.INSTALL_PROFILE
String #48: androidx.profileinstaller.action.SAVE_PROFILE
String #49: androidx.profileinstaller.action.SKIP_FILE
String #50: androidx.startup
String #51: androidx.startup.InitializationProvider
String #52: application
String #53: category
String #54: com.detoxtest
String #55: com.detoxtest.DYNAMIC_RECEIVER_NOT_EXPORTED_PERMISSION
String #56: com.detoxtest.MainActivity
String #57: com.detoxtest.MainApplication
String #58: com.detoxtest.androidx-startup
String #59: com.detoxtest.imagepickerprovider
String #60: com.facebook.react.devsupport.DevSettingsActivity
String #61: com.facebook.soloader.enabled
String #62: com.imagepicker.ImagePickerProvider
String #63: http://schemas.android.com/apk/res/android
String #64: intent-filter
String #65: manifest
String #66: meta-data
String #67: package
String #68: permission
String #69: platformBuildVersionCode
String #70: platformBuildVersionName
String #71: provider
String #72: receiver
String #73: uses-permission
String #74: uses-sdk

17:03:55.835 detox[19770] [90mi[39m "/Users/ips-162/Library/Android/sdk/build-tools/36.1.0/aapt" dump xmlstrings "/Users/ips-162/Documents/RearchTopics/DetoxTest/android/app/build/outputs/apk/androidTest/debug/app-debug-androidTest.apk" AndroidManifest.xml
17:03:55.852 detox[19770] [90mi[39m String pool of 43 unique UTF-16 non-sorted strings, 43 entries and 0 styles using 2104 bytes:
String #0: theme
String #1: label
String #2: name
String #3: debuggable
String #4: exported
String #5: priority
String #6: targetPackage
String #7: handleProfiling
String #8: functionalTest
String #9: minSdkVersion
String #10: targetSdkVersion
String #11: extractNativeLibs
String #12: compileSdkVersion
String #13: compileSdkVersionCodename
String #14: 15
String #15: Tests for com.detoxtest
String #16: activity
String #17: android
String #18: android.intent.category.LAUNCHER
String #19: android.permission.REORDER_TASKS
String #20: android.test.runner
String #21: androidx.test.core.app.InstrumentationActivityInvoker$BootstrapActivity
String #22: androidx.test.core.app.InstrumentationActivityInvoker$EmptyActivity
String #23: androidx.test.core.app.InstrumentationActivityInvoker$EmptyFloatingActivity
String #24: androidx.test.orchestrator
String #25: androidx.test.runner.AndroidJUnitRunner
String #26: androidx.test.services
String #27: application
String #28: category
String #29: com.detoxtest
String #30: com.detoxtest.test
String #31: com.google.android.apps.common.testing.services
String #32: http://schemas.android.com/apk/res/android
String #33: instrumentation
String #34: intent-filter
String #35: manifest
String #36: package
String #37: platformBuildVersionCode
String #38: platformBuildVersionName
String #39: queries
String #40: uses-library
String #41: uses-permission
String #42: uses-sdk

17:03:55.853 detox[19770] [90mi[39m "/Users/ips-162/Library/Android/sdk/platform-tools/adb" -s ZD22227Q7K shell "getprop ro.build.version.sdk"
17:03:55.898 detox[19770] [90mi[39m 31

17:03:55.900 detox[19770] [90mi[39m /Users/ips-162/Library/Android/sdk/platform-tools/adb -s ZD22227Q7K install -r -g -t /Users/ips-162/Documents/RearchTopics/DetoxTest/android/app/build/outputs/apk/debug/app-debug.apk
17:04:00.321 detox[19770] [90mi[39m Performing Streamed Install
Success

17:04:00.322 detox[19770] [90mi[39m /Users/ips-162/Library/Android/sdk/platform-tools/adb -s ZD22227Q7K install -r -g -t /Users/ips-162/Documents/RearchTopics/DetoxTest/android/app/build/outputs/apk/debug/app-debug.apk exited with code #0
17:04:00.323 detox[19770] [90mi[39m /Users/ips-162/Library/Android/sdk/platform-tools/adb -s ZD22227Q7K install -r -g -t /Users/ips-162/Documents/RearchTopics/DetoxTest/android/app/build/outputs/apk/androidTest/debug/app-debug-androidTest.apk
17:04:01.013 detox[19770] [90mi[39m Performing Streamed Install
Success

17:04:01.014 detox[19770] [90mi[39m /Users/ips-162/Library/Android/sdk/platform-tools/adb -s ZD22227Q7K install -r -g -t /Users/ips-162/Documents/RearchTopics/DetoxTest/android/app/build/outputs/apk/androidTest/debug/app-debug-androidTest.apk exited with code #0
17:04:01.014 detox[19770] [90mB[39m reverseTcpPort
  args: (8081)
17:04:01.015 detox[19770] [90mi[39m "/Users/ips-162/Library/Android/sdk/platform-tools/adb" -s ZD22227Q7K reverse tcp:8081 tcp:8081
17:04:01.035 detox[19770] [90mi[39m 8081

17:04:01.036 detox[19770] [90mE[39m reverseTcpPort
17:04:01.036 detox[19770] [90mE[39m installApp
17:04:01.036 detox[19770] [90mB[39m selectApp
  args: ("default")
17:04:01.036 detox[19770] [90mB[39m terminateApp
  args: ()
17:04:01.036 detox[19770] [90mB[39m onBeforeTerminateApp
  args: ({"deviceId":"ZD22227Q7K","bundleId":"com.detoxtest"})
17:04:01.036 detox[19770] [90mE[39m onBeforeTerminateApp
17:04:01.036 detox[19770] [90mi[39m "/Users/ips-162/Library/Android/sdk/platform-tools/adb" -s ZD22227Q7K shell "am force-stop com.detoxtest"
17:04:01.225 detox[19770] [90mi[39m 
17:04:01.225 detox[19770] [90mB[39m onTerminateApp
  args: ({"deviceId":"ZD22227Q7K","bundleId":"com.detoxtest"})
17:04:01.225 detox[19770] [90mE[39m onTerminateApp
17:04:01.225 detox[19770] [90mE[39m terminateApp
17:04:01.225 detox[19770] [90mE[39m selectApp
17:04:01.227 detox[19770] [90mE[39m set up environment
17:04:02.556 detox[19770] [90mi[39m navigation.e2e.js is assigned to AttachedDevice:ZD22227Q7K
17:04:02.558 detox[19770] [90mB[39m run the tests
17:04:02.559 detox[19770] [90mB[39m onRunDescribeStart
  args: ({"name":"ROOT_DESCRIBE_BLOCK"})
17:04:02.559 detox[19770] [90mE[39m onRunDescribeStart
17:04:02.560 detox[19770] [90mB[39m beforeAll
17:04:02.561 detox[19770] [90mi[39m 🚀 Test suite starting...
17:04:02.563 detox[19770] [90mE[39m beforeAll
17:04:02.564 detox[19770] [90mB[39m Navigation Between Core Screens
17:04:02.564 detox[19770] [90mB[39m onRunDescribeStart
  args: ({"name":"Navigation Between Core Screens"})
17:04:02.564 detox[19770] [90mE[39m onRunDescribeStart
17:04:02.565 detox[19770] [90mB[39m beforeAll
17:04:02.571 detox[19770] [90mB[39m launchApp
  args: ({"newInstance":true})
17:04:02.576 detox[19770] [90mB[39m terminateApp
  args: ("com.detoxtest")
17:04:02.576 detox[19770] [90mB[39m onBeforeTerminateApp
  args: ({"deviceId":"ZD22227Q7K","bundleId":"com.detoxtest"})
17:04:02.576 detox[19770] [90mE[39m onBeforeTerminateApp
17:04:02.576 detox[19770] [90mi[39m "/Users/ips-162/Library/Android/sdk/platform-tools/adb" -s ZD22227Q7K shell "am force-stop com.detoxtest"
17:04:02.683 detox[19770] [90mi[39m 
17:04:02.683 detox[19770] [90mB[39m onTerminateApp
  args: ({"deviceId":"ZD22227Q7K","bundleId":"com.detoxtest"})
17:04:02.683 detox[19770] [90mE[39m onTerminateApp
17:04:02.683 detox[19770] [90mE[39m terminateApp
17:04:02.684 detox[19770] [90mB[39m onBeforeLaunchApp
  args: ({"deviceId":"ZD22227Q7K","bundleId":"com.detoxtest","launchArgs":{"detoxServer":"ws://localhost:56729","detoxSessionId":"630ba2ff-201e-10ac-e5dc-f781c69aa4e2"}})
17:04:02.684 detox[19770] [90mi[39m "/Users/ips-162/Library/Android/sdk/platform-tools/adb" -s ZD22227Q7K shell "date +\"%m-%d %T.000\""
17:04:02.774 detox[19770] [90mi[39m 12-17 17:05:06.000

17:04:02.774 detox[19770] [90mE[39m onBeforeLaunchApp
17:04:02.774 detox[19770] [90mi[39m "/Users/ips-162/Library/Android/sdk/platform-tools/adb" -s ZD22227Q7K reverse tcp:56729 tcp:56729
17:04:02.789 detox[19770] [90mi[39m 56729

17:04:02.790 detox[19770] [90mi[39m "/Users/ips-162/Library/Android/sdk/platform-tools/adb" -s ZD22227Q7K shell "pm list instrumentation"
17:04:02.852 detox[19770] [90mi[39m instrumentation:com.detoxtest.test/androidx.test.runner.AndroidJUnitRunner (target=com.detoxtest)
instrumentation:io.appium.uiautomator2.server.test/androidx.test.runner.AndroidJUnitRunner (target=io.appium.uiautomator2.server)

17:04:02.854 detox[19770] [90mi[39m /Users/ips-162/Library/Android/sdk/platform-tools/adb -s ZD22227Q7K shell am instrument -w -r -e detoxServer ws://localhost:56729 -e detoxSessionId 630ba2ff-201e-10ac-e5dc-f781c69aa4e2 -e debug false com.detoxtest.test/androidx.test.runner.AndroidJUnitRunner
17:04:03.357 detox[19770] [90mi[39m "/Users/ips-162/Library/Android/sdk/platform-tools/adb" -s ZD22227Q7K shell "ps | grep \"com\.detoxtest$\""
17:04:05.346 detox[19770] [90mi[39m ""/Users/ips-162/Library/Android/sdk/platform-tools/adb" -s ZD22227Q7K shell "ps | grep \"com\.detoxtest$\""" failed with error = Error: Command failed: "/Users/ips-162/Library/Android/sdk/platform-tools/adb" -s ZD22227Q7K shell "ps | grep \"com\.detoxtest$\""
 (code=1), stdout and stderr:

17:04:05.347 detox[19770] [90mi[39m 
17:04:05.348 detox[19770] [90mi[39m 
17:04:05.854 detox[19770] [90mi[39m "/Users/ips-162/Library/Android/sdk/platform-tools/adb" -s ZD22227Q7K shell "ps | grep \"com\.detoxtest$\""
17:04:06.079 detox[19770] [90mi[39m u0_a944      23310  1235 17193200 125224 0                  0 R com.detoxtest

17:04:06.079 detox[19770] [90mB[39m onLaunchApp
  args: ({"deviceId":"ZD22227Q7K","bundleId":"com.detoxtest","launchArgs":{"detoxServer":"ws://localhost:56729","detoxSessionId":"630ba2ff-201e-10ac-e5dc-f781c69aa4e2"},"pid":23310})
17:04:06.080 detox[19770] [90mi[39m starting ADBLogcatRecording
17:04:06.081 detox[19770] [90mi[39m /Users/ips-162/Library/Android/sdk/platform-tools/adb -s ZD22227Q7K shell "logcat -T \"12-17 17:05:06.000\" --pid=23310 -f /sdcard/17354164_0.log"
17:04:06.081 detox[19770] [90mE[39m onLaunchApp
17:04:06.382 detox[19770] [90mi[39m "/Users/ips-162/Library/Android/sdk/platform-tools/adb" -s ZD22227Q7K shell du /sdcard/17354164_0.log
17:04:06.433 detox[19770] [90mi[39m 0	/sdcard/17354164_0.log

17:04:06.961 detox[19770] [90mi[39m INSTRUMENTATION_STATUS: class=com.detoxtest.DetoxTest

17:04:06.963 detox[19770] [90mi[39m INSTRUMENTATION_STATUS: current=1
INSTRUMENTATION_STATUS: id=AndroidJUnitRunner
INSTRUMENTATION_STATUS: numtests=1
INSTRUMENTATION_STATUS: stream=
com.detoxtest.DetoxTest:

17:04:06.963 detox[19770] [90mi[39m INSTRUMENTATION_STATUS: test=runDetoxTests
INSTRUMENTATION_STATUS_CODE: 1

17:04:07.088 detox[19769] [90mB[39m connection :56729<->:56980
17:04:07.101 detox[19769] [90mi[39m get
  data: {"messageId":0,"type":"login","params":{"role":"app","sessionId":"630ba2ff-201e-10ac-e5dc-f781c69aa4e2"}}
17:04:07.101 detox[19769] [90mi[39m send
  data: {
    "messageId": 0,
    "type": "loginSuccess",
    "params": {
      "testerConnected": true,
      "appConnected": true
    }
  }
17:04:07.101 detox[19769] [90mi[39m app joined session 630ba2ff-201e-10ac-e5dc-f781c69aa4e2
17:04:07.101 detox[19769] [90mi[39m send
  data: {
    "type": "appConnected"
  }
17:04:07.102 detox[19770] [90mi[39m get message
  data: {"type":"appConnected"}
   
17:04:07.103 detox[19769] [90mi[39m get
  data: {"type":"isReady","params":{},"messageId":-1000}
17:04:07.103 detox[19770] [90mi[39m send message
  data: {"type":"isReady","params":{},"messageId":-1000}
17:04:07.104 detox[19769] [90mi[39m send
  data: {
    "type": "isReady",
    "params": {},
    "messageId": -1000
  }
17:04:13.551 detox[19769] [90mi[39m get
  data: {"messageId":-1000,"type":"ready","params":{}}
17:04:13.551 detox[19769] [90mi[39m send
  data: {
    "messageId": -1000,
    "type": "ready",
    "params": {}
  }
17:04:13.551 detox[19770] [90mi[39m get message
  data: {"messageId":-1000,"type":"ready","params":{}}
   
17:04:13.552 detox[19770] [90mB[39m onAppReady
  args: ({"deviceId":"ZD22227Q7K","bundleId":"com.detoxtest","pid":23310})
17:04:13.552 detox[19770] [90mE[39m onAppReady
17:04:13.552 detox[19770] [90mE[39m launchApp
17:04:13.552 detox[19770] [90mB[39m disableSynchronization
  args: ()
17:04:13.553 detox[19770] [90mi[39m send message
  data: {"type":"invoke","params":{"target":{"type":"Class","value":"com.wix.detox.espresso.EspressoDetox"},"method":"setSynchronization","args":[{"type":"boolean","value":false}]},"messageId":1}
17:04:13.554 detox[19769] [90mi[39m get
  data: {"type":"invoke","params":{"target":{"type":"Class","value":"com.wix.detox.espresso.EspressoDetox"},"method":"setSynchronization","args":[{"type":"boolean","value":false}]},"messageId":1}
17:04:13.554 detox[19769] [90mi[39m send
  data: {
    "type": "invoke",
    "params": {
      "target": {
        "type": "Class",
        "value": "com.wix.detox.espresso.EspressoDetox"
      },
      "method": "setSynchronization",
      "args": [
        {
          "type": "boolean",
          "value": false
        }
      ]
    },
    "messageId": 1
  }
17:04:13.591 detox[19769] [90mi[39m get
  data: {"messageId":1,"type":"invokeResult","params":{"result":null}}
17:04:13.591 detox[19769] [90mi[39m send
  data: {
    "messageId": 1,
    "type": "invokeResult",
    "params": {
      "result": null
    }
  }
17:04:13.591 detox[19770] [90mi[39m get message
  data: {"messageId":1,"type":"invokeResult","params":{"result":null}}
   
17:04:13.592 detox[19770] [90mE[39m disableSynchronization
17:04:13.592 detox[19770] [90mi[39m  Waiting 3 seconds for PersistGate + Redux loading...
17:04:16.597 detox[19770] [90mB[39m enableSynchronization
  args: ()
17:04:16.598 detox[19769] [90mi[39m get
  data: {"type":"invoke","params":{"target":{"type":"Class","value":"com.wix.detox.espresso.EspressoDetox"},"method":"setSynchronization","args":[{"type":"boolean","value":true}]},"messageId":2}
17:04:16.598 detox[19769] [90mi[39m send
  data: {
    "type": "invoke",
    "params": {
      "target": {
        "type": "Class",
        "value": "com.wix.detox.espresso.EspressoDetox"
      },
      "method": "setSynchronization",
      "args": [
        {
          "type": "boolean",
          "value": true
        }
      ]
    },
    "messageId": 2
  }
17:04:16.598 detox[19770] [90mi[39m send message
  data: {"type":"invoke","params":{"target":{"type":"Class","value":"com.wix.detox.espresso.EspressoDetox"},"method":"setSynchronization","args":[{"type":"boolean","value":true}]},"messageId":2}
17:04:16.624 detox[19769] [90mi[39m get
  data: {"messageId":2,"type":"invokeResult","params":{"result":null}}
17:04:16.624 detox[19769] [90mi[39m send
  data: {
    "messageId": 2,
    "type": "invokeResult",
    "params": {
      "result": null
    }
  }
17:04:16.625 detox[19770] [90mi[39m get message
  data: {"messageId":2,"type":"invokeResult","params":{"result":null}}
   
17:04:16.625 detox[19770] [90mE[39m enableSynchronization
17:04:16.626 detox[19770] [90mi[39m send message
  data: {"type":"invoke","params":{"target":{"type":"Class","value":"com.wix.detox.espresso.DetoxAssertion"},"method":"waitForAssertMatcher","args":[{"type":"Invocation","value":{"target":{"type":"Class","value":"androidx.test.espresso.Espresso"},"method":"onView","args":[{"type":"Invocation","value":{"target":{"type":"Class","value":"com.wix.detox.espresso.DetoxMatcher"},"method":"matcherForTestId","args":["login-root",{"type":"boolean","value":false}]}}]}},{"type":"Invocation","value":{"target":{"type":"Class","value":"com.wix.detox.espresso.DetoxMatcher"},"method":"matcherForSufficientlyVisible","args":[{"type":"Integer","value":75}]}},{"type":"Double","value":10}]},"messageId":3}
17:04:16.627 detox[19769] [90mi[39m get
  data: {"type":"invoke","params":{"target":{"type":"Class","value":"com.wix.detox.espresso.DetoxAssertion"},"method":"waitForAssertMatcher","args":[{"type":"Invocation","value":{"target":{"type":"Class","value":"androidx.test.espresso.Espresso"},"method":"onView","args":[{"type":"Invocation","value":{"target":{"type":"Class","value":"com.wix.detox.espresso.DetoxMatcher"},"method":"matcherForTestId","args":["login-root",{"type":"boolean","value":false}]}}]}},{"type":"Invocation","value":{"target":{"type":"Class","value":"com.wix.detox.espresso.DetoxMatcher"},"method":"matcherForSufficientlyVisible","args":[{"type":"Integer","value":75}]}},{"type":"Double","value":10}]},"messageId":3}
17:04:16.627 detox[19769] [90mi[39m send
  data: {
    "type": "invoke",
    "params": {
      "target": {
        "type": "Class",
        "value": "com.wix.detox.espresso.DetoxAssertion"
      },
      "method": "waitForAssertMatcher",
      "args": [
        {
          "type": "Invocation",
          "value": {
            "target": {
              "type": "Class",
              "value": "androidx.test.espresso.Espresso"
            },
            "method": "onView",
            "args": [
              {
                "type": "Invocation",
                "value": {
                  "target": {
                    "type": "Class",
                    "value": "com.wix.detox.espresso.DetoxMatcher"
                  },
                  "method": "matcherForTestId",
                  "args": [
                    "login-root",
                    {
                      "type": "boolean",
                      "value": false
                    }
                  ]
                }
              }
            ]
          }
        },
        {
          "type": "Invocation",
          "value": {
            "target": {
              "type": "Class",
              "value": "com.wix.detox.espresso.DetoxMatcher"
            },
            "method": "matcherForSufficientlyVisible",
            "args": [
              {
                "type": "Integer",
                "value": 75
              }
            ]
          }
        },
        {
          "type": "Double",
          "value": 10
        }
      ]
    },
    "messageId": 3
  }
17:04:16.627 detox[19770] [90mB[39m undefined with timeout (10000 ms)
  data: {
    "target": {
      "type": "Class",
      "value": "com.wix.detox.espresso.DetoxAssertion"
    },
    "method": "waitForAssertMatcher",
    "args": [
      {
        "type": "Invocation",
        "value": {
          "target": {
            "type": "Class",
            "value": "androidx.test.espresso.Espresso"
          },
          "method": "onView",
          "args": [
            {
              "type": "Invocation",
              "value": {
                "target": {
                  "type": "Class",
                  "value": "com.wix.detox.espresso.DetoxMatcher"
                },
                "method": "matcherForTestId",
                "args": [
                  "login-root",
                  {
                    "type": "boolean",
                    "value": false
                  }
                ]
              }
            }
          ]
        }
      },
      {
        "type": "Invocation",
        "value": {
          "target": {
            "type": "Class",
            "value": "com.wix.detox.espresso.DetoxMatcher"
          },
          "method": "matcherForSufficientlyVisible",
          "args": [
            {
              "type": "Integer",
              "value": 75
            }
          ]
        }
      },
      {
        "type": "Double",
        "value": 10
      }
    ]
  }
17:04:21.715 detox[19769] [90mi[39m get
  data: {"messageId":3,"type":"invokeResult","params":{"result":null}}
17:04:21.715 detox[19769] [90mi[39m send
  data: {
    "messageId": 3,
    "type": "invokeResult",
    "params": {
      "result": null
    }
  }
17:04:21.715 detox[19770] [90mi[39m get message
  data: {"messageId":3,"type":"invokeResult","params":{"result":null}}
   
17:04:21.716 detox[19770] [90mE[39m undefined with timeout (10000 ms)
17:04:21.716 detox[19770] [90mi[39m  Login screen ready
17:04:21.716 detox[19770] [90mi[39m  Entering login credentials...
17:04:21.717 detox[19770] [90mi[39m send message
  data: {"type":"invoke","params":{"target":{"type":"Class","value":"com.wix.detox.espresso.EspressoDetox"},"method":"perform","args":[{"type":"Invocation","value":{"target":{"type":"Class","value":"com.wix.detox.espresso.DetoxMatcher"},"method":"matcherForTestId","args":["email-input",{"type":"boolean","value":false}]}},{"type":"Invocation","value":{"target":{"type":"Class","value":"androidx.test.espresso.action.ViewActions"},"method":"replaceText","args":["john@gmail.com"]}}]},"messageId":4}
17:04:21.718 detox[19769] [90mi[39m get
  data: {"type":"invoke","params":{"target":{"type":"Class","value":"com.wix.detox.espresso.EspressoDetox"},"method":"perform","args":[{"type":"Invocation","value":{"target":{"type":"Class","value":"com.wix.detox.espresso.DetoxMatcher"},"method":"matcherForTestId","args":["email-input",{"type":"boolean","value":false}]}},{"type":"Invocation","value":{"target":{"type":"Class","value":"androidx.test.espresso.action.ViewActions"},"method":"replaceText","args":["john@gmail.com"]}}]},"messageId":4}
17:04:21.718 detox[19769] [90mi[39m send
  data: {
    "type": "invoke",
    "params": {
      "target": {
        "type": "Class",
        "value": "com.wix.detox.espresso.EspressoDetox"
      },
      "method": "perform",
      "args": [
        {
          "type": "Invocation",
          "value": {
            "target": {
              "type": "Class",
              "value": "com.wix.detox.espresso.DetoxMatcher"
            },
            "method": "matcherForTestId",
            "args": [
              "email-input",
              {
                "type": "boolean",
                "value": false
              }
            ]
          }
        },
        {
          "type": "Invocation",
          "value": {
            "target": {
              "type": "Class",
              "value": "androidx.test.espresso.action.ViewActions"
            },
            "method": "replaceText",
            "args": [
              "john@gmail.com"
            ]
          }
        }
      ]
    },
    "messageId": 4
  }
17:04:21.718 detox[19770] [90mB[39m replace input text: "john@gmail.com"
  data: {
    "target": {
      "type": "Class",
      "value": "com.wix.detox.espresso.EspressoDetox"
    },
    "method": "perform",
    "args": [
      {
        "type": "Invocation",
        "value": {
          "target": {
            "type": "Class",
            "value": "com.wix.detox.espresso.DetoxMatcher"
          },
          "method": "matcherForTestId",
          "args": [
            "email-input",
            {
              "type": "boolean",
              "value": false
            }
          ]
        }
      },
      {
        "type": "Invocation",
        "value": {
          "target": {
            "type": "Class",
            "value": "androidx.test.espresso.action.ViewActions"
          },
          "method": "replaceText",
          "args": [
            "john@gmail.com"
          ]
        }
      }
    ]
  }
17:04:21.770 detox[19769] [90mi[39m get
  data: {"messageId":4,"type":"invokeResult","params":{"result":null}}
17:04:21.770 detox[19769] [90mi[39m send
  data: {
    "messageId": 4,
    "type": "invokeResult",
    "params": {
      "result": null
    }
  }
17:04:21.771 detox[19770] [90mi[39m get message
  data: {"messageId":4,"type":"invokeResult","params":{"result":null}}
   
17:04:21.771 detox[19770] [90mE[39m replace input text: "john@gmail.com"
17:04:21.772 detox[19769] [90mi[39m get
  data: {"type":"invoke","params":{"target":{"type":"Class","value":"com.wix.detox.espresso.EspressoDetox"},"method":"perform","args":[{"type":"Invocation","value":{"target":{"type":"Class","value":"com.wix.detox.espresso.DetoxMatcher"},"method":"matcherForTestId","args":["password-input",{"type":"boolean","value":false}]}},{"type":"Invocation","value":{"target":{"type":"Class","value":"com.wix.detox.espresso.DetoxViewActions"},"method":"click","args":[]}}]},"messageId":5}
17:04:21.772 detox[19769] [90mi[39m send
  data: {
    "type": "invoke",
    "params": {
      "target": {
        "type": "Class",
        "value": "com.wix.detox.espresso.EspressoDetox"
      },
      "method": "perform",
      "args": [
        {
          "type": "Invocation",
          "value": {
            "target": {
              "type": "Class",
              "value": "com.wix.detox.espresso.DetoxMatcher"
            },
            "method": "matcherForTestId",
            "args": [
              "password-input",
              {
                "type": "boolean",
                "value": false
              }
            ]
          }
        },
        {
          "type": "Invocation",
          "value": {
            "target": {
              "type": "Class",
              "value": "com.wix.detox.espresso.DetoxViewActions"
            },
            "method": "click",
            "args": []
          }
        }
      ]
    },
    "messageId": 5
  }
17:04:21.772 detox[19770] [90mi[39m send message
  data: {"type":"invoke","params":{"target":{"type":"Class","value":"com.wix.detox.espresso.EspressoDetox"},"method":"perform","args":[{"type":"Invocation","value":{"target":{"type":"Class","value":"com.wix.detox.espresso.DetoxMatcher"},"method":"matcherForTestId","args":["password-input",{"type":"boolean","value":false}]}},{"type":"Invocation","value":{"target":{"type":"Class","value":"com.wix.detox.espresso.DetoxViewActions"},"method":"click","args":[]}}]},"messageId":5}
17:04:21.772 detox[19770] [90mB[39m tap
  data: {
    "target": {
      "type": "Class",
      "value": "com.wix.detox.espresso.EspressoDetox"
    },
    "method": "perform",
    "args": [
      {
        "type": "Invocation",
        "value": {
          "target": {
            "type": "Class",
            "value": "com.wix.detox.espresso.DetoxMatcher"
          },
          "method": "matcherForTestId",
          "args": [
            "password-input",
            {
              "type": "boolean",
              "value": false
            }
          ]
        }
      },
      {
        "type": "Invocation",
        "value": {
          "target": {
            "type": "Class",
            "value": "com.wix.detox.espresso.DetoxViewActions"
          },
          "method": "click",
          "args": []
        }
      }
    ]
  }
17:04:22.381 detox[19769] [90mi[39m get
  data: {"messageId":5,"type":"invokeResult","params":{"result":null}}
17:04:22.382 detox[19769] [90mi[39m send
  data: {
    "messageId": 5,
    "type": "invokeResult",
    "params": {
      "result": null
    }
  }
17:04:22.382 detox[19770] [90mi[39m get message
  data: {"messageId":5,"type":"invokeResult","params":{"result":null}}
   
17:04:22.382 detox[19770] [90mE[39m tap
17:04:22.383 detox[19769] [90mi[39m get
  data: {"type":"invoke","params":{"target":{"type":"Class","value":"com.wix.detox.espresso.EspressoDetox"},"method":"perform","args":[{"type":"Invocation","value":{"target":{"type":"Class","value":"com.wix.detox.espresso.DetoxMatcher"},"method":"matcherForTestId","args":["password-input",{"type":"boolean","value":false}]}},{"type":"Invocation","value":{"target":{"type":"Class","value":"androidx.test.espresso.action.ViewActions"},"method":"replaceText","args":["Password123!"]}}]},"messageId":6}
17:04:22.383 detox[19769] [90mi[39m send
  data: {
    "type": "invoke",
    "params": {
      "target": {
        "type": "Class",
        "value": "com.wix.detox.espresso.EspressoDetox"
      },
      "method": "perform",
      "args": [
        {
          "type": "Invocation",
          "value": {
            "target": {
              "type": "Class",
              "value": "com.wix.detox.espresso.DetoxMatcher"
            },
            "method": "matcherForTestId",
            "args": [
              "password-input",
              {
                "type": "boolean",
                "value": false
              }
            ]
          }
        },
        {
          "type": "Invocation",
          "value": {
            "target": {
              "type": "Class",
              "value": "androidx.test.espresso.action.ViewActions"
            },
            "method": "replaceText",
            "args": [
              "Password123!"
            ]
          }
        }
      ]
    },
    "messageId": 6
  }
17:04:22.383 detox[19770] [90mi[39m send message
  data: {"type":"invoke","params":{"target":{"type":"Class","value":"com.wix.detox.espresso.EspressoDetox"},"method":"perform","args":[{"type":"Invocation","value":{"target":{"type":"Class","value":"com.wix.detox.espresso.DetoxMatcher"},"method":"matcherForTestId","args":["password-input",{"type":"boolean","value":false}]}},{"type":"Invocation","value":{"target":{"type":"Class","value":"androidx.test.espresso.action.ViewActions"},"method":"replaceText","args":["Password123!"]}}]},"messageId":6}
17:04:22.383 detox[19770] [90mB[39m replace input text: "Password123!"
  data: {
    "target": {
      "type": "Class",
      "value": "com.wix.detox.espresso.EspressoDetox"
    },
    "method": "perform",
    "args": [
      {
        "type": "Invocation",
        "value": {
          "target": {
            "type": "Class",
            "value": "com.wix.detox.espresso.DetoxMatcher"
          },
          "method": "matcherForTestId",
          "args": [
            "password-input",
            {
              "type": "boolean",
              "value": false
            }
          ]
        }
      },
      {
        "type": "Invocation",
        "value": {
          "target": {
            "type": "Class",
            "value": "androidx.test.espresso.action.ViewActions"
          },
          "method": "replaceText",
          "args": [
            "Password123!"
          ]
        }
      }
    ]
  }
17:04:22.403 detox[19769] [90mi[39m get
  data: {"messageId":6,"type":"invokeResult","params":{"result":null}}
17:04:22.403 detox[19769] [90mi[39m send
  data: {
    "messageId": 6,
    "type": "invokeResult",
    "params": {
      "result": null
    }
  }
17:04:22.403 detox[19770] [90mi[39m get message
  data: {"messageId":6,"type":"invokeResult","params":{"result":null}}
   
17:04:22.404 detox[19770] [90mE[39m replace input text: "Password123!"
17:04:22.404 detox[19770] [90mB[39m pressBack
  args: ()
17:04:22.405 detox[19769] [90mi[39m get
  data: {"type":"invoke","params":{"target":{"type":"Invocation","value":{"target":{"type":"Class","value":"com.wix.detox.uiautomator.UiAutomator"},"method":"uiDevice","args":[]}},"method":"pressBack","args":[]},"messageId":7}
17:04:22.405 detox[19769] [90mi[39m send
  data: {
    "type": "invoke",
    "params": {
      "target": {
        "type": "Invocation",
        "value": {
          "target": {
            "type": "Class",
            "value": "com.wix.detox.uiautomator.UiAutomator"
          },
          "method": "uiDevice",
          "args": []
        }
      },
      "method": "pressBack",
      "args": []
    },
    "messageId": 7
  }
17:04:22.405 detox[19770] [90mi[39m send message
  data: {"type":"invoke","params":{"target":{"type":"Invocation","value":{"target":{"type":"Class","value":"com.wix.detox.uiautomator.UiAutomator"},"method":"uiDevice","args":[]}},"method":"pressBack","args":[]},"messageId":7}
17:04:23.585 detox[19769] [90mi[39m get
  data: {"messageId":7,"type":"invokeResult","params":{"result":true}}
17:04:23.585 detox[19769] [90mi[39m send
  data: {
    "messageId": 7,
    "type": "invokeResult",
    "params": {
      "result": true
    }
  }
17:04:23.585 detox[19770] [90mi[39m get message
  data: {"messageId":7,"type":"invokeResult","params":{"result":true}}
   
17:04:23.586 detox[19770] [90mE[39m pressBack
17:04:23.586 detox[19770] [90mi[39m send message
  data: {"type":"invoke","params":{"target":{"type":"Class","value":"com.wix.detox.espresso.EspressoDetox"},"method":"perform","args":[{"type":"Invocation","value":{"target":{"type":"Class","value":"com.wix.detox.espresso.DetoxMatcher"},"method":"matcherForTestId","args":["login-button",{"type":"boolean","value":false}]}},{"type":"Invocation","value":{"target":{"type":"Class","value":"com.wix.detox.espresso.DetoxViewActions"},"method":"click","args":[]}}]},"messageId":8}
17:04:23.587 detox[19769] [90mi[39m get
  data: {"type":"invoke","params":{"target":{"type":"Class","value":"com.wix.detox.espresso.EspressoDetox"},"method":"perform","args":[{"type":"Invocation","value":{"target":{"type":"Class","value":"com.wix.detox.espresso.DetoxMatcher"},"method":"matcherForTestId","args":["login-button",{"type":"boolean","value":false}]}},{"type":"Invocation","value":{"target":{"type":"Class","value":"com.wix.detox.espresso.DetoxViewActions"},"method":"click","args":[]}}]},"messageId":8}
17:04:23.587 detox[19769] [90mi[39m send
  data: {
    "type": "invoke",
    "params": {
      "target": {
        "type": "Class",
        "value": "com.wix.detox.espresso.EspressoDetox"
      },
      "method": "perform",
      "args": [
        {
          "type": "Invocation",
          "value": {
            "target": {
              "type": "Class",
              "value": "com.wix.detox.espresso.DetoxMatcher"
            },
            "method": "matcherForTestId",
            "args": [
              "login-button",
              {
                "type": "boolean",
                "value": false
              }
            ]
          }
        },
        {
          "type": "Invocation",
          "value": {
            "target": {
              "type": "Class",
              "value": "com.wix.detox.espresso.DetoxViewActions"
            },
            "method": "click",
            "args": []
          }
        }
      ]
    },
    "messageId": 8
  }
17:04:23.587 detox[19770] [90mB[39m tap
  data: {
    "target": {
      "type": "Class",
      "value": "com.wix.detox.espresso.EspressoDetox"
    },
    "method": "perform",
    "args": [
      {
        "type": "Invocation",
        "value": {
          "target": {
            "type": "Class",
            "value": "com.wix.detox.espresso.DetoxMatcher"
          },
          "method": "matcherForTestId",
          "args": [
            "login-button",
            {
              "type": "boolean",
              "value": false
            }
          ]
        }
      },
      {
        "type": "Invocation",
        "value": {
          "target": {
            "type": "Class",
            "value": "com.wix.detox.espresso.DetoxViewActions"
          },
          "method": "click",
          "args": []
        }
      }
    ]
  }
17:04:25.964 detox[19769] [90mi[39m get
  data: {"messageId":8,"type":"invokeResult","params":{"result":null}}
17:04:25.964 detox[19769] [90mi[39m send
  data: {
    "messageId": 8,
    "type": "invokeResult",
    "params": {
      "result": null
    }
  }
17:04:25.967 detox[19770] [90mi[39m get message
  data: {"messageId":8,"type":"invokeResult","params":{"result":null}}
   
17:04:25.968 detox[19770] [90mE[39m tap
17:04:25.968 detox[19770] [90mi[39m  Login button tapped, waiting for navigation...
17:04:30.972 detox[19769] [90mi[39m get
  data: {"type":"invoke","params":{"target":{"type":"Class","value":"com.wix.detox.espresso.DetoxAssertion"},"method":"waitForAssertMatcher","args":[{"type":"Invocation","value":{"target":{"type":"Class","value":"androidx.test.espresso.Espresso"},"method":"onView","args":[{"type":"Invocation","value":{"target":{"type":"Class","value":"com.wix.detox.espresso.DetoxMatcher"},"method":"matcherForTestId","args":["home-tab-root",{"type":"boolean","value":false}]}}]}},{"type":"Invocation","value":{"target":{"type":"Class","value":"com.wix.detox.espresso.DetoxMatcher"},"method":"matcherForSufficientlyVisible","args":[{"type":"Integer","value":75}]}},{"type":"Double","value":15}]},"messageId":9}
17:04:30.972 detox[19770] [90mi[39m send message
  data: {"type":"invoke","params":{"target":{"type":"Class","value":"com.wix.detox.espresso.DetoxAssertion"},"method":"waitForAssertMatcher","args":[{"type":"Invocation","value":{"target":{"type":"Class","value":"androidx.test.espresso.Espresso"},"method":"onView","args":[{"type":"Invocation","value":{"target":{"type":"Class","value":"com.wix.detox.espresso.DetoxMatcher"},"method":"matcherForTestId","args":["home-tab-root",{"type":"boolean","value":false}]}}]}},{"type":"Invocation","value":{"target":{"type":"Class","value":"com.wix.detox.espresso.DetoxMatcher"},"method":"matcherForSufficientlyVisible","args":[{"type":"Integer","value":75}]}},{"type":"Double","value":15}]},"messageId":9}
17:04:30.972 detox[19770] [90mB[39m undefined with timeout (15000 ms)
  data: {
    "target": {
      "type": "Class",
      "value": "com.wix.detox.espresso.DetoxAssertion"
    },
    "method": "waitForAssertMatcher",
    "args": [
      {
        "type": "Invocation",
        "value": {
          "target": {
            "type": "Class",
            "value": "androidx.test.espresso.Espresso"
          },
          "method": "onView",
          "args": [
            {
              "type": "Invocation",
              "value": {
                "target": {
                  "type": "Class",
                  "value": "com.wix.detox.espresso.DetoxMatcher"
                },
                "method": "matcherForTestId",
                "args": [
                  "home-tab-root",
                  {
                    "type": "boolean",
                    "value": false
                  }
                ]
              }
            }
          ]
        }
      },
      {
        "type": "Invocation",
        "value": {
          "target": {
            "type": "Class",
            "value": "com.wix.detox.espresso.DetoxMatcher"
          },
          "method": "matcherForSufficientlyVisible",
          "args": [
            {
              "type": "Integer",
              "value": 75
            }
          ]
        }
      },
      {
        "type": "Double",
        "value": 15
      }
    ]
  }
17:04:30.973 detox[19769] [90mi[39m send
  data: {
    "type": "invoke",
    "params": {
      "target": {
        "type": "Class",
        "value": "com.wix.detox.espresso.DetoxAssertion"
      },
      "method": "waitForAssertMatcher",
      "args": [
        {
          "type": "Invocation",
          "value": {
            "target": {
              "type": "Class",
              "value": "androidx.test.espresso.Espresso"
            },
            "method": "onView",
            "args": [
              {
                "type": "Invocation",
                "value": {
                  "target": {
                    "type": "Class",
                    "value": "com.wix.detox.espresso.DetoxMatcher"
                  },
                  "method": "matcherForTestId",
                  "args": [
                    "home-tab-root",
                    {
                      "type": "boolean",
                      "value": false
                    }
                  ]
                }
              }
            ]
          }
        },
        {
          "type": "Invocation",
          "value": {
            "target": {
              "type": "Class",
              "value": "com.wix.detox.espresso.DetoxMatcher"
            },
            "method": "matcherForSufficientlyVisible",
            "args": [
              {
                "type": "Integer",
                "value": 75
              }
            ]
          }
        },
        {
          "type": "Double",
          "value": 15
        }
      ]
    },
    "messageId": 9
  }
17:04:31.047 detox[19769] [90mi[39m get
  data: {"messageId":9,"type":"invokeResult","params":{"result":null}}
17:04:31.047 detox[19769] [90mi[39m send
  data: {
    "messageId": 9,
    "type": "invokeResult",
    "params": {
      "result": null
    }
  }
17:04:31.048 detox[19770] [90mi[39m get message
  data: {"messageId":9,"type":"invokeResult","params":{"result":null}}
   
17:04:31.048 detox[19770] [90mE[39m undefined with timeout (15000 ms)
17:04:31.048 detox[19770] [90mi[39m ✅ Successfully logged in and on Home tab - READY FOR ALL NAVIGATION TESTS
17:04:31.049 detox[19770] [90mE[39m beforeAll
17:04:31.049 detox[19770] [90mB[39m should navigate from Home to Details screen
17:04:31.050 detox[19770] [90mi[39m Navigation Between Core Screens: should navigate from Home to Details screen
17:04:31.052 detox[19770] [90mB[39m onTestStart
  args: ({"title":"should navigate from Home to Details screen","fullName":"Navigation Between Core Screens should navigate from Home to Details screen","status":"running","invocations":1})
17:04:31.053 detox[19770] [90mi[39m stopping ADBLogcatRecording
17:04:31.053 detox[19770] [90mi[39m "/Users/ips-162/Library/Android/sdk/platform-tools/adb" -s ZD22227Q7K shell "date +\"%m-%d %T.000\""
17:04:31.172 detox[19770] [90mi[39m 12-17 17:05:34.000

17:04:31.173 detox[19770] [90mi[39m sending SIGINT to: /Users/ips-162/Library/Android/sdk/platform-tools/adb -s ZD22227Q7K shell logcat -T "12-17 17:05:06.000" --pid=23310 -f /sdcard/17354164_0.log
17:04:31.174 detox[19770] [90mi[39m /Users/ips-162/Library/Android/sdk/platform-tools/adb -s ZD22227Q7K shell "logcat -T \"12-17 17:05:06.000\" --pid=23310 -f /sdcard/17354164_0.log" terminated with SIGINT
17:04:31.174 detox[19770] [90mi[39m starting ADBLogcatRecording
17:04:31.175 detox[19770] [90mi[39m /Users/ips-162/Library/Android/sdk/platform-tools/adb -s ZD22227Q7K shell "logcat -T \"12-17 17:05:34.000\" --pid=23310 -f /sdcard/17354164_1.log"
17:04:31.175 detox[19770] [90mE[39m onTestStart
17:04:31.175 detox[19770] [90mB[39m beforeEach
17:04:31.176 detox[19770] [90mE[39m beforeEach
17:04:31.176 detox[19770] [90mB[39m test_fn
17:04:31.176 detox[19770] [90mi[39m 🧭 Testing Home → Details navigation
17:04:31.178 detox[19770] [90mi[39m send message
  data: {"type":"invoke","params":{"target":{"type":"Class","value":"com.wix.detox.espresso.DetoxAssertion"},"method":"assertMatcher","args":[{"type":"Invocation","value":{"target":{"type":"Class","value":"androidx.test.espresso.Espresso"},"method":"onView","args":[{"type":"Invocation","value":{"target":{"type":"Class","value":"com.wix.detox.espresso.DetoxMatcher"},"method":"matcherForTestId","args":["home-tab-root",{"type":"boolean","value":false}]}}]}},{"type":"Invocation","value":{"target":{"type":"Class","value":"com.wix.detox.espresso.DetoxMatcher"},"method":"matcherForSufficientlyVisible","args":[{"type":"Integer","value":75}]}}]},"messageId":10}
17:04:31.179 detox[19769] [90mi[39m get
  data: {"type":"invoke","params":{"target":{"type":"Class","value":"com.wix.detox.espresso.DetoxAssertion"},"method":"assertMatcher","args":[{"type":"Invocation","value":{"target":{"type":"Class","value":"androidx.test.espresso.Espresso"},"method":"onView","args":[{"type":"Invocation","value":{"target":{"type":"Class","value":"com.wix.detox.espresso.DetoxMatcher"},"method":"matcherForTestId","args":["home-tab-root",{"type":"boolean","value":false}]}}]}},{"type":"Invocation","value":{"target":{"type":"Class","value":"com.wix.detox.espresso.DetoxMatcher"},"method":"matcherForSufficientlyVisible","args":[{"type":"Integer","value":75}]}}]},"messageId":10}
17:04:31.179 detox[19769] [90mi[39m send
  data: {
    "type": "invoke",
    "params": {
      "target": {
        "type": "Class",
        "value": "com.wix.detox.espresso.DetoxAssertion"
      },
      "method": "assertMatcher",
      "args": [
        {
          "type": "Invocation",
          "value": {
            "target": {
              "type": "Class",
              "value": "androidx.test.espresso.Espresso"
            },
            "method": "onView",
            "args": [
              {
                "type": "Invocation",
                "value": {
                  "target": {
                    "type": "Class",
                    "value": "com.wix.detox.espresso.DetoxMatcher"
                  },
                  "method": "matcherForTestId",
                  "args": [
                    "home-tab-root",
                    {
                      "type": "boolean",
                      "value": false
                    }
                  ]
                }
              }
            ]
          }
        },
        {
          "type": "Invocation",
          "value": {
            "target": {
              "type": "Class",
              "value": "com.wix.detox.espresso.DetoxMatcher"
            },
            "method": "matcherForSufficientlyVisible",
            "args": [
              {
                "type": "Integer",
                "value": 75
              }
            ]
          }
        }
      ]
    },
    "messageId": 10
  }
17:04:31.180 detox[19770] [90mB[39m expect element to be visible
  data: {
    "target": {
      "type": "Class",
      "value": "com.wix.detox.espresso.DetoxAssertion"
    },
    "method": "assertMatcher",
    "args": [
      {
        "type": "Invocation",
        "value": {
          "target": {
            "type": "Class",
            "value": "androidx.test.espresso.Espresso"
          },
          "method": "onView",
          "args": [
            {
              "type": "Invocation",
              "value": {
                "target": {
                  "type": "Class",
                  "value": "com.wix.detox.espresso.DetoxMatcher"
                },
                "method": "matcherForTestId",
                "args": [
                  "home-tab-root",
                  {
                    "type": "boolean",
                    "value": false
                  }
                ]
              }
            }
          ]
        }
      },
      {
        "type": "Invocation",
        "value": {
          "target": {
            "type": "Class",
            "value": "com.wix.detox.espresso.DetoxMatcher"
          },
          "method": "matcherForSufficientlyVisible",
          "args": [
            {
              "type": "Integer",
              "value": 75
            }
          ]
        }
      }
    ]
  }
17:04:31.223 detox[19769] [90mi[39m get
  data: {"messageId":10,"type":"invokeResult","params":{"result":null}}
17:04:31.224 detox[19769] [90mi[39m send
  data: {
    "messageId": 10,
    "type": "invokeResult",
    "params": {
      "result": null
    }
  }
17:04:31.224 detox[19770] [90mi[39m get message
  data: {"messageId":10,"type":"invokeResult","params":{"result":null}}
   
17:04:31.224 detox[19770] [90mE[39m expect element to be visible
17:04:31.224 detox[19770] [90mi[39m  Confirmed on Home screen
17:04:31.225 detox[19769] [90mi[39m get
  data: {"type":"invoke","params":{"target":{"type":"Class","value":"com.wix.detox.espresso.EspressoDetox"},"method":"perform","args":[{"type":"Invocation","value":{"target":{"type":"Class","value":"com.wix.detox.espresso.DetoxMatcher"},"method":"matcherForTestId","args":["details-tab",{"type":"boolean","value":false}]}},{"type":"Invocation","value":{"target":{"type":"Class","value":"com.wix.detox.espresso.DetoxViewActions"},"method":"click","args":[]}}]},"messageId":11}
17:04:31.225 detox[19769] [90mi[39m send
  data: {
    "type": "invoke",
    "params": {
      "target": {
        "type": "Class",
        "value": "com.wix.detox.espresso.EspressoDetox"
      },
      "method": "perform",
      "args": [
        {
          "type": "Invocation",
          "value": {
            "target": {
              "type": "Class",
              "value": "com.wix.detox.espresso.DetoxMatcher"
            },
            "method": "matcherForTestId",
            "args": [
              "details-tab",
              {
                "type": "boolean",
                "value": false
              }
            ]
          }
        },
        {
          "type": "Invocation",
          "value": {
            "target": {
              "type": "Class",
              "value": "com.wix.detox.espresso.DetoxViewActions"
            },
            "method": "click",
            "args": []
          }
        }
      ]
    },
    "messageId": 11
  }
17:04:31.225 detox[19770] [90mi[39m send message
  data: {"type":"invoke","params":{"target":{"type":"Class","value":"com.wix.detox.espresso.EspressoDetox"},"method":"perform","args":[{"type":"Invocation","value":{"target":{"type":"Class","value":"com.wix.detox.espresso.DetoxMatcher"},"method":"matcherForTestId","args":["details-tab",{"type":"boolean","value":false}]}},{"type":"Invocation","value":{"target":{"type":"Class","value":"com.wix.detox.espresso.DetoxViewActions"},"method":"click","args":[]}}]},"messageId":11}
17:04:31.225 detox[19770] [90mB[39m tap
  data: {
    "target": {
      "type": "Class",
      "value": "com.wix.detox.espresso.EspressoDetox"
    },
    "method": "perform",
    "args": [
      {
        "type": "Invocation",
        "value": {
          "target": {
            "type": "Class",
            "value": "com.wix.detox.espresso.DetoxMatcher"
          },
          "method": "matcherForTestId",
          "args": [
            "details-tab",
            {
              "type": "boolean",
              "value": false
            }
          ]
        }
      },
      {
        "type": "Invocation",
        "value": {
          "target": {
            "type": "Class",
            "value": "com.wix.detox.espresso.DetoxViewActions"
          },
          "method": "click",
          "args": []
        }
      }
    ]
  }
17:04:31.477 detox[19770] [90mi[39m "/Users/ips-162/Library/Android/sdk/platform-tools/adb" -s ZD22227Q7K shell du /sdcard/17354164_1.log
17:04:31.524 detox[19770] [90mi[39m 0	/sdcard/17354164_1.log

17:04:31.656 detox[19769] [90mi[39m get
  data: {"messageId":11,"type":"invokeResult","params":{"result":null}}
17:04:31.656 detox[19769] [90mi[39m send
  data: {
    "messageId": 11,
    "type": "invokeResult",
    "params": {
      "result": null
    }
  }
17:04:31.657 detox[19770] [90mi[39m get message
  data: {"messageId":11,"type":"invokeResult","params":{"result":null}}
   
17:04:31.657 detox[19770] [90mE[39m tap
17:04:31.657 detox[19770] [90mi[39m  Tapped Details tab
17:04:33.158 detox[19770] [90mi[39m send message
  data: {"type":"invoke","params":{"target":{"type":"Class","value":"com.wix.detox.espresso.DetoxAssertion"},"method":"assertMatcher","args":[{"type":"Invocation","value":{"target":{"type":"Class","value":"androidx.test.espresso.Espresso"},"method":"onView","args":[{"type":"Invocation","value":{"target":{"type":"Class","value":"com.wix.detox.espresso.DetoxMatcher"},"method":"matcherForTestId","args":["details-screen-root",{"type":"boolean","value":false}]}}]}},{"type":"Invocation","value":{"target":{"type":"Class","value":"com.wix.detox.espresso.DetoxMatcher"},"method":"matcherForSufficientlyVisible","args":[{"type":"Integer","value":75}]}}]},"messageId":12}
17:04:33.159 detox[19769] [90mi[39m get
  data: {"type":"invoke","params":{"target":{"type":"Class","value":"com.wix.detox.espresso.DetoxAssertion"},"method":"assertMatcher","args":[{"type":"Invocation","value":{"target":{"type":"Class","value":"androidx.test.espresso.Espresso"},"method":"onView","args":[{"type":"Invocation","value":{"target":{"type":"Class","value":"com.wix.detox.espresso.DetoxMatcher"},"method":"matcherForTestId","args":["details-screen-root",{"type":"boolean","value":false}]}}]}},{"type":"Invocation","value":{"target":{"type":"Class","value":"com.wix.detox.espresso.DetoxMatcher"},"method":"matcherForSufficientlyVisible","args":[{"type":"Integer","value":75}]}}]},"messageId":12}
17:04:33.159 detox[19769] [90mi[39m send
  data: {
    "type": "invoke",
    "params": {
      "target": {
        "type": "Class",
        "value": "com.wix.detox.espresso.DetoxAssertion"
      },
      "method": "assertMatcher",
      "args": [
        {
          "type": "Invocation",
          "value": {
            "target": {
              "type": "Class",
              "value": "androidx.test.espresso.Espresso"
            },
            "method": "onView",
            "args": [
              {
                "type": "Invocation",
                "value": {
                  "target": {
                    "type": "Class",
                    "value": "com.wix.detox.espresso.DetoxMatcher"
                  },
                  "method": "matcherForTestId",
                  "args": [
                    "details-screen-root",
                    {
                      "type": "boolean",
                      "value": false
                    }
                  ]
                }
              }
            ]
          }
        },
        {
          "type": "Invocation",
          "value": {
            "target": {
              "type": "Class",
              "value": "com.wix.detox.espresso.DetoxMatcher"
            },
            "method": "matcherForSufficientlyVisible",
            "args": [
              {
                "type": "Integer",
                "value": 75
              }
            ]
          }
        }
      ]
    },
    "messageId": 12
  }
17:04:33.159 detox[19770] [90mB[39m expect element to be visible
  data: {
    "target": {
      "type": "Class",
      "value": "com.wix.detox.espresso.DetoxAssertion"
    },
    "method": "assertMatcher",
    "args": [
      {
        "type": "Invocation",
        "value": {
          "target": {
            "type": "Class",
            "value": "androidx.test.espresso.Espresso"
          },
          "method": "onView",
          "args": [
            {
              "type": "Invocation",
              "value": {
                "target": {
                  "type": "Class",
                  "value": "com.wix.detox.espresso.DetoxMatcher"
                },
                "method": "matcherForTestId",
                "args": [
                  "details-screen-root",
                  {
                    "type": "boolean",
                    "value": false
                  }
                ]
              }
            }
          ]
        }
      },
      {
        "type": "Invocation",
        "value": {
          "target": {
            "type": "Class",
            "value": "com.wix.detox.espresso.DetoxMatcher"
          },
          "method": "matcherForSufficientlyVisible",
          "args": [
            {
              "type": "Integer",
              "value": 75
            }
          ]
        }
      }
    ]
  }
17:04:33.279 detox[19769] [90mi[39m get
  data: {"messageId":12,"type":"invokeResult","params":{"result":null}}
17:04:33.279 detox[19769] [90mi[39m send
  data: {
    "messageId": 12,
    "type": "invokeResult",
    "params": {
      "result": null
    }
  }
17:04:33.279 detox[19770] [90mi[39m get message
  data: {"messageId":12,"type":"invokeResult","params":{"result":null}}
   
17:04:33.280 detox[19770] [90mE[39m expect element to be visible
17:04:33.280 detox[19770] [90mi[39m send message
  data: {"type":"invoke","params":{"target":{"type":"Class","value":"com.wix.detox.espresso.DetoxAssertion"},"method":"assertMatcher","args":[{"type":"Invocation","value":{"target":{"type":"Class","value":"androidx.test.espresso.Espresso"},"method":"onView","args":[{"type":"Invocation","value":{"target":{"type":"Class","value":"com.wix.detox.espresso.DetoxMatcher"},"method":"matcherForTestId","args":["details-title",{"type":"boolean","value":false}]}}]}},{"type":"Invocation","value":{"target":{"type":"Class","value":"com.wix.detox.espresso.DetoxMatcher"},"method":"matcherForSufficientlyVisible","args":[{"type":"Integer","value":75}]}}]},"messageId":13}
17:04:33.281 detox[19769] [90mi[39m get
  data: {"type":"invoke","params":{"target":{"type":"Class","value":"com.wix.detox.espresso.DetoxAssertion"},"method":"assertMatcher","args":[{"type":"Invocation","value":{"target":{"type":"Class","value":"androidx.test.espresso.Espresso"},"method":"onView","args":[{"type":"Invocation","value":{"target":{"type":"Class","value":"com.wix.detox.espresso.DetoxMatcher"},"method":"matcherForTestId","args":["details-title",{"type":"boolean","value":false}]}}]}},{"type":"Invocation","value":{"target":{"type":"Class","value":"com.wix.detox.espresso.DetoxMatcher"},"method":"matcherForSufficientlyVisible","args":[{"type":"Integer","value":75}]}}]},"messageId":13}
17:04:33.281 detox[19769] [90mi[39m send
  data: {
    "type": "invoke",
    "params": {
      "target": {
        "type": "Class",
        "value": "com.wix.detox.espresso.DetoxAssertion"
      },
      "method": "assertMatcher",
      "args": [
        {
          "type": "Invocation",
          "value": {
            "target": {
              "type": "Class",
              "value": "androidx.test.espresso.Espresso"
            },
            "method": "onView",
            "args": [
              {
                "type": "Invocation",
                "value": {
                  "target": {
                    "type": "Class",
                    "value": "com.wix.detox.espresso.DetoxMatcher"
                  },
                  "method": "matcherForTestId",
                  "args": [
                    "details-title",
                    {
                      "type": "boolean",
                      "value": false
                    }
                  ]
                }
              }
            ]
          }
        },
        {
          "type": "Invocation",
          "value": {
            "target": {
              "type": "Class",
              "value": "com.wix.detox.espresso.DetoxMatcher"
            },
            "method": "matcherForSufficientlyVisible",
            "args": [
              {
                "type": "Integer",
                "value": 75
              }
            ]
          }
        }
      ]
    },
    "messageId": 13
  }
17:04:33.281 detox[19770] [90mB[39m expect element to be visible
  data: {
    "target": {
      "type": "Class",
      "value": "com.wix.detox.espresso.DetoxAssertion"
    },
    "method": "assertMatcher",
    "args": [
      {
        "type": "Invocation",
        "value": {
          "target": {
            "type": "Class",
            "value": "androidx.test.espresso.Espresso"
          },
          "method": "onView",
          "args": [
            {
              "type": "Invocation",
              "value": {
                "target": {
                  "type": "Class",
                  "value": "com.wix.detox.espresso.DetoxMatcher"
                },
                "method": "matcherForTestId",
                "args": [
                  "details-title",
                  {
                    "type": "boolean",
                    "value": false
                  }
                ]
              }
            }
          ]
        }
      },
      {
        "type": "Invocation",
        "value": {
          "target": {
            "type": "Class",
            "value": "com.wix.detox.espresso.DetoxMatcher"
          },
          "method": "matcherForSufficientlyVisible",
          "args": [
            {
              "type": "Integer",
              "value": 75
            }
          ]
        }
      }
    ]
  }
17:04:33.315 detox[19769] [90mi[39m get
  data: {"messageId":13,"type":"invokeResult","params":{"result":null}}
17:04:33.315 detox[19769] [90mi[39m send
  data: {
    "messageId": 13,
    "type": "invokeResult",
    "params": {
      "result": null
    }
  }
17:04:33.315 detox[19770] [90mi[39m get message
  data: {"messageId":13,"type":"invokeResult","params":{"result":null}}
   
17:04:33.315 detox[19770] [90mE[39m expect element to be visible
17:04:33.316 detox[19770] [90mi[39m  Successfully navigated to Details screen
17:04:33.317 detox[19770] [90mE[39m test_fn
17:04:33.317 detox[19770] [90mB[39m afterEach
17:04:33.318 detox[19770] [90mB[39m takeScreenshot
  args: ("navigation-test-screenshot")
17:04:33.318 detox[19770] [90mi[39m "/Users/ips-162/Library/Android/sdk/platform-tools/adb" -s ZD22227Q7K shell "screencap /sdcard/17354164_2.png"
17:04:34.544 detox[19770] [90mi[39m 
17:04:34.545 detox[19770] [90mi[39m "/Users/ips-162/Library/Android/sdk/platform-tools/adb" -s ZD22227Q7K pull "/sdcard/17354164_2.png" "/private/var/folders/r0/j9yltjr10ysg22c7l5sx938r0000gn/T/detox-19770-0phhCt.detox.png"
17:04:34.571 detox[19770] [90mi[39m /sdcard/17354164_2.png: 1 file pulled, 0 skipped. 11.7 MB/s (53649 bytes in 0.004s)

17:04:34.571 detox[19770] [90mi[39m "/Users/ips-162/Library/Android/sdk/platform-tools/adb" -s ZD22227Q7K shell "rm  \"/sdcard/17354164_2.png\""
17:04:34.702 detox[19770] [90mi[39m 
17:04:34.702 detox[19770] [90mB[39m onCreateExternalArtifact
  args: ({"pluginId":"screenshot","artifactName":"navigation-test-screenshot","artifactPath":"/private/var/folders/r0/j9yltjr10ysg22c7l5sx938r0000gn/T/detox-19770-0phhCt.detox.png"})
17:04:34.703 detox[19770] [90mi[39m starting FileArtifact
17:04:34.703 detox[19770] [90mi[39m stopping FileArtifact
17:04:34.703 detox[19770] [90mE[39m onCreateExternalArtifact
17:04:34.703 detox[19770] [90mE[39m takeScreenshot
17:04:34.703 detox[19770] [90mE[39m afterEach
17:04:34.704 detox[19770] [90mB[39m onTestDone
  args: ({"title":"should navigate from Home to Details screen","fullName":"Navigation Between Core Screens should navigate from Home to Details screen","status":"passed","invocations":1})
17:04:34.704 detox[19770] [90mi[39m stopping ADBLogcatRecording
17:04:34.704 detox[19770] [90mi[39m starting ADBScreencapRecording
17:04:34.704 detox[19770] [90mi[39m "/Users/ips-162/Library/Android/sdk/platform-tools/adb" -s ZD22227Q7K shell "screencap /sdcard/17354164_3.png"
17:04:34.705 detox[19770] [90mi[39m "/Users/ips-162/Library/Android/sdk/platform-tools/adb" -s ZD22227Q7K shell "date +\"%m-%d %T.000\""
17:04:34.772 detox[19770] [90mi[39m 12-17 17:05:38.000

17:04:34.773 detox[19770] [90mi[39m sending SIGINT to: /Users/ips-162/Library/Android/sdk/platform-tools/adb -s ZD22227Q7K shell logcat -T "12-17 17:05:34.000" --pid=23310 -f /sdcard/17354164_1.log
17:04:34.778 detox[19770] [90mi[39m /Users/ips-162/Library/Android/sdk/platform-tools/adb -s ZD22227Q7K shell "logcat -T \"12-17 17:05:34.000\" --pid=23310 -f /sdcard/17354164_1.log" terminated with SIGINT
17:04:34.781 detox[19770] [90mi[39m saving ADBLogcatRecording to: artifacts/android.att.debug.2025-12-17 11-33-52Z/✓ Navigation Between Core Screens should navigate from Home to Details screen/device.log
17:04:34.781 detox[19770] [90mi[39m "/Users/ips-162/Library/Android/sdk/platform-tools/adb" -s ZD22227Q7K pull "/sdcard/17354164_1.log" "artifacts/android.att.debug.2025-12-17 11-33-52Z/✓ Navigation Between Core Screens should navigate from Home to Details screen/device.log"
17:04:34.804 detox[19770] [90mi[39m /sdcard/17354164_1.log: 1 file pulled, 0 skipped. 2.0 MB/s (10839 bytes in 0.005s)

17:04:34.804 detox[19770] [90mi[39m "/Users/ips-162/Library/Android/sdk/platform-tools/adb" -s ZD22227Q7K shell "rm  \"/sdcard/17354164_1.log\""
17:04:34.912 detox[19770] [90mi[39m 
17:04:34.912 detox[19770] [90mi[39m saving ADBLogcatRecording to: artifacts/android.att.debug.2025-12-17 11-33-52Z/ZD22227Q7K 2025-12-17 11-34-34Z.startup.log
17:04:34.913 detox[19770] [90mi[39m "/Users/ips-162/Library/Android/sdk/platform-tools/adb" -s ZD22227Q7K pull "/sdcard/17354164_0.log" "artifacts/android.att.debug.2025-12-17 11-33-52Z/ZD22227Q7K 2025-12-17 11-34-34Z.startup.log"
17:04:34.935 detox[19770] [90mi[39m /sdcard/17354164_0.log: 1 file pulled, 0 skipped. 16.2 MB/s (83154 bytes in 0.005s)

17:04:34.935 detox[19770] [90mi[39m "/Users/ips-162/Library/Android/sdk/platform-tools/adb" -s ZD22227Q7K shell "rm  \"/sdcard/17354164_0.log\""
17:04:34.999 detox[19770] [90mi[39m 
17:04:35.211 detox[19770] [90mi[39m 
17:04:35.211 detox[19770] [90mi[39m stopping ADBScreencapRecording
17:04:35.211 detox[19770] [90mE[39m onTestDone
17:04:35.212 detox[19770] [90mE[39m should navigate from Home to Details screen
17:04:35.212 detox[19770] [90mi[39m Navigation Between Core Screens: should navigate from Home to Details screen [OK]
17:04:35.214 detox[19770] [90mB[39m should navigate from Details to Profile screen
17:04:35.214 detox[19770] [90mi[39m Navigation Between Core Screens: should navigate from Details to Profile screen
17:04:35.215 detox[19770] [90mB[39m onTestStart
  args: ({"title":"should navigate from Details to Profile screen","fullName":"Navigation Between Core Screens should navigate from Details to Profile screen","status":"running","invocations":1})
17:04:35.215 detox[19770] [90mi[39m starting ADBLogcatRecording
17:04:35.216 detox[19770] [90mi[39m /Users/ips-162/Library/Android/sdk/platform-tools/adb -s ZD22227Q7K shell "logcat -T \"12-17 17:05:38.000\" --pid=23310 -f /sdcard/17354164_4.log"
17:04:35.216 detox[19770] [90mE[39m onTestStart
17:04:35.217 detox[19770] [90mB[39m beforeEach
17:04:35.217 detox[19770] [90mE[39m beforeEach
17:04:35.217 detox[19770] [90mB[39m test_fn
17:04:35.217 detox[19770] [90mi[39m  Testing Details → Profile navigation
17:04:35.221 detox[19770] [90mi[39m send message
  data: {"type":"invoke","params":{"target":{"type":"Class","value":"com.wix.detox.espresso.EspressoDetox"},"method":"perform","args":[{"type":"Invocation","value":{"target":{"type":"Class","value":"com.wix.detox.espresso.DetoxMatcher"},"method":"matcherForTestId","args":["details-tab",{"type":"boolean","value":false}]}},{"type":"Invocation","value":{"target":{"type":"Class","value":"com.wix.detox.espresso.DetoxViewActions"},"method":"click","args":[]}}]},"messageId":14}
17:04:35.222 detox[19769] [90mi[39m get
  data: {"type":"invoke","params":{"target":{"type":"Class","value":"com.wix.detox.espresso.EspressoDetox"},"method":"perform","args":[{"type":"Invocation","value":{"target":{"type":"Class","value":"com.wix.detox.espresso.DetoxMatcher"},"method":"matcherForTestId","args":["details-tab",{"type":"boolean","value":false}]}},{"type":"Invocation","value":{"target":{"type":"Class","value":"com.wix.detox.espresso.DetoxViewActions"},"method":"click","args":[]}}]},"messageId":14}
17:04:35.223 detox[19769] [90mi[39m send
  data: {
    "type": "invoke",
    "params": {
      "target": {
        "type": "Class",
        "value": "com.wix.detox.espresso.EspressoDetox"
      },
      "method": "perform",
      "args": [
        {
          "type": "Invocation",
          "value": {
            "target": {
              "type": "Class",
              "value": "com.wix.detox.espresso.DetoxMatcher"
            },
            "method": "matcherForTestId",
            "args": [
              "details-tab",
              {
                "type": "boolean",
                "value": false
              }
            ]
          }
        },
        {
          "type": "Invocation",
          "value": {
            "target": {
              "type": "Class",
              "value": "com.wix.detox.espresso.DetoxViewActions"
            },
            "method": "click",
            "args": []
          }
        }
      ]
    },
    "messageId": 14
  }
17:04:35.226 detox[19770] [90mB[39m tap
  data: {
    "target": {
      "type": "Class",
      "value": "com.wix.detox.espresso.EspressoDetox"
    },
    "method": "perform",
    "args": [
      {
        "type": "Invocation",
        "value": {
          "target": {
            "type": "Class",
            "value": "com.wix.detox.espresso.DetoxMatcher"
          },
          "method": "matcherForTestId",
          "args": [
            "details-tab",
            {
              "type": "boolean",
              "value": false
            }
          ]
        }
      },
      {
        "type": "Invocation",
        "value": {
          "target": {
            "type": "Class",
            "value": "com.wix.detox.espresso.DetoxViewActions"
          },
          "method": "click",
          "args": []
        }
      }
    ]
  }
17:04:35.227 detox[19770] [90mi[39m saving FileArtifact to: artifacts/android.att.debug.2025-12-17 11-33-52Z/✓ Navigation Between Core Screens should navigate from Home to Details screen/navigation-test-screenshot.png
17:04:35.227 detox[19770] [90mi[39m moving "/private/var/folders/r0/j9yltjr10ysg22c7l5sx938r0000gn/T/detox-19770-0phhCt.detox.png" to artifacts/android.att.debug.2025-12-17 11-33-52Z/✓ Navigation Between Core Screens should navigate from Home to Details screen/navigation-test-screenshot.png
17:04:35.230 detox[19770] [90mi[39m saving ADBScreencapRecording to: artifacts/android.att.debug.2025-12-17 11-33-52Z/✓ Navigation Between Core Screens should navigate from Home to Details screen/testDone.png
17:04:35.230 detox[19770] [90mi[39m "/Users/ips-162/Library/Android/sdk/platform-tools/adb" -s ZD22227Q7K pull "/sdcard/17354164_3.png" "artifacts/android.att.debug.2025-12-17 11-33-52Z/✓ Navigation Between Core Screens should navigate from Home to Details screen/testDone.png"
17:04:35.282 detox[19770] [90mi[39m /sdcard/17354164_3.png: 1 file pulled, 0 skipped. 7.4 MB/s (53649 bytes in 0.007s)

17:04:35.282 detox[19770] [90mi[39m "/Users/ips-162/Library/Android/sdk/platform-tools/adb" -s ZD22227Q7K shell "rm  \"/sdcard/17354164_3.png\""
17:04:35.357 detox[19770] [90mi[39m 
17:04:35.518 detox[19770] [90mi[39m "/Users/ips-162/Library/Android/sdk/platform-tools/adb" -s ZD22227Q7K shell du /sdcard/17354164_4.log
17:04:35.579 detox[19770] [90mi[39m 0	/sdcard/17354164_4.log

17:04:36.032 detox[19769] [90mi[39m get
  data: {"messageId":14,"type":"invokeResult","params":{"result":null}}
17:04:36.032 detox[19769] [90mi[39m send
  data: {
    "messageId": 14,
    "type": "invokeResult",
    "params": {
      "result": null
    }
  }
17:04:36.032 detox[19770] [90mi[39m get message
  data: {"messageId":14,"type":"invokeResult","params":{"result":null}}
   
17:04:36.032 detox[19770] [90mE[39m tap
17:04:37.033 detox[19770] [90mi[39m  On Details screen
17:04:37.034 detox[19769] [90mi[39m get
  data: {"type":"invoke","params":{"target":{"type":"Class","value":"com.wix.detox.espresso.EspressoDetox"},"method":"perform","args":[{"type":"Invocation","value":{"target":{"type":"Class","value":"com.wix.detox.espresso.DetoxMatcher"},"method":"matcherForTestId","args":["profile-tab",{"type":"boolean","value":false}]}},{"type":"Invocation","value":{"target":{"type":"Class","value":"com.wix.detox.espresso.DetoxViewActions"},"method":"click","args":[]}}]},"messageId":15}
17:04:37.034 detox[19770] [90mi[39m send message
  data: {"type":"invoke","params":{"target":{"type":"Class","value":"com.wix.detox.espresso.EspressoDetox"},"method":"perform","args":[{"type":"Invocation","value":{"target":{"type":"Class","value":"com.wix.detox.espresso.DetoxMatcher"},"method":"matcherForTestId","args":["profile-tab",{"type":"boolean","value":false}]}},{"type":"Invocation","value":{"target":{"type":"Class","value":"com.wix.detox.espresso.DetoxViewActions"},"method":"click","args":[]}}]},"messageId":15}
17:04:37.034 detox[19770] [90mB[39m tap
  data: {
    "target": {
      "type": "Class",
      "value": "com.wix.detox.espresso.EspressoDetox"
    },
    "method": "perform",
    "args": [
      {
        "type": "Invocation",
        "value": {
          "target": {
            "type": "Class",
            "value": "com.wix.detox.espresso.DetoxMatcher"
          },
          "method": "matcherForTestId",
          "args": [
            "profile-tab",
            {
              "type": "boolean",
              "value": false
            }
          ]
        }
      },
      {
        "type": "Invocation",
        "value": {
          "target": {
            "type": "Class",
            "value": "com.wix.detox.espresso.DetoxViewActions"
          },
          "method": "click",
          "args": []
        }
      }
    ]
  }
17:04:37.035 detox[19769] [90mi[39m send
  data: {
    "type": "invoke",
    "params": {
      "target": {
        "type": "Class",
        "value": "com.wix.detox.espresso.EspressoDetox"
      },
      "method": "perform",
      "args": [
        {
          "type": "Invocation",
          "value": {
            "target": {
              "type": "Class",
              "value": "com.wix.detox.espresso.DetoxMatcher"
            },
            "method": "matcherForTestId",
            "args": [
              "profile-tab",
              {
                "type": "boolean",
                "value": false
              }
            ]
          }
        },
        {
          "type": "Invocation",
          "value": {
            "target": {
              "type": "Class",
              "value": "com.wix.detox.espresso.DetoxViewActions"
            },
            "method": "click",
            "args": []
          }
        }
      ]
    },
    "messageId": 15
  }
17:04:38.063 detox[19769] [90mi[39m get
  data: {"messageId":15,"type":"invokeResult","params":{"result":null}}
17:04:38.063 detox[19769] [90mi[39m send
  data: {
    "messageId": 15,
    "type": "invokeResult",
    "params": {
      "result": null
    }
  }
17:04:38.064 detox[19770] [90mi[39m get message
  data: {"messageId":15,"type":"invokeResult","params":{"result":null}}
   
17:04:38.064 detox[19770] [90mE[39m tap
17:04:38.064 detox[19770] [90mi[39m  Tapped Profile tab
17:04:39.570 detox[19769] [90mi[39m get
  data: {"type":"invoke","params":{"target":{"type":"Class","value":"com.wix.detox.espresso.DetoxAssertion"},"method":"assertMatcher","args":[{"type":"Invocation","value":{"target":{"type":"Class","value":"androidx.test.espresso.Espresso"},"method":"onView","args":[{"type":"Invocation","value":{"target":{"type":"Class","value":"com.wix.detox.espresso.DetoxMatcher"},"method":"matcherForTestId","args":["profile-screen-root",{"type":"boolean","value":false}]}}]}},{"type":"Invocation","value":{"target":{"type":"Class","value":"com.wix.detox.espresso.DetoxMatcher"},"method":"matcherForSufficientlyVisible","args":[{"type":"Integer","value":75}]}}]},"messageId":16}
17:04:39.570 detox[19769] [90mi[39m send
  data: {
    "type": "invoke",
    "params": {
      "target": {
        "type": "Class",
        "value": "com.wix.detox.espresso.DetoxAssertion"
      },
      "method": "assertMatcher",
      "args": [
        {
          "type": "Invocation",
          "value": {
            "target": {
              "type": "Class",
              "value": "androidx.test.espresso.Espresso"
            },
            "method": "onView",
            "args": [
              {
                "type": "Invocation",
                "value": {
                  "target": {
                    "type": "Class",
                    "value": "com.wix.detox.espresso.DetoxMatcher"
                  },
                  "method": "matcherForTestId",
                  "args": [
                    "profile-screen-root",
                    {
                      "type": "boolean",
                      "value": false
                    }
                  ]
                }
              }
            ]
          }
        },
        {
          "type": "Invocation",
          "value": {
            "target": {
              "type": "Class",
              "value": "com.wix.detox.espresso.DetoxMatcher"
            },
            "method": "matcherForSufficientlyVisible",
            "args": [
              {
                "type": "Integer",
                "value": 75
              }
            ]
          }
        }
      ]
    },
    "messageId": 16
  }
17:04:39.570 detox[19770] [90mi[39m send message
  data: {"type":"invoke","params":{"target":{"type":"Class","value":"com.wix.detox.espresso.DetoxAssertion"},"method":"assertMatcher","args":[{"type":"Invocation","value":{"target":{"type":"Class","value":"androidx.test.espresso.Espresso"},"method":"onView","args":[{"type":"Invocation","value":{"target":{"type":"Class","value":"com.wix.detox.espresso.DetoxMatcher"},"method":"matcherForTestId","args":["profile-screen-root",{"type":"boolean","value":false}]}}]}},{"type":"Invocation","value":{"target":{"type":"Class","value":"com.wix.detox.espresso.DetoxMatcher"},"method":"matcherForSufficientlyVisible","args":[{"type":"Integer","value":75}]}}]},"messageId":16}
17:04:39.570 detox[19770] [90mB[39m expect element to be visible
  data: {
    "target": {
      "type": "Class",
      "value": "com.wix.detox.espresso.DetoxAssertion"
    },
    "method": "assertMatcher",
    "args": [
      {
        "type": "Invocation",
        "value": {
          "target": {
            "type": "Class",
            "value": "androidx.test.espresso.Espresso"
          },
          "method": "onView",
          "args": [
            {
              "type": "Invocation",
              "value": {
                "target": {
                  "type": "Class",
                  "value": "com.wix.detox.espresso.DetoxMatcher"
                },
                "method": "matcherForTestId",
                "args": [
                  "profile-screen-root",
                  {
                    "type": "boolean",
                    "value": false
                  }
                ]
              }
            }
          ]
        }
      },
      {
        "type": "Invocation",
        "value": {
          "target": {
            "type": "Class",
            "value": "com.wix.detox.espresso.DetoxMatcher"
          },
          "method": "matcherForSufficientlyVisible",
          "args": [
            {
              "type": "Integer",
              "value": 75
            }
          ]
        }
      }
    ]
  }
17:04:39.629 detox[19769] [90mi[39m get
  data: {"messageId":16,"type":"invokeResult","params":{"result":null}}
17:04:39.629 detox[19769] [90mi[39m send
  data: {
    "messageId": 16,
    "type": "invokeResult",
    "params": {
      "result": null
    }
  }
17:04:39.630 detox[19770] [90mi[39m get message
  data: {"messageId":16,"type":"invokeResult","params":{"result":null}}
   
17:04:39.630 detox[19770] [90mE[39m expect element to be visible
17:04:39.630 detox[19770] [90mi[39m send message
  data: {"type":"invoke","params":{"target":{"type":"Class","value":"com.wix.detox.espresso.DetoxAssertion"},"method":"assertMatcher","args":[{"type":"Invocation","value":{"target":{"type":"Class","value":"androidx.test.espresso.Espresso"},"method":"onView","args":[{"type":"Invocation","value":{"target":{"type":"Class","value":"com.wix.detox.espresso.DetoxMatcher"},"method":"matcherForTestId","args":["profile-title",{"type":"boolean","value":false}]}}]}},{"type":"Invocation","value":{"target":{"type":"Class","value":"com.wix.detox.espresso.DetoxMatcher"},"method":"matcherForSufficientlyVisible","args":[{"type":"Integer","value":75}]}}]},"messageId":17}
17:04:39.631 detox[19769] [90mi[39m get
  data: {"type":"invoke","params":{"target":{"type":"Class","value":"com.wix.detox.espresso.DetoxAssertion"},"method":"assertMatcher","args":[{"type":"Invocation","value":{"target":{"type":"Class","value":"androidx.test.espresso.Espresso"},"method":"onView","args":[{"type":"Invocation","value":{"target":{"type":"Class","value":"com.wix.detox.espresso.DetoxMatcher"},"method":"matcherForTestId","args":["profile-title",{"type":"boolean","value":false}]}}]}},{"type":"Invocation","value":{"target":{"type":"Class","value":"com.wix.detox.espresso.DetoxMatcher"},"method":"matcherForSufficientlyVisible","args":[{"type":"Integer","value":75}]}}]},"messageId":17}
17:04:39.631 detox[19769] [90mi[39m send
  data: {
    "type": "invoke",
    "params": {
      "target": {
        "type": "Class",
        "value": "com.wix.detox.espresso.DetoxAssertion"
      },
      "method": "assertMatcher",
      "args": [
        {
          "type": "Invocation",
          "value": {
            "target": {
              "type": "Class",
              "value": "androidx.test.espresso.Espresso"
            },
            "method": "onView",
            "args": [
              {
                "type": "Invocation",
                "value": {
                  "target": {
                    "type": "Class",
                    "value": "com.wix.detox.espresso.DetoxMatcher"
                  },
                  "method": "matcherForTestId",
                  "args": [
                    "profile-title",
                    {
                      "type": "boolean",
                      "value": false
                    }
                  ]
                }
              }
            ]
          }
        },
        {
          "type": "Invocation",
          "value": {
            "target": {
              "type": "Class",
              "value": "com.wix.detox.espresso.DetoxMatcher"
            },
            "method": "matcherForSufficientlyVisible",
            "args": [
              {
                "type": "Integer",
                "value": 75
              }
            ]
          }
        }
      ]
    },
    "messageId": 17
  }
17:04:39.631 detox[19770] [90mB[39m expect element to be visible
  data: {
    "target": {
      "type": "Class",
      "value": "com.wix.detox.espresso.DetoxAssertion"
    },
    "method": "assertMatcher",
    "args": [
      {
        "type": "Invocation",
        "value": {
          "target": {
            "type": "Class",
            "value": "androidx.test.espresso.Espresso"
          },
          "method": "onView",
          "args": [
            {
              "type": "Invocation",
              "value": {
                "target": {
                  "type": "Class",
                  "value": "com.wix.detox.espresso.DetoxMatcher"
                },
                "method": "matcherForTestId",
                "args": [
                  "profile-title",
                  {
                    "type": "boolean",
                    "value": false
                  }
                ]
              }
            }
          ]
        }
      },
      {
        "type": "Invocation",
        "value": {
          "target": {
            "type": "Class",
            "value": "com.wix.detox.espresso.DetoxMatcher"
          },
          "method": "matcherForSufficientlyVisible",
          "args": [
            {
              "type": "Integer",
              "value": 75
            }
          ]
        }
      }
    ]
  }
17:04:39.674 detox[19769] [90mi[39m get
  data: {"messageId":17,"type":"invokeResult","params":{"result":null}}
17:04:39.674 detox[19769] [90mi[39m send
  data: {
    "messageId": 17,
    "type": "invokeResult",
    "params": {
      "result": null
    }
  }
17:04:39.674 detox[19770] [90mi[39m get message
  data: {"messageId":17,"type":"invokeResult","params":{"result":null}}
   
17:04:39.675 detox[19769] [90mi[39m get
  data: {"type":"invoke","params":{"target":{"type":"Class","value":"com.wix.detox.espresso.DetoxAssertion"},"method":"assertMatcher","args":[{"type":"Invocation","value":{"target":{"type":"Class","value":"androidx.test.espresso.Espresso"},"method":"onView","args":[{"type":"Invocation","value":{"target":{"type":"Class","value":"com.wix.detox.espresso.DetoxMatcher"},"method":"matcherForTestId","args":["profile-user-name",{"type":"boolean","value":false}]}}]}},{"type":"Invocation","value":{"target":{"type":"Class","value":"com.wix.detox.espresso.DetoxMatcher"},"method":"matcherForSufficientlyVisible","args":[{"type":"Integer","value":75}]}}]},"messageId":18}
17:04:39.675 detox[19769] [90mi[39m send
  data: {
    "type": "invoke",
    "params": {
      "target": {
        "type": "Class",
        "value": "com.wix.detox.espresso.DetoxAssertion"
      },
      "method": "assertMatcher",
      "args": [
        {
          "type": "Invocation",
          "value": {
            "target": {
              "type": "Class",
              "value": "androidx.test.espresso.Espresso"
            },
            "method": "onView",
            "args": [
              {
                "type": "Invocation",
                "value": {
                  "target": {
                    "type": "Class",
                    "value": "com.wix.detox.espresso.DetoxMatcher"
                  },
                  "method": "matcherForTestId",
                  "args": [
                    "profile-user-name",
                    {
                      "type": "boolean",
                      "value": false
                    }
                  ]
                }
              }
            ]
          }
        },
        {
          "type": "Invocation",
          "value": {
            "target": {
              "type": "Class",
              "value": "com.wix.detox.espresso.DetoxMatcher"
            },
            "method": "matcherForSufficientlyVisible",
            "args": [
              {
                "type": "Integer",
                "value": 75
              }
            ]
          }
        }
      ]
    },
    "messageId": 18
  }
17:04:39.675 detox[19770] [90mE[39m expect element to be visible
17:04:39.675 detox[19770] [90mi[39m send message
  data: {"type":"invoke","params":{"target":{"type":"Class","value":"com.wix.detox.espresso.DetoxAssertion"},"method":"assertMatcher","args":[{"type":"Invocation","value":{"target":{"type":"Class","value":"androidx.test.espresso.Espresso"},"method":"onView","args":[{"type":"Invocation","value":{"target":{"type":"Class","value":"com.wix.detox.espresso.DetoxMatcher"},"method":"matcherForTestId","args":["profile-user-name",{"type":"boolean","value":false}]}}]}},{"type":"Invocation","value":{"target":{"type":"Class","value":"com.wix.detox.espresso.DetoxMatcher"},"method":"matcherForSufficientlyVisible","args":[{"type":"Integer","value":75}]}}]},"messageId":18}
17:04:39.675 detox[19770] [90mB[39m expect element to be visible
  data: {
    "target": {
      "type": "Class",
      "value": "com.wix.detox.espresso.DetoxAssertion"
    },
    "method": "assertMatcher",
    "args": [
      {
        "type": "Invocation",
        "value": {
          "target": {
            "type": "Class",
            "value": "androidx.test.espresso.Espresso"
          },
          "method": "onView",
          "args": [
            {
              "type": "Invocation",
              "value": {
                "target": {
                  "type": "Class",
                  "value": "com.wix.detox.espresso.DetoxMatcher"
                },
                "method": "matcherForTestId",
                "args": [
                  "profile-user-name",
                  {
                    "type": "boolean",
                    "value": false
                  }
                ]
              }
            }
          ]
        }
      },
      {
        "type": "Invocation",
        "value": {
          "target": {
            "type": "Class",
            "value": "com.wix.detox.espresso.DetoxMatcher"
          },
          "method": "matcherForSufficientlyVisible",
          "args": [
            {
              "type": "Integer",
              "value": 75
            }
          ]
        }
      }
    ]
  }
17:04:39.721 detox[19769] [90mi[39m get
  data: {"messageId":18,"type":"invokeResult","params":{"result":null}}
17:04:39.722 detox[19769] [90mi[39m send
  data: {
    "messageId": 18,
    "type": "invokeResult",
    "params": {
      "result": null
    }
  }
17:04:39.722 detox[19770] [90mi[39m get message
  data: {"messageId":18,"type":"invokeResult","params":{"result":null}}
   
17:04:39.722 detox[19770] [90mE[39m expect element to be visible
17:04:39.722 detox[19770] [90mi[39m  Successfully navigated to Profile screen
17:04:39.722 detox[19770] [90mE[39m test_fn
17:04:39.723 detox[19770] [90mB[39m afterEach
17:04:39.723 detox[19770] [90mB[39m takeScreenshot
  args: ("navigation-test-screenshot")
17:04:39.723 detox[19770] [90mi[39m "/Users/ips-162/Library/Android/sdk/platform-tools/adb" -s ZD22227Q7K shell "screencap /sdcard/17354164_5.png"
17:04:40.317 detox[19770] [90mi[39m 
17:04:40.318 detox[19770] [90mi[39m "/Users/ips-162/Library/Android/sdk/platform-tools/adb" -s ZD22227Q7K pull "/sdcard/17354164_5.png" "/private/var/folders/r0/j9yltjr10ysg22c7l5sx938r0000gn/T/detox-19770-3ZQKCA.detox.png"
17:04:40.348 detox[19770] [90mi[39m /sdcard/17354164_5.png: 1 file pulled, 0 skipped. 17.7 MB/s (118531 bytes in 0.006s)

17:04:40.349 detox[19770] [90mi[39m "/Users/ips-162/Library/Android/sdk/platform-tools/adb" -s ZD22227Q7K shell "rm  \"/sdcard/17354164_5.png\""
17:04:40.410 detox[19770] [90mi[39m 
17:04:40.410 detox[19770] [90mB[39m onCreateExternalArtifact
  args: ({"pluginId":"screenshot","artifactName":"navigation-test-screenshot","artifactPath":"/private/var/folders/r0/j9yltjr10ysg22c7l5sx938r0000gn/T/detox-19770-3ZQKCA.detox.png"})
17:04:40.410 detox[19770] [90mi[39m starting FileArtifact
17:04:40.410 detox[19770] [90mi[39m stopping FileArtifact
17:04:40.410 detox[19770] [90mE[39m onCreateExternalArtifact
17:04:40.410 detox[19770] [90mE[39m takeScreenshot
17:04:40.410 detox[19770] [90mE[39m afterEach
17:04:40.410 detox[19770] [90mB[39m onTestDone
  args: ({"title":"should navigate from Details to Profile screen","fullName":"Navigation Between Core Screens should navigate from Details to Profile screen","status":"passed","invocations":1})
17:04:40.410 detox[19770] [90mi[39m stopping ADBLogcatRecording
17:04:40.411 detox[19770] [90mi[39m starting ADBScreencapRecording
17:04:40.411 detox[19770] [90mi[39m "/Users/ips-162/Library/Android/sdk/platform-tools/adb" -s ZD22227Q7K shell "screencap /sdcard/17354164_6.png"
17:04:40.412 detox[19770] [90mi[39m "/Users/ips-162/Library/Android/sdk/platform-tools/adb" -s ZD22227Q7K shell "date +\"%m-%d %T.000\""
17:04:40.477 detox[19770] [90mi[39m 12-17 17:05:44.000

17:04:40.479 detox[19770] [90mi[39m sending SIGINT to: /Users/ips-162/Library/Android/sdk/platform-tools/adb -s ZD22227Q7K shell logcat -T "12-17 17:05:38.000" --pid=23310 -f /sdcard/17354164_4.log
17:04:40.480 detox[19770] [90mi[39m /Users/ips-162/Library/Android/sdk/platform-tools/adb -s ZD22227Q7K shell "logcat -T \"12-17 17:05:38.000\" --pid=23310 -f /sdcard/17354164_4.log" terminated with SIGINT
17:04:40.480 detox[19770] [90mi[39m saving ADBLogcatRecording to: artifacts/android.att.debug.2025-12-17 11-33-52Z/✓ Navigation Between Core Screens should navigate from Details to Profile screen/device.log
17:04:40.480 detox[19770] [90mi[39m "/Users/ips-162/Library/Android/sdk/platform-tools/adb" -s ZD22227Q7K pull "/sdcard/17354164_4.log" "artifacts/android.att.debug.2025-12-17 11-33-52Z/✓ Navigation Between Core Screens should navigate from Details to Profile screen/device.log"
17:04:40.500 detox[19770] [90mi[39m /sdcard/17354164_4.log: 1 file pulled, 0 skipped. 3.7 MB/s (9563 bytes in 0.002s)

17:04:40.500 detox[19770] [90mi[39m "/Users/ips-162/Library/Android/sdk/platform-tools/adb" -s ZD22227Q7K shell "rm  \"/sdcard/17354164_4.log\""
17:04:40.565 detox[19770] [90mi[39m 
17:04:40.924 detox[19770] [90mi[39m 
17:04:40.924 detox[19770] [90mi[39m stopping ADBScreencapRecording
17:04:40.924 detox[19770] [90mE[39m onTestDone
17:04:40.925 detox[19770] [90mE[39m should navigate from Details to Profile screen
17:04:40.925 detox[19770] [90mi[39m Navigation Between Core Screens: should navigate from Details to Profile screen [OK]
17:04:40.926 detox[19770] [90mB[39m should navigate back to Home from Profile
17:04:40.926 detox[19770] [90mi[39m Navigation Between Core Screens: should navigate back to Home from Profile
17:04:40.927 detox[19770] [90mB[39m onTestStart
  args: ({"title":"should navigate back to Home from Profile","fullName":"Navigation Between Core Screens should navigate back to Home from Profile","status":"running","invocations":1})
17:04:40.927 detox[19770] [90mi[39m starting ADBLogcatRecording
17:04:40.933 detox[19770] [90mi[39m /Users/ips-162/Library/Android/sdk/platform-tools/adb -s ZD22227Q7K shell "logcat -T \"12-17 17:05:44.000\" --pid=23310 -f /sdcard/17354164_7.log"
17:04:40.936 detox[19770] [90mE[39m onTestStart
17:04:40.936 detox[19770] [90mB[39m beforeEach
17:04:40.937 detox[19770] [90mE[39m beforeEach
17:04:40.937 detox[19770] [90mB[39m test_fn
17:04:40.937 detox[19770] [90mi[39m  Testing Profile → Home navigation
17:04:40.938 detox[19770] [90mi[39m send message
  data: {"type":"invoke","params":{"target":{"type":"Class","value":"com.wix.detox.espresso.EspressoDetox"},"method":"perform","args":[{"type":"Invocation","value":{"target":{"type":"Class","value":"com.wix.detox.espresso.DetoxMatcher"},"method":"matcherForTestId","args":["profile-tab",{"type":"boolean","value":false}]}},{"type":"Invocation","value":{"target":{"type":"Class","value":"com.wix.detox.espresso.DetoxViewActions"},"method":"click","args":[]}}]},"messageId":19}
17:04:40.939 detox[19770] [90mB[39m tap
  data: {
    "target": {
      "type": "Class",
      "value": "com.wix.detox.espresso.EspressoDetox"
    },
    "method": "perform",
    "args": [
      {
        "type": "Invocation",
        "value": {
          "target": {
            "type": "Class",
            "value": "com.wix.detox.espresso.DetoxMatcher"
          },
          "method": "matcherForTestId",
          "args": [
            "profile-tab",
            {
              "type": "boolean",
              "value": false
            }
          ]
        }
      },
      {
        "type": "Invocation",
        "value": {
          "target": {
            "type": "Class",
            "value": "com.wix.detox.espresso.DetoxViewActions"
          },
          "method": "click",
          "args": []
        }
      }
    ]
  }
17:04:40.941 detox[19769] [90mi[39m get
  data: {"type":"invoke","params":{"target":{"type":"Class","value":"com.wix.detox.espresso.EspressoDetox"},"method":"perform","args":[{"type":"Invocation","value":{"target":{"type":"Class","value":"com.wix.detox.espresso.DetoxMatcher"},"method":"matcherForTestId","args":["profile-tab",{"type":"boolean","value":false}]}},{"type":"Invocation","value":{"target":{"type":"Class","value":"com.wix.detox.espresso.DetoxViewActions"},"method":"click","args":[]}}]},"messageId":19}
17:04:40.941 detox[19769] [90mi[39m send
  data: {
    "type": "invoke",
    "params": {
      "target": {
        "type": "Class",
        "value": "com.wix.detox.espresso.EspressoDetox"
      },
      "method": "perform",
      "args": [
        {
          "type": "Invocation",
          "value": {
            "target": {
              "type": "Class",
              "value": "com.wix.detox.espresso.DetoxMatcher"
            },
            "method": "matcherForTestId",
            "args": [
              "profile-tab",
              {
                "type": "boolean",
                "value": false
              }
            ]
          }
        },
        {
          "type": "Invocation",
          "value": {
            "target": {
              "type": "Class",
              "value": "com.wix.detox.espresso.DetoxViewActions"
            },
            "method": "click",
            "args": []
          }
        }
      ]
    },
    "messageId": 19
  }
17:04:40.942 detox[19770] [90mi[39m saving FileArtifact to: artifacts/android.att.debug.2025-12-17 11-33-52Z/✓ Navigation Between Core Screens should navigate from Details to Profile screen/navigation-test-screenshot.png
17:04:40.947 detox[19770] [90mi[39m moving "/private/var/folders/r0/j9yltjr10ysg22c7l5sx938r0000gn/T/detox-19770-3ZQKCA.detox.png" to artifacts/android.att.debug.2025-12-17 11-33-52Z/✓ Navigation Between Core Screens should navigate from Details to Profile screen/navigation-test-screenshot.png
17:04:40.955 detox[19770] [90mi[39m saving ADBScreencapRecording to: artifacts/android.att.debug.2025-12-17 11-33-52Z/✓ Navigation Between Core Screens should navigate from Details to Profile screen/testDone.png
17:04:40.955 detox[19770] [90mi[39m "/Users/ips-162/Library/Android/sdk/platform-tools/adb" -s ZD22227Q7K pull "/sdcard/17354164_6.png" "artifacts/android.att.debug.2025-12-17 11-33-52Z/✓ Navigation Between Core Screens should navigate from Details to Profile screen/testDone.png"
17:04:40.995 detox[19770] [90mi[39m /sdcard/17354164_6.png: 1 file pulled, 0 skipped. 15.5 MB/s (118531 bytes in 0.007s)

17:04:40.996 detox[19770] [90mi[39m "/Users/ips-162/Library/Android/sdk/platform-tools/adb" -s ZD22227Q7K shell "rm  \"/sdcard/17354164_6.png\""
17:04:41.072 detox[19770] [90mi[39m 
17:04:41.242 detox[19770] [90mi[39m "/Users/ips-162/Library/Android/sdk/platform-tools/adb" -s ZD22227Q7K shell du /sdcard/17354164_7.log
17:04:41.300 detox[19770] [90mi[39m 0	/sdcard/17354164_7.log

17:04:41.718 detox[19769] [90mi[39m get
  data: {"messageId":19,"type":"invokeResult","params":{"result":null}}
17:04:41.718 detox[19769] [90mi[39m send
  data: {
    "messageId": 19,
    "type": "invokeResult",
    "params": {
      "result": null
    }
  }
17:04:41.719 detox[19770] [90mi[39m get message
  data: {"messageId":19,"type":"invokeResult","params":{"result":null}}
   
17:04:41.719 detox[19770] [90mE[39m tap
17:04:42.721 detox[19770] [90mi[39m  On Profile screen
17:04:42.721 detox[19770] [90mi[39m send message
  data: {"type":"invoke","params":{"target":{"type":"Class","value":"com.wix.detox.espresso.EspressoDetox"},"method":"perform","args":[{"type":"Invocation","value":{"target":{"type":"Class","value":"com.wix.detox.espresso.DetoxMatcher"},"method":"matcherForTestId","args":["home-tab",{"type":"boolean","value":false}]}},{"type":"Invocation","value":{"target":{"type":"Class","value":"com.wix.detox.espresso.DetoxViewActions"},"method":"click","args":[]}}]},"messageId":20}
17:04:42.722 detox[19769] [90mi[39m get
  data: {"type":"invoke","params":{"target":{"type":"Class","value":"com.wix.detox.espresso.EspressoDetox"},"method":"perform","args":[{"type":"Invocation","value":{"target":{"type":"Class","value":"com.wix.detox.espresso.DetoxMatcher"},"method":"matcherForTestId","args":["home-tab",{"type":"boolean","value":false}]}},{"type":"Invocation","value":{"target":{"type":"Class","value":"com.wix.detox.espresso.DetoxViewActions"},"method":"click","args":[]}}]},"messageId":20}
17:04:42.722 detox[19769] [90mi[39m send
  data: {
    "type": "invoke",
    "params": {
      "target": {
        "type": "Class",
        "value": "com.wix.detox.espresso.EspressoDetox"
      },
      "method": "perform",
      "args": [
        {
          "type": "Invocation",
          "value": {
            "target": {
              "type": "Class",
              "value": "com.wix.detox.espresso.DetoxMatcher"
            },
            "method": "matcherForTestId",
            "args": [
              "home-tab",
              {
                "type": "boolean",
                "value": false
              }
            ]
          }
        },
        {
          "type": "Invocation",
          "value": {
            "target": {
              "type": "Class",
              "value": "com.wix.detox.espresso.DetoxViewActions"
            },
            "method": "click",
            "args": []
          }
        }
      ]
    },
    "messageId": 20
  }
17:04:42.722 detox[19770] [90mB[39m tap
  data: {
    "target": {
      "type": "Class",
      "value": "com.wix.detox.espresso.EspressoDetox"
    },
    "method": "perform",
    "args": [
      {
        "type": "Invocation",
        "value": {
          "target": {
            "type": "Class",
            "value": "com.wix.detox.espresso.DetoxMatcher"
          },
          "method": "matcherForTestId",
          "args": [
            "home-tab",
            {
              "type": "boolean",
              "value": false
            }
          ]
        }
      },
      {
        "type": "Invocation",
        "value": {
          "target": {
            "type": "Class",
            "value": "com.wix.detox.espresso.DetoxViewActions"
          },
          "method": "click",
          "args": []
        }
      }
    ]
  }
17:04:43.472 detox[19769] [90mi[39m get
  data: {"messageId":20,"type":"invokeResult","params":{"result":null}}
17:04:43.472 detox[19769] [90mi[39m send
  data: {
    "messageId": 20,
    "type": "invokeResult",
    "params": {
      "result": null
    }
  }
17:04:43.472 detox[19770] [90mi[39m get message
  data: {"messageId":20,"type":"invokeResult","params":{"result":null}}
   
17:04:43.473 detox[19770] [90mE[39m tap
17:04:43.473 detox[19770] [90mi[39m  Tapped Home tab
17:04:44.479 detox[19769] [90mi[39m get
  data: {"type":"invoke","params":{"target":{"type":"Class","value":"com.wix.detox.espresso.DetoxAssertion"},"method":"assertMatcher","args":[{"type":"Invocation","value":{"target":{"type":"Class","value":"androidx.test.espresso.Espresso"},"method":"onView","args":[{"type":"Invocation","value":{"target":{"type":"Class","value":"com.wix.detox.espresso.DetoxMatcher"},"method":"matcherForTestId","args":["home-tab-root",{"type":"boolean","value":false}]}}]}},{"type":"Invocation","value":{"target":{"type":"Class","value":"com.wix.detox.espresso.DetoxMatcher"},"method":"matcherForSufficientlyVisible","args":[{"type":"Integer","value":75}]}}]},"messageId":21}
17:04:44.479 detox[19769] [90mi[39m send
  data: {
    "type": "invoke",
    "params": {
      "target": {
        "type": "Class",
        "value": "com.wix.detox.espresso.DetoxAssertion"
      },
      "method": "assertMatcher",
      "args": [
        {
          "type": "Invocation",
          "value": {
            "target": {
              "type": "Class",
              "value": "androidx.test.espresso.Espresso"
            },
            "method": "onView",
            "args": [
              {
                "type": "Invocation",
                "value": {
                  "target": {
                    "type": "Class",
                    "value": "com.wix.detox.espresso.DetoxMatcher"
                  },
                  "method": "matcherForTestId",
                  "args": [
                    "home-tab-root",
                    {
                      "type": "boolean",
                      "value": false
                    }
                  ]
                }
              }
            ]
          }
        },
        {
          "type": "Invocation",
          "value": {
            "target": {
              "type": "Class",
              "value": "com.wix.detox.espresso.DetoxMatcher"
            },
            "method": "matcherForSufficientlyVisible",
            "args": [
              {
                "type": "Integer",
                "value": 75
              }
            ]
          }
        }
      ]
    },
    "messageId": 21
  }
17:04:44.479 detox[19770] [90mi[39m send message
  data: {"type":"invoke","params":{"target":{"type":"Class","value":"com.wix.detox.espresso.DetoxAssertion"},"method":"assertMatcher","args":[{"type":"Invocation","value":{"target":{"type":"Class","value":"androidx.test.espresso.Espresso"},"method":"onView","args":[{"type":"Invocation","value":{"target":{"type":"Class","value":"com.wix.detox.espresso.DetoxMatcher"},"method":"matcherForTestId","args":["home-tab-root",{"type":"boolean","value":false}]}}]}},{"type":"Invocation","value":{"target":{"type":"Class","value":"com.wix.detox.espresso.DetoxMatcher"},"method":"matcherForSufficientlyVisible","args":[{"type":"Integer","value":75}]}}]},"messageId":21}
17:04:44.479 detox[19770] [90mB[39m expect element to be visible
  data: {
    "target": {
      "type": "Class",
      "value": "com.wix.detox.espresso.DetoxAssertion"
    },
    "method": "assertMatcher",
    "args": [
      {
        "type": "Invocation",
        "value": {
          "target": {
            "type": "Class",
            "value": "androidx.test.espresso.Espresso"
          },
          "method": "onView",
          "args": [
            {
              "type": "Invocation",
              "value": {
                "target": {
                  "type": "Class",
                  "value": "com.wix.detox.espresso.DetoxMatcher"
                },
                "method": "matcherForTestId",
                "args": [
                  "home-tab-root",
                  {
                    "type": "boolean",
                    "value": false
                  }
                ]
              }
            }
          ]
        }
      },
      {
        "type": "Invocation",
        "value": {
          "target": {
            "type": "Class",
            "value": "com.wix.detox.espresso.DetoxMatcher"
          },
          "method": "matcherForSufficientlyVisible",
          "args": [
            {
              "type": "Integer",
              "value": 75
            }
          ]
        }
      }
    ]
  }
17:04:44.544 detox[19769] [90mi[39m get
  data: {"messageId":21,"type":"invokeResult","params":{"result":null}}
17:04:44.544 detox[19769] [90mi[39m send
  data: {
    "messageId": 21,
    "type": "invokeResult",
    "params": {
      "result": null
    }
  }
17:04:44.545 detox[19769] [90mi[39m get
  data: {"type":"invoke","params":{"target":{"type":"Class","value":"com.wix.detox.espresso.DetoxAssertion"},"method":"assertMatcher","args":[{"type":"Invocation","value":{"target":{"type":"Class","value":"androidx.test.espresso.Espresso"},"method":"onView","args":[{"type":"Invocation","value":{"target":{"type":"Class","value":"com.wix.detox.espresso.DetoxMatcher"},"method":"matcherForTestId","args":["welcome-title",{"type":"boolean","value":false}]}}]}},{"type":"Invocation","value":{"target":{"type":"Class","value":"com.wix.detox.espresso.DetoxMatcher"},"method":"matcherForSufficientlyVisible","args":[{"type":"Integer","value":75}]}}]},"messageId":22}
17:04:44.545 detox[19770] [90mi[39m get message
  data: {"messageId":21,"type":"invokeResult","params":{"result":null}}
   
17:04:44.545 detox[19770] [90mE[39m expect element to be visible
17:04:44.545 detox[19770] [90mi[39m send message
  data: {"type":"invoke","params":{"target":{"type":"Class","value":"com.wix.detox.espresso.DetoxAssertion"},"method":"assertMatcher","args":[{"type":"Invocation","value":{"target":{"type":"Class","value":"androidx.test.espresso.Espresso"},"method":"onView","args":[{"type":"Invocation","value":{"target":{"type":"Class","value":"com.wix.detox.espresso.DetoxMatcher"},"method":"matcherForTestId","args":["welcome-title",{"type":"boolean","value":false}]}}]}},{"type":"Invocation","value":{"target":{"type":"Class","value":"com.wix.detox.espresso.DetoxMatcher"},"method":"matcherForSufficientlyVisible","args":[{"type":"Integer","value":75}]}}]},"messageId":22}
17:04:44.546 detox[19769] [90mi[39m send
  data: {
    "type": "invoke",
    "params": {
      "target": {
        "type": "Class",
        "value": "com.wix.detox.espresso.DetoxAssertion"
      },
      "method": "assertMatcher",
      "args": [
        {
          "type": "Invocation",
          "value": {
            "target": {
              "type": "Class",
              "value": "androidx.test.espresso.Espresso"
            },
            "method": "onView",
            "args": [
              {
                "type": "Invocation",
                "value": {
                  "target": {
                    "type": "Class",
                    "value": "com.wix.detox.espresso.DetoxMatcher"
                  },
                  "method": "matcherForTestId",
                  "args": [
                    "welcome-title",
                    {
                      "type": "boolean",
                      "value": false
                    }
                  ]
                }
              }
            ]
          }
        },
        {
          "type": "Invocation",
          "value": {
            "target": {
              "type": "Class",
              "value": "com.wix.detox.espresso.DetoxMatcher"
            },
            "method": "matcherForSufficientlyVisible",
            "args": [
              {
                "type": "Integer",
                "value": 75
              }
            ]
          }
        }
      ]
    },
    "messageId": 22
  }
17:04:44.546 detox[19770] [90mB[39m expect element to be visible
  data: {
    "target": {
      "type": "Class",
      "value": "com.wix.detox.espresso.DetoxAssertion"
    },
    "method": "assertMatcher",
    "args": [
      {
        "type": "Invocation",
        "value": {
          "target": {
            "type": "Class",
            "value": "androidx.test.espresso.Espresso"
          },
          "method": "onView",
          "args": [
            {
              "type": "Invocation",
              "value": {
                "target": {
                  "type": "Class",
                  "value": "com.wix.detox.espresso.DetoxMatcher"
                },
                "method": "matcherForTestId",
                "args": [
                  "welcome-title",
                  {
                    "type": "boolean",
                    "value": false
                  }
                ]
              }
            }
          ]
        }
      },
      {
        "type": "Invocation",
        "value": {
          "target": {
            "type": "Class",
            "value": "com.wix.detox.espresso.DetoxMatcher"
          },
          "method": "matcherForSufficientlyVisible",
          "args": [
            {
              "type": "Integer",
              "value": 75
            }
          ]
        }
      }
    ]
  }
17:04:44.581 detox[19769] [90mi[39m get
  data: {"messageId":22,"type":"invokeResult","params":{"result":null}}
17:04:44.581 detox[19769] [90mi[39m send
  data: {
    "messageId": 22,
    "type": "invokeResult",
    "params": {
      "result": null
    }
  }
17:04:44.581 detox[19770] [90mi[39m get message
  data: {"messageId":22,"type":"invokeResult","params":{"result":null}}
   
17:04:44.581 detox[19770] [90mE[39m expect element to be visible
17:04:44.581 detox[19770] [90mi[39m  Successfully navigated back to Home screen
17:04:44.582 detox[19770] [90mE[39m test_fn
17:04:44.582 detox[19770] [90mB[39m afterEach
17:04:44.582 detox[19770] [90mB[39m takeScreenshot
  args: ("navigation-test-screenshot")
17:04:44.582 detox[19770] [90mi[39m "/Users/ips-162/Library/Android/sdk/platform-tools/adb" -s ZD22227Q7K shell "screencap /sdcard/17354164_8.png"
17:04:45.186 detox[19770] [90mi[39m 
17:04:45.187 detox[19770] [90mi[39m "/Users/ips-162/Library/Android/sdk/platform-tools/adb" -s ZD22227Q7K pull "/sdcard/17354164_8.png" "/private/var/folders/r0/j9yltjr10ysg22c7l5sx938r0000gn/T/detox-19770-dHIf1x.detox.png"
17:04:45.207 detox[19770] [90mi[39m /sdcard/17354164_8.png: 1 file pulled, 0 skipped. 11.0 MB/s (56071 bytes in 0.005s)

17:04:45.207 detox[19770] [90mi[39m "/Users/ips-162/Library/Android/sdk/platform-tools/adb" -s ZD22227Q7K shell "rm  \"/sdcard/17354164_8.png\""
17:04:45.301 detox[19770] [90mi[39m 
17:04:45.301 detox[19770] [90mB[39m onCreateExternalArtifact
  args: ({"pluginId":"screenshot","artifactName":"navigation-test-screenshot","artifactPath":"/private/var/folders/r0/j9yltjr10ysg22c7l5sx938r0000gn/T/detox-19770-dHIf1x.detox.png"})
17:04:45.301 detox[19770] [90mi[39m starting FileArtifact
17:04:45.301 detox[19770] [90mi[39m stopping FileArtifact
17:04:45.301 detox[19770] [90mE[39m onCreateExternalArtifact
17:04:45.301 detox[19770] [90mE[39m takeScreenshot
17:04:45.301 detox[19770] [90mE[39m afterEach
17:04:45.302 detox[19770] [90mB[39m onTestDone
  args: ({"title":"should navigate back to Home from Profile","fullName":"Navigation Between Core Screens should navigate back to Home from Profile","status":"passed","invocations":1})
17:04:45.302 detox[19770] [90mi[39m stopping ADBLogcatRecording
17:04:45.302 detox[19770] [90mi[39m starting ADBScreencapRecording
17:04:45.302 detox[19770] [90mi[39m "/Users/ips-162/Library/Android/sdk/platform-tools/adb" -s ZD22227Q7K shell "screencap /sdcard/17354164_9.png"
17:04:45.303 detox[19770] [90mi[39m "/Users/ips-162/Library/Android/sdk/platform-tools/adb" -s ZD22227Q7K shell "date +\"%m-%d %T.000\""
17:04:45.392 detox[19770] [90mi[39m 12-17 17:05:49.000

17:04:45.394 detox[19770] [90mi[39m sending SIGINT to: /Users/ips-162/Library/Android/sdk/platform-tools/adb -s ZD22227Q7K shell logcat -T "12-17 17:05:44.000" --pid=23310 -f /sdcard/17354164_7.log
17:04:45.396 detox[19770] [90mi[39m /Users/ips-162/Library/Android/sdk/platform-tools/adb -s ZD22227Q7K shell "logcat -T \"12-17 17:05:44.000\" --pid=23310 -f /sdcard/17354164_7.log" terminated with SIGINT
17:04:45.396 detox[19770] [90mi[39m saving ADBLogcatRecording to: artifacts/android.att.debug.2025-12-17 11-33-52Z/✓ Navigation Between Core Screens should navigate back to Home from Profile/device.log
17:04:45.396 detox[19770] [90mi[39m "/Users/ips-162/Library/Android/sdk/platform-tools/adb" -s ZD22227Q7K pull "/sdcard/17354164_7.log" "artifacts/android.att.debug.2025-12-17 11-33-52Z/✓ Navigation Between Core Screens should navigate back to Home from Profile/device.log"
17:04:45.417 detox[19770] [90mi[39m /sdcard/17354164_7.log: 1 file pulled, 0 skipped. 3.5 MB/s (8959 bytes in 0.002s)

17:04:45.417 detox[19770] [90mi[39m "/Users/ips-162/Library/Android/sdk/platform-tools/adb" -s ZD22227Q7K shell "rm  \"/sdcard/17354164_7.log\""
17:04:45.496 detox[19770] [90mi[39m 
17:04:46.616 detox[19770] [90mi[39m 
17:04:46.616 detox[19770] [90mi[39m stopping ADBScreencapRecording
17:04:46.616 detox[19770] [90mE[39m onTestDone
17:04:46.616 detox[19770] [90mE[39m should navigate back to Home from Profile
17:04:46.617 detox[19770] [90mi[39m Navigation Between Core Screens: should navigate back to Home from Profile [OK]
17:04:46.617 detox[19770] [90mB[39m should complete full navigation cycle
17:04:46.617 detox[19770] [90mi[39m Navigation Between Core Screens: should complete full navigation cycle
17:04:46.618 detox[19770] [90mB[39m onTestStart
  args: ({"title":"should complete full navigation cycle","fullName":"Navigation Between Core Screens should complete full navigation cycle","status":"running","invocations":1})
17:04:46.618 detox[19770] [90mi[39m starting ADBLogcatRecording
17:04:46.620 detox[19770] [90mi[39m /Users/ips-162/Library/Android/sdk/platform-tools/adb -s ZD22227Q7K shell "logcat -T \"12-17 17:05:49.000\" --pid=23310 -f /sdcard/17354164_10.log"
17:04:46.620 detox[19770] [90mE[39m onTestStart
17:04:46.620 detox[19770] [90mB[39m beforeEach
17:04:46.620 detox[19770] [90mE[39m beforeEach
17:04:46.621 detox[19770] [90mB[39m test_fn
17:04:46.621 detox[19770] [90mi[39m  Testing complete navigation cycle
17:04:46.622 detox[19769] [90mi[39m get
  data: {"type":"invoke","params":{"target":{"type":"Class","value":"com.wix.detox.espresso.EspressoDetox"},"method":"perform","args":[{"type":"Invocation","value":{"target":{"type":"Class","value":"com.wix.detox.espresso.DetoxMatcher"},"method":"matcherForTestId","args":["details-tab",{"type":"boolean","value":false}]}},{"type":"Invocation","value":{"target":{"type":"Class","value":"com.wix.detox.espresso.DetoxViewActions"},"method":"click","args":[]}}]},"messageId":23}
17:04:46.622 detox[19769] [90mi[39m send
  data: {
    "type": "invoke",
    "params": {
      "target": {
        "type": "Class",
        "value": "com.wix.detox.espresso.EspressoDetox"
      },
      "method": "perform",
      "args": [
        {
          "type": "Invocation",
          "value": {
            "target": {
              "type": "Class",
              "value": "com.wix.detox.espresso.DetoxMatcher"
            },
            "method": "matcherForTestId",
            "args": [
              "details-tab",
              {
                "type": "boolean",
                "value": false
              }
            ]
          }
        },
        {
          "type": "Invocation",
          "value": {
            "target": {
              "type": "Class",
              "value": "com.wix.detox.espresso.DetoxViewActions"
            },
            "method": "click",
            "args": []
          }
        }
      ]
    },
    "messageId": 23
  }
17:04:46.622 detox[19770] [90mi[39m send message
  data: {"type":"invoke","params":{"target":{"type":"Class","value":"com.wix.detox.espresso.EspressoDetox"},"method":"perform","args":[{"type":"Invocation","value":{"target":{"type":"Class","value":"com.wix.detox.espresso.DetoxMatcher"},"method":"matcherForTestId","args":["details-tab",{"type":"boolean","value":false}]}},{"type":"Invocation","value":{"target":{"type":"Class","value":"com.wix.detox.espresso.DetoxViewActions"},"method":"click","args":[]}}]},"messageId":23}
17:04:46.622 detox[19770] [90mB[39m tap
  data: {
    "target": {
      "type": "Class",
      "value": "com.wix.detox.espresso.EspressoDetox"
    },
    "method": "perform",
    "args": [
      {
        "type": "Invocation",
        "value": {
          "target": {
            "type": "Class",
            "value": "com.wix.detox.espresso.DetoxMatcher"
          },
          "method": "matcherForTestId",
          "args": [
            "details-tab",
            {
              "type": "boolean",
              "value": false
            }
          ]
        }
      },
      {
        "type": "Invocation",
        "value": {
          "target": {
            "type": "Class",
            "value": "com.wix.detox.espresso.DetoxViewActions"
          },
          "method": "click",
          "args": []
        }
      }
    ]
  }
17:04:46.624 detox[19770] [90mi[39m saving FileArtifact to: artifacts/android.att.debug.2025-12-17 11-33-52Z/✓ Navigation Between Core Screens should navigate back to Home from Profile/navigation-test-screenshot.png
17:04:46.627 detox[19770] [90mi[39m moving "/private/var/folders/r0/j9yltjr10ysg22c7l5sx938r0000gn/T/detox-19770-dHIf1x.detox.png" to artifacts/android.att.debug.2025-12-17 11-33-52Z/✓ Navigation Between Core Screens should navigate back to Home from Profile/navigation-test-screenshot.png
17:04:46.631 detox[19770] [90mi[39m saving ADBScreencapRecording to: artifacts/android.att.debug.2025-12-17 11-33-52Z/✓ Navigation Between Core Screens should navigate back to Home from Profile/testDone.png
17:04:46.632 detox[19770] [90mi[39m "/Users/ips-162/Library/Android/sdk/platform-tools/adb" -s ZD22227Q7K pull "/sdcard/17354164_9.png" "artifacts/android.att.debug.2025-12-17 11-33-52Z/✓ Navigation Between Core Screens should navigate back to Home from Profile/testDone.png"
17:04:46.672 detox[19770] [90mi[39m /sdcard/17354164_9.png: 1 file pulled, 0 skipped. 10.2 MB/s (56071 bytes in 0.005s)

17:04:46.672 detox[19770] [90mi[39m "/Users/ips-162/Library/Android/sdk/platform-tools/adb" -s ZD22227Q7K shell "rm  \"/sdcard/17354164_9.png\""
17:04:46.739 detox[19770] [90mi[39m 
17:04:46.923 detox[19770] [90mi[39m "/Users/ips-162/Library/Android/sdk/platform-tools/adb" -s ZD22227Q7K shell du /sdcard/17354164_10.log
17:04:46.983 detox[19770] [90mi[39m 0	/sdcard/17354164_10.log

17:04:47.409 detox[19769] [90mi[39m get
  data: {"messageId":23,"type":"invokeResult","params":{"result":null}}
17:04:47.410 detox[19769] [90mi[39m send
  data: {
    "messageId": 23,
    "type": "invokeResult",
    "params": {
      "result": null
    }
  }
17:04:47.410 detox[19770] [90mi[39m get message
  data: {"messageId":23,"type":"invokeResult","params":{"result":null}}
   
17:04:47.410 detox[19770] [90mE[39m tap
17:04:48.413 detox[19770] [90mi[39m send message
  data: {"type":"invoke","params":{"target":{"type":"Class","value":"com.wix.detox.espresso.DetoxAssertion"},"method":"assertMatcher","args":[{"type":"Invocation","value":{"target":{"type":"Class","value":"androidx.test.espresso.Espresso"},"method":"onView","args":[{"type":"Invocation","value":{"target":{"type":"Class","value":"com.wix.detox.espresso.DetoxMatcher"},"method":"matcherForTestId","args":["details-title",{"type":"boolean","value":false}]}}]}},{"type":"Invocation","value":{"target":{"type":"Class","value":"com.wix.detox.espresso.DetoxMatcher"},"method":"matcherForSufficientlyVisible","args":[{"type":"Integer","value":75}]}}]},"messageId":24}
17:04:48.413 detox[19770] [90mB[39m expect element to be visible
  data: {
    "target": {
      "type": "Class",
      "value": "com.wix.detox.espresso.DetoxAssertion"
    },
    "method": "assertMatcher",
    "args": [
      {
        "type": "Invocation",
        "value": {
          "target": {
            "type": "Class",
            "value": "androidx.test.espresso.Espresso"
          },
          "method": "onView",
          "args": [
            {
              "type": "Invocation",
              "value": {
                "target": {
                  "type": "Class",
                  "value": "com.wix.detox.espresso.DetoxMatcher"
                },
                "method": "matcherForTestId",
                "args": [
                  "details-title",
                  {
                    "type": "boolean",
                    "value": false
                  }
                ]
              }
            }
          ]
        }
      },
      {
        "type": "Invocation",
        "value": {
          "target": {
            "type": "Class",
            "value": "com.wix.detox.espresso.DetoxMatcher"
          },
          "method": "matcherForSufficientlyVisible",
          "args": [
            {
              "type": "Integer",
              "value": 75
            }
          ]
        }
      }
    ]
  }
17:04:48.414 detox[19769] [90mi[39m get
  data: {"type":"invoke","params":{"target":{"type":"Class","value":"com.wix.detox.espresso.DetoxAssertion"},"method":"assertMatcher","args":[{"type":"Invocation","value":{"target":{"type":"Class","value":"androidx.test.espresso.Espresso"},"method":"onView","args":[{"type":"Invocation","value":{"target":{"type":"Class","value":"com.wix.detox.espresso.DetoxMatcher"},"method":"matcherForTestId","args":["details-title",{"type":"boolean","value":false}]}}]}},{"type":"Invocation","value":{"target":{"type":"Class","value":"com.wix.detox.espresso.DetoxMatcher"},"method":"matcherForSufficientlyVisible","args":[{"type":"Integer","value":75}]}}]},"messageId":24}
17:04:48.414 detox[19769] [90mi[39m send
  data: {
    "type": "invoke",
    "params": {
      "target": {
        "type": "Class",
        "value": "com.wix.detox.espresso.DetoxAssertion"
      },
      "method": "assertMatcher",
      "args": [
        {
          "type": "Invocation",
          "value": {
            "target": {
              "type": "Class",
              "value": "androidx.test.espresso.Espresso"
            },
            "method": "onView",
            "args": [
              {
                "type": "Invocation",
                "value": {
                  "target": {
                    "type": "Class",
                    "value": "com.wix.detox.espresso.DetoxMatcher"
                  },
                  "method": "matcherForTestId",
                  "args": [
                    "details-title",
                    {
                      "type": "boolean",
                      "value": false
                    }
                  ]
                }
              }
            ]
          }
        },
        {
          "type": "Invocation",
          "value": {
            "target": {
              "type": "Class",
              "value": "com.wix.detox.espresso.DetoxMatcher"
            },
            "method": "matcherForSufficientlyVisible",
            "args": [
              {
                "type": "Integer",
                "value": 75
              }
            ]
          }
        }
      ]
    },
    "messageId": 24
  }
17:04:48.650 detox[19769] [90mi[39m get
  data: {"messageId":24,"type":"invokeResult","params":{"result":null}}
17:04:48.650 detox[19769] [90mi[39m send
  data: {
    "messageId": 24,
    "type": "invokeResult",
    "params": {
      "result": null
    }
  }
17:04:48.650 detox[19770] [90mi[39m get message
  data: {"messageId":24,"type":"invokeResult","params":{"result":null}}
   
17:04:48.650 detox[19770] [90mE[39m expect element to be visible
17:04:48.651 detox[19770] [90mi[39m  Switched to Details
17:04:48.651 detox[19770] [90mi[39m send message
  data: {"type":"invoke","params":{"target":{"type":"Class","value":"com.wix.detox.espresso.EspressoDetox"},"method":"perform","args":[{"type":"Invocation","value":{"target":{"type":"Class","value":"com.wix.detox.espresso.DetoxMatcher"},"method":"matcherForTestId","args":["profile-tab",{"type":"boolean","value":false}]}},{"type":"Invocation","value":{"target":{"type":"Class","value":"com.wix.detox.espresso.DetoxViewActions"},"method":"click","args":[]}}]},"messageId":25}
17:04:48.652 detox[19769] [90mi[39m get
  data: {"type":"invoke","params":{"target":{"type":"Class","value":"com.wix.detox.espresso.EspressoDetox"},"method":"perform","args":[{"type":"Invocation","value":{"target":{"type":"Class","value":"com.wix.detox.espresso.DetoxMatcher"},"method":"matcherForTestId","args":["profile-tab",{"type":"boolean","value":false}]}},{"type":"Invocation","value":{"target":{"type":"Class","value":"com.wix.detox.espresso.DetoxViewActions"},"method":"click","args":[]}}]},"messageId":25}
17:04:48.652 detox[19769] [90mi[39m send
  data: {
    "type": "invoke",
    "params": {
      "target": {
        "type": "Class",
        "value": "com.wix.detox.espresso.EspressoDetox"
      },
      "method": "perform",
      "args": [
        {
          "type": "Invocation",
          "value": {
            "target": {
              "type": "Class",
              "value": "com.wix.detox.espresso.DetoxMatcher"
            },
            "method": "matcherForTestId",
            "args": [
              "profile-tab",
              {
                "type": "boolean",
                "value": false
              }
            ]
          }
        },
        {
          "type": "Invocation",
          "value": {
            "target": {
              "type": "Class",
              "value": "com.wix.detox.espresso.DetoxViewActions"
            },
            "method": "click",
            "args": []
          }
        }
      ]
    },
    "messageId": 25
  }
17:04:48.652 detox[19770] [90mB[39m tap
  data: {
    "target": {
      "type": "Class",
      "value": "com.wix.detox.espresso.EspressoDetox"
    },
    "method": "perform",
    "args": [
      {
        "type": "Invocation",
        "value": {
          "target": {
            "type": "Class",
            "value": "com.wix.detox.espresso.DetoxMatcher"
          },
          "method": "matcherForTestId",
          "args": [
            "profile-tab",
            {
              "type": "boolean",
              "value": false
            }
          ]
        }
      },
      {
        "type": "Invocation",
        "value": {
          "target": {
            "type": "Class",
            "value": "com.wix.detox.espresso.DetoxViewActions"
          },
          "method": "click",
          "args": []
        }
      }
    ]
  }
17:04:49.402 detox[19769] [90mi[39m get
  data: {"messageId":25,"type":"invokeResult","params":{"result":null}}
17:04:49.402 detox[19769] [90mi[39m send
  data: {
    "messageId": 25,
    "type": "invokeResult",
    "params": {
      "result": null
    }
  }
17:04:49.402 detox[19770] [90mi[39m get message
  data: {"messageId":25,"type":"invokeResult","params":{"result":null}}
   
17:04:49.402 detox[19770] [90mE[39m tap
17:04:50.404 detox[19769] [90mi[39m get
  data: {"type":"invoke","params":{"target":{"type":"Class","value":"com.wix.detox.espresso.DetoxAssertion"},"method":"assertMatcher","args":[{"type":"Invocation","value":{"target":{"type":"Class","value":"androidx.test.espresso.Espresso"},"method":"onView","args":[{"type":"Invocation","value":{"target":{"type":"Class","value":"com.wix.detox.espresso.DetoxMatcher"},"method":"matcherForTestId","args":["profile-title",{"type":"boolean","value":false}]}}]}},{"type":"Invocation","value":{"target":{"type":"Class","value":"com.wix.detox.espresso.DetoxMatcher"},"method":"matcherForSufficientlyVisible","args":[{"type":"Integer","value":75}]}}]},"messageId":26}
17:04:50.404 detox[19770] [90mi[39m send message
  data: {"type":"invoke","params":{"target":{"type":"Class","value":"com.wix.detox.espresso.DetoxAssertion"},"method":"assertMatcher","args":[{"type":"Invocation","value":{"target":{"type":"Class","value":"androidx.test.espresso.Espresso"},"method":"onView","args":[{"type":"Invocation","value":{"target":{"type":"Class","value":"com.wix.detox.espresso.DetoxMatcher"},"method":"matcherForTestId","args":["profile-title",{"type":"boolean","value":false}]}}]}},{"type":"Invocation","value":{"target":{"type":"Class","value":"com.wix.detox.espresso.DetoxMatcher"},"method":"matcherForSufficientlyVisible","args":[{"type":"Integer","value":75}]}}]},"messageId":26}
17:04:50.404 detox[19770] [90mB[39m expect element to be visible
  data: {
    "target": {
      "type": "Class",
      "value": "com.wix.detox.espresso.DetoxAssertion"
    },
    "method": "assertMatcher",
    "args": [
      {
        "type": "Invocation",
        "value": {
          "target": {
            "type": "Class",
            "value": "androidx.test.espresso.Espresso"
          },
          "method": "onView",
          "args": [
            {
              "type": "Invocation",
              "value": {
                "target": {
                  "type": "Class",
                  "value": "com.wix.detox.espresso.DetoxMatcher"
                },
                "method": "matcherForTestId",
                "args": [
                  "profile-title",
                  {
                    "type": "boolean",
                    "value": false
                  }
                ]
              }
            }
          ]
        }
      },
      {
        "type": "Invocation",
        "value": {
          "target": {
            "type": "Class",
            "value": "com.wix.detox.espresso.DetoxMatcher"
          },
          "method": "matcherForSufficientlyVisible",
          "args": [
            {
              "type": "Integer",
              "value": 75
            }
          ]
        }
      }
    ]
  }
17:04:50.405 detox[19769] [90mi[39m send
  data: {
    "type": "invoke",
    "params": {
      "target": {
        "type": "Class",
        "value": "com.wix.detox.espresso.DetoxAssertion"
      },
      "method": "assertMatcher",
      "args": [
        {
          "type": "Invocation",
          "value": {
            "target": {
              "type": "Class",
              "value": "androidx.test.espresso.Espresso"
            },
            "method": "onView",
            "args": [
              {
                "type": "Invocation",
                "value": {
                  "target": {
                    "type": "Class",
                    "value": "com.wix.detox.espresso.DetoxMatcher"
                  },
                  "method": "matcherForTestId",
                  "args": [
                    "profile-title",
                    {
                      "type": "boolean",
                      "value": false
                    }
                  ]
                }
              }
            ]
          }
        },
        {
          "type": "Invocation",
          "value": {
            "target": {
              "type": "Class",
              "value": "com.wix.detox.espresso.DetoxMatcher"
            },
            "method": "matcherForSufficientlyVisible",
            "args": [
              {
                "type": "Integer",
                "value": 75
              }
            ]
          }
        }
      ]
    },
    "messageId": 26
  }
17:04:50.474 detox[19769] [90mi[39m get
  data: {"messageId":26,"type":"invokeResult","params":{"result":null}}
17:04:50.475 detox[19769] [90mi[39m send
  data: {
    "messageId": 26,
    "type": "invokeResult",
    "params": {
      "result": null
    }
  }
17:04:50.475 detox[19770] [90mi[39m get message
  data: {"messageId":26,"type":"invokeResult","params":{"result":null}}
   
17:04:50.475 detox[19770] [90mE[39m expect element to be visible
17:04:50.475 detox[19770] [90mi[39m  Switched to Profile
17:04:50.476 detox[19769] [90mi[39m get
  data: {"type":"invoke","params":{"target":{"type":"Class","value":"com.wix.detox.espresso.EspressoDetox"},"method":"perform","args":[{"type":"Invocation","value":{"target":{"type":"Class","value":"com.wix.detox.espresso.DetoxMatcher"},"method":"matcherForTestId","args":["home-tab",{"type":"boolean","value":false}]}},{"type":"Invocation","value":{"target":{"type":"Class","value":"com.wix.detox.espresso.DetoxViewActions"},"method":"click","args":[]}}]},"messageId":27}
17:04:50.476 detox[19769] [90mi[39m send
  data: {
    "type": "invoke",
    "params": {
      "target": {
        "type": "Class",
        "value": "com.wix.detox.espresso.EspressoDetox"
      },
      "method": "perform",
      "args": [
        {
          "type": "Invocation",
          "value": {
            "target": {
              "type": "Class",
              "value": "com.wix.detox.espresso.DetoxMatcher"
            },
            "method": "matcherForTestId",
            "args": [
              "home-tab",
              {
                "type": "boolean",
                "value": false
              }
            ]
          }
        },
        {
          "type": "Invocation",
          "value": {
            "target": {
              "type": "Class",
              "value": "com.wix.detox.espresso.DetoxViewActions"
            },
            "method": "click",
            "args": []
          }
        }
      ]
    },
    "messageId": 27
  }
17:04:50.476 detox[19770] [90mi[39m send message
  data: {"type":"invoke","params":{"target":{"type":"Class","value":"com.wix.detox.espresso.EspressoDetox"},"method":"perform","args":[{"type":"Invocation","value":{"target":{"type":"Class","value":"com.wix.detox.espresso.DetoxMatcher"},"method":"matcherForTestId","args":["home-tab",{"type":"boolean","value":false}]}},{"type":"Invocation","value":{"target":{"type":"Class","value":"com.wix.detox.espresso.DetoxViewActions"},"method":"click","args":[]}}]},"messageId":27}
17:04:50.476 detox[19770] [90mB[39m tap
  data: {
    "target": {
      "type": "Class",
      "value": "com.wix.detox.espresso.EspressoDetox"
    },
    "method": "perform",
    "args": [
      {
        "type": "Invocation",
        "value": {
          "target": {
            "type": "Class",
            "value": "com.wix.detox.espresso.DetoxMatcher"
          },
          "method": "matcherForTestId",
          "args": [
            "home-tab",
            {
              "type": "boolean",
              "value": false
            }
          ]
        }
      },
      {
        "type": "Invocation",
        "value": {
          "target": {
            "type": "Class",
            "value": "com.wix.detox.espresso.DetoxViewActions"
          },
          "method": "click",
          "args": []
        }
      }
    ]
  }
17:04:51.234 detox[19769] [90mi[39m get
  data: {"messageId":27,"type":"invokeResult","params":{"result":null}}
17:04:51.234 detox[19769] [90mi[39m send
  data: {
    "messageId": 27,
    "type": "invokeResult",
    "params": {
      "result": null
    }
  }
17:04:51.235 detox[19770] [90mi[39m get message
  data: {"messageId":27,"type":"invokeResult","params":{"result":null}}
   
17:04:51.235 detox[19770] [90mE[39m tap
17:04:52.240 detox[19770] [90mi[39m send message
  data: {"type":"invoke","params":{"target":{"type":"Class","value":"com.wix.detox.espresso.DetoxAssertion"},"method":"assertMatcher","args":[{"type":"Invocation","value":{"target":{"type":"Class","value":"androidx.test.espresso.Espresso"},"method":"onView","args":[{"type":"Invocation","value":{"target":{"type":"Class","value":"com.wix.detox.espresso.DetoxMatcher"},"method":"matcherForTestId","args":["welcome-title",{"type":"boolean","value":false}]}}]}},{"type":"Invocation","value":{"target":{"type":"Class","value":"com.wix.detox.espresso.DetoxMatcher"},"method":"matcherForSufficientlyVisible","args":[{"type":"Integer","value":75}]}}]},"messageId":28}
17:04:52.240 detox[19770] [90mB[39m expect element to be visible
  data: {
    "target": {
      "type": "Class",
      "value": "com.wix.detox.espresso.DetoxAssertion"
    },
    "method": "assertMatcher",
    "args": [
      {
        "type": "Invocation",
        "value": {
          "target": {
            "type": "Class",
            "value": "androidx.test.espresso.Espresso"
          },
          "method": "onView",
          "args": [
            {
              "type": "Invocation",
              "value": {
                "target": {
                  "type": "Class",
                  "value": "com.wix.detox.espresso.DetoxMatcher"
                },
                "method": "matcherForTestId",
                "args": [
                  "welcome-title",
                  {
                    "type": "boolean",
                    "value": false
                  }
                ]
              }
            }
          ]
        }
      },
      {
        "type": "Invocation",
        "value": {
          "target": {
            "type": "Class",
            "value": "com.wix.detox.espresso.DetoxMatcher"
          },
          "method": "matcherForSufficientlyVisible",
          "args": [
            {
              "type": "Integer",
              "value": 75
            }
          ]
        }
      }
    ]
  }
17:04:52.241 detox[19769] [90mi[39m get
  data: {"type":"invoke","params":{"target":{"type":"Class","value":"com.wix.detox.espresso.DetoxAssertion"},"method":"assertMatcher","args":[{"type":"Invocation","value":{"target":{"type":"Class","value":"androidx.test.espresso.Espresso"},"method":"onView","args":[{"type":"Invocation","value":{"target":{"type":"Class","value":"com.wix.detox.espresso.DetoxMatcher"},"method":"matcherForTestId","args":["welcome-title",{"type":"boolean","value":false}]}}]}},{"type":"Invocation","value":{"target":{"type":"Class","value":"com.wix.detox.espresso.DetoxMatcher"},"method":"matcherForSufficientlyVisible","args":[{"type":"Integer","value":75}]}}]},"messageId":28}
17:04:52.241 detox[19769] [90mi[39m send
  data: {
    "type": "invoke",
    "params": {
      "target": {
        "type": "Class",
        "value": "com.wix.detox.espresso.DetoxAssertion"
      },
      "method": "assertMatcher",
      "args": [
        {
          "type": "Invocation",
          "value": {
            "target": {
              "type": "Class",
              "value": "androidx.test.espresso.Espresso"
            },
            "method": "onView",
            "args": [
              {
                "type": "Invocation",
                "value": {
                  "target": {
                    "type": "Class",
                    "value": "com.wix.detox.espresso.DetoxMatcher"
                  },
                  "method": "matcherForTestId",
                  "args": [
                    "welcome-title",
                    {
                      "type": "boolean",
                      "value": false
                    }
                  ]
                }
              }
            ]
          }
        },
        {
          "type": "Invocation",
          "value": {
            "target": {
              "type": "Class",
              "value": "com.wix.detox.espresso.DetoxMatcher"
            },
            "method": "matcherForSufficientlyVisible",
            "args": [
              {
                "type": "Integer",
                "value": 75
              }
            ]
          }
        }
      ]
    },
    "messageId": 28
  }
17:04:52.310 detox[19769] [90mi[39m get
  data: {"messageId":28,"type":"invokeResult","params":{"result":null}}
17:04:52.311 detox[19769] [90mi[39m send
  data: {
    "messageId": 28,
    "type": "invokeResult",
    "params": {
      "result": null
    }
  }
17:04:52.311 detox[19770] [90mi[39m get message
  data: {"messageId":28,"type":"invokeResult","params":{"result":null}}
   
17:04:52.311 detox[19770] [90mE[39m expect element to be visible
17:04:52.311 detox[19770] [90mi[39m  Switched back to Home
17:04:52.311 detox[19770] [90mi[39m  Navigation cycle completed successfully
17:04:52.312 detox[19770] [90mE[39m test_fn
17:04:52.312 detox[19770] [90mB[39m afterEach
17:04:52.312 detox[19770] [90mB[39m takeScreenshot
  args: ("navigation-test-screenshot")
17:04:52.313 detox[19770] [90mi[39m "/Users/ips-162/Library/Android/sdk/platform-tools/adb" -s ZD22227Q7K shell "screencap /sdcard/17354164_11.png"
17:04:52.859 detox[19770] [90mi[39m 
17:04:52.859 detox[19770] [90mi[39m "/Users/ips-162/Library/Android/sdk/platform-tools/adb" -s ZD22227Q7K pull "/sdcard/17354164_11.png" "/private/var/folders/r0/j9yltjr10ysg22c7l5sx938r0000gn/T/detox-19770-YNWqq7.detox.png"
17:04:52.891 detox[19770] [90mi[39m /sdcard/17354164_11.png: 1 file pulled, 0 skipped. 12.6 MB/s (55508 bytes in 0.004s)

17:04:52.891 detox[19770] [90mi[39m "/Users/ips-162/Library/Android/sdk/platform-tools/adb" -s ZD22227Q7K shell "rm  \"/sdcard/17354164_11.png\""
17:04:52.957 detox[19770] [90mi[39m 
17:04:52.957 detox[19770] [90mB[39m onCreateExternalArtifact
  args: ({"pluginId":"screenshot","artifactName":"navigation-test-screenshot","artifactPath":"/private/var/folders/r0/j9yltjr10ysg22c7l5sx938r0000gn/T/detox-19770-YNWqq7.detox.png"})
17:04:52.957 detox[19770] [90mi[39m starting FileArtifact
17:04:52.957 detox[19770] [90mi[39m stopping FileArtifact
17:04:52.957 detox[19770] [90mE[39m onCreateExternalArtifact
17:04:52.958 detox[19770] [90mE[39m takeScreenshot
17:04:52.958 detox[19770] [90mE[39m afterEach
17:04:52.958 detox[19770] [90mB[39m onTestDone
  args: ({"title":"should complete full navigation cycle","fullName":"Navigation Between Core Screens should complete full navigation cycle","status":"passed","invocations":1})
17:04:52.958 detox[19770] [90mi[39m stopping ADBLogcatRecording
17:04:52.958 detox[19770] [90mi[39m starting ADBScreencapRecording
17:04:52.958 detox[19770] [90mi[39m "/Users/ips-162/Library/Android/sdk/platform-tools/adb" -s ZD22227Q7K shell "screencap /sdcard/17354164_12.png"
17:04:52.959 detox[19770] [90mi[39m "/Users/ips-162/Library/Android/sdk/platform-tools/adb" -s ZD22227Q7K shell "date +\"%m-%d %T.000\""
17:04:53.050 detox[19770] [90mi[39m 12-17 17:05:56.000

17:04:53.052 detox[19770] [90mi[39m sending SIGINT to: /Users/ips-162/Library/Android/sdk/platform-tools/adb -s ZD22227Q7K shell logcat -T "12-17 17:05:49.000" --pid=23310 -f /sdcard/17354164_10.log
17:04:53.053 detox[19770] [90mi[39m /Users/ips-162/Library/Android/sdk/platform-tools/adb -s ZD22227Q7K shell "logcat -T \"12-17 17:05:49.000\" --pid=23310 -f /sdcard/17354164_10.log" terminated with SIGINT
17:04:53.053 detox[19770] [90mi[39m saving ADBLogcatRecording to: artifacts/android.att.debug.2025-12-17 11-33-52Z/✓ Navigation Between Core Screens should complete full navigation cycle/device.log
17:04:53.053 detox[19770] [90mi[39m "/Users/ips-162/Library/Android/sdk/platform-tools/adb" -s ZD22227Q7K pull "/sdcard/17354164_10.log" "artifacts/android.att.debug.2025-12-17 11-33-52Z/✓ Navigation Between Core Screens should complete full navigation cycle/device.log"
17:04:53.074 detox[19770] [90mi[39m /sdcard/17354164_10.log: 1 file pulled, 0 skipped. 3.8 MB/s (10948 bytes in 0.003s)

17:04:53.074 detox[19770] [90mi[39m "/Users/ips-162/Library/Android/sdk/platform-tools/adb" -s ZD22227Q7K shell "rm  \"/sdcard/17354164_10.log\""
17:04:53.164 detox[19770] [90mi[39m 
17:04:53.463 detox[19770] [90mi[39m 
17:04:53.463 detox[19770] [90mi[39m stopping ADBScreencapRecording
17:04:53.463 detox[19770] [90mE[39m onTestDone
17:04:53.463 detox[19770] [90mE[39m should complete full navigation cycle
17:04:53.463 detox[19770] [90mi[39m Navigation Between Core Screens: should complete full navigation cycle [OK]
17:04:53.465 detox[19770] [90mB[39m should maintain bottom tab visibility
17:04:53.465 detox[19770] [90mi[39m Navigation Between Core Screens: should maintain bottom tab visibility
17:04:53.466 detox[19770] [90mB[39m onTestStart
  args: ({"title":"should maintain bottom tab visibility","fullName":"Navigation Between Core Screens should maintain bottom tab visibility","status":"running","invocations":1})
17:04:53.466 detox[19770] [90mi[39m starting ADBLogcatRecording
17:04:53.468 detox[19770] [90mi[39m /Users/ips-162/Library/Android/sdk/platform-tools/adb -s ZD22227Q7K shell "logcat -T \"12-17 17:05:56.000\" --pid=23310 -f /sdcard/17354164_13.log"
17:04:53.469 detox[19770] [90mE[39m onTestStart
17:04:53.469 detox[19770] [90mB[39m beforeEach
17:04:53.469 detox[19770] [90mE[39m beforeEach
17:04:53.470 detox[19770] [90mB[39m test_fn
17:04:53.470 detox[19770] [90mi[39m  Testing tab bar persistence
17:04:53.479 detox[19770] [90mi[39m send message
  data: {"type":"invoke","params":{"target":{"type":"Class","value":"com.wix.detox.espresso.DetoxAssertion"},"method":"assertMatcher","args":[{"type":"Invocation","value":{"target":{"type":"Class","value":"androidx.test.espresso.Espresso"},"method":"onView","args":[{"type":"Invocation","value":{"target":{"type":"Class","value":"com.wix.detox.espresso.DetoxMatcher"},"method":"matcherForTestId","args":["home-tab",{"type":"boolean","value":false}]}}]}},{"type":"Invocation","value":{"target":{"type":"Class","value":"com.wix.detox.espresso.DetoxMatcher"},"method":"matcherForSufficientlyVisible","args":[{"type":"Integer","value":75}]}}]},"messageId":29}
17:04:53.479 detox[19770] [90mB[39m expect element to be visible
  data: {
    "target": {
      "type": "Class",
      "value": "com.wix.detox.espresso.DetoxAssertion"
    },
    "method": "assertMatcher",
    "args": [
      {
        "type": "Invocation",
        "value": {
          "target": {
            "type": "Class",
            "value": "androidx.test.espresso.Espresso"
          },
          "method": "onView",
          "args": [
            {
              "type": "Invocation",
              "value": {
                "target": {
                  "type": "Class",
                  "value": "com.wix.detox.espresso.DetoxMatcher"
                },
                "method": "matcherForTestId",
                "args": [
                  "home-tab",
                  {
                    "type": "boolean",
                    "value": false
                  }
                ]
              }
            }
          ]
        }
      },
      {
        "type": "Invocation",
        "value": {
          "target": {
            "type": "Class",
            "value": "com.wix.detox.espresso.DetoxMatcher"
          },
          "method": "matcherForSufficientlyVisible",
          "args": [
            {
              "type": "Integer",
              "value": 75
            }
          ]
        }
      }
    ]
  }
17:04:53.483 detox[19769] [90mi[39m get
  data: {"type":"invoke","params":{"target":{"type":"Class","value":"com.wix.detox.espresso.DetoxAssertion"},"method":"assertMatcher","args":[{"type":"Invocation","value":{"target":{"type":"Class","value":"androidx.test.espresso.Espresso"},"method":"onView","args":[{"type":"Invocation","value":{"target":{"type":"Class","value":"com.wix.detox.espresso.DetoxMatcher"},"method":"matcherForTestId","args":["home-tab",{"type":"boolean","value":false}]}}]}},{"type":"Invocation","value":{"target":{"type":"Class","value":"com.wix.detox.espresso.DetoxMatcher"},"method":"matcherForSufficientlyVisible","args":[{"type":"Integer","value":75}]}}]},"messageId":29}
17:04:53.484 detox[19769] [90mi[39m send
  data: {
    "type": "invoke",
    "params": {
      "target": {
        "type": "Class",
        "value": "com.wix.detox.espresso.DetoxAssertion"
      },
      "method": "assertMatcher",
      "args": [
        {
          "type": "Invocation",
          "value": {
            "target": {
              "type": "Class",
              "value": "androidx.test.espresso.Espresso"
            },
            "method": "onView",
            "args": [
              {
                "type": "Invocation",
                "value": {
                  "target": {
                    "type": "Class",
                    "value": "com.wix.detox.espresso.DetoxMatcher"
                  },
                  "method": "matcherForTestId",
                  "args": [
                    "home-tab",
                    {
                      "type": "boolean",
                      "value": false
                    }
                  ]
                }
              }
            ]
          }
        },
        {
          "type": "Invocation",
          "value": {
            "target": {
              "type": "Class",
              "value": "com.wix.detox.espresso.DetoxMatcher"
            },
            "method": "matcherForSufficientlyVisible",
            "args": [
              {
                "type": "Integer",
                "value": 75
              }
            ]
          }
        }
      ]
    },
    "messageId": 29
  }
17:04:53.484 detox[19770] [90mi[39m saving FileArtifact to: artifacts/android.att.debug.2025-12-17 11-33-52Z/✓ Navigation Between Core Screens should complete full navigation cycle/navigation-test-screenshot.png
17:04:53.486 detox[19770] [90mi[39m moving "/private/var/folders/r0/j9yltjr10ysg22c7l5sx938r0000gn/T/detox-19770-YNWqq7.detox.png" to artifacts/android.att.debug.2025-12-17 11-33-52Z/✓ Navigation Between Core Screens should complete full navigation cycle/navigation-test-screenshot.png
17:04:53.489 detox[19770] [90mi[39m saving ADBScreencapRecording to: artifacts/android.att.debug.2025-12-17 11-33-52Z/✓ Navigation Between Core Screens should complete full navigation cycle/testDone.png
17:04:53.489 detox[19770] [90mi[39m "/Users/ips-162/Library/Android/sdk/platform-tools/adb" -s ZD22227Q7K pull "/sdcard/17354164_12.png" "artifacts/android.att.debug.2025-12-17 11-33-52Z/✓ Navigation Between Core Screens should complete full navigation cycle/testDone.png"
17:04:53.550 detox[19769] [90mi[39m get
  data: {"messageId":29,"type":"invokeResult","params":{"result":null}}
17:04:53.550 detox[19769] [90mi[39m send
  data: {
    "messageId": 29,
    "type": "invokeResult",
    "params": {
      "result": null
    }
  }
17:04:53.551 detox[19770] [90mi[39m get message
  data: {"messageId":29,"type":"invokeResult","params":{"result":null}}
   
17:04:53.551 detox[19770] [90mE[39m expect element to be visible
17:04:53.551 detox[19770] [90mi[39m send message
  data: {"type":"invoke","params":{"target":{"type":"Class","value":"com.wix.detox.espresso.DetoxAssertion"},"method":"assertMatcher","args":[{"type":"Invocation","value":{"target":{"type":"Class","value":"androidx.test.espresso.Espresso"},"method":"onView","args":[{"type":"Invocation","value":{"target":{"type":"Class","value":"com.wix.detox.espresso.DetoxMatcher"},"method":"matcherForTestId","args":["details-tab",{"type":"boolean","value":false}]}}]}},{"type":"Invocation","value":{"target":{"type":"Class","value":"com.wix.detox.espresso.DetoxMatcher"},"method":"matcherForSufficientlyVisible","args":[{"type":"Integer","value":75}]}}]},"messageId":30}
17:04:53.552 detox[19770] [90mB[39m expect element to be visible
  data: {
    "target": {
      "type": "Class",
      "value": "com.wix.detox.espresso.DetoxAssertion"
    },
    "method": "assertMatcher",
    "args": [
      {
        "type": "Invocation",
        "value": {
          "target": {
            "type": "Class",
            "value": "androidx.test.espresso.Espresso"
          },
          "method": "onView",
          "args": [
            {
              "type": "Invocation",
              "value": {
                "target": {
                  "type": "Class",
                  "value": "com.wix.detox.espresso.DetoxMatcher"
                },
                "method": "matcherForTestId",
                "args": [
                  "details-tab",
                  {
                    "type": "boolean",
                    "value": false
                  }
                ]
              }
            }
          ]
        }
      },
      {
        "type": "Invocation",
        "value": {
          "target": {
            "type": "Class",
            "value": "com.wix.detox.espresso.DetoxMatcher"
          },
          "method": "matcherForSufficientlyVisible",
          "args": [
            {
              "type": "Integer",
              "value": 75
            }
          ]
        }
      }
    ]
  }
17:04:53.553 detox[19769] [90mi[39m get
  data: {"type":"invoke","params":{"target":{"type":"Class","value":"com.wix.detox.espresso.DetoxAssertion"},"method":"assertMatcher","args":[{"type":"Invocation","value":{"target":{"type":"Class","value":"androidx.test.espresso.Espresso"},"method":"onView","args":[{"type":"Invocation","value":{"target":{"type":"Class","value":"com.wix.detox.espresso.DetoxMatcher"},"method":"matcherForTestId","args":["details-tab",{"type":"boolean","value":false}]}}]}},{"type":"Invocation","value":{"target":{"type":"Class","value":"com.wix.detox.espresso.DetoxMatcher"},"method":"matcherForSufficientlyVisible","args":[{"type":"Integer","value":75}]}}]},"messageId":30}
17:04:53.554 detox[19769] [90mi[39m send
  data: {
    "type": "invoke",
    "params": {
      "target": {
        "type": "Class",
        "value": "com.wix.detox.espresso.DetoxAssertion"
      },
      "method": "assertMatcher",
      "args": [
        {
          "type": "Invocation",
          "value": {
            "target": {
              "type": "Class",
              "value": "androidx.test.espresso.Espresso"
            },
            "method": "onView",
            "args": [
              {
                "type": "Invocation",
                "value": {
                  "target": {
                    "type": "Class",
                    "value": "com.wix.detox.espresso.DetoxMatcher"
                  },
                  "method": "matcherForTestId",
                  "args": [
                    "details-tab",
                    {
                      "type": "boolean",
                      "value": false
                    }
                  ]
                }
              }
            ]
          }
        },
        {
          "type": "Invocation",
          "value": {
            "target": {
              "type": "Class",
              "value": "com.wix.detox.espresso.DetoxMatcher"
            },
            "method": "matcherForSufficientlyVisible",
            "args": [
              {
                "type": "Integer",
                "value": 75
              }
            ]
          }
        }
      ]
    },
    "messageId": 30
  }
17:04:53.567 detox[19770] [90mi[39m /sdcard/17354164_12.png: 1 file pulled, 0 skipped. 7.1 MB/s (55508 bytes in 0.007s)

17:04:53.567 detox[19770] [90mi[39m "/Users/ips-162/Library/Android/sdk/platform-tools/adb" -s ZD22227Q7K shell "rm  \"/sdcard/17354164_12.png\""
17:04:53.612 detox[19769] [90mi[39m get
  data: {"messageId":30,"type":"invokeResult","params":{"result":null}}
17:04:53.612 detox[19769] [90mi[39m send
  data: {
    "messageId": 30,
    "type": "invokeResult",
    "params": {
      "result": null
    }
  }
17:04:53.613 detox[19770] [90mi[39m get message
  data: {"messageId":30,"type":"invokeResult","params":{"result":null}}
   
17:04:53.613 detox[19770] [90mE[39m expect element to be visible
17:04:53.614 detox[19770] [90mi[39m send message
  data: {"type":"invoke","params":{"target":{"type":"Class","value":"com.wix.detox.espresso.DetoxAssertion"},"method":"assertMatcher","args":[{"type":"Invocation","value":{"target":{"type":"Class","value":"androidx.test.espresso.Espresso"},"method":"onView","args":[{"type":"Invocation","value":{"target":{"type":"Class","value":"com.wix.detox.espresso.DetoxMatcher"},"method":"matcherForTestId","args":["profile-tab",{"type":"boolean","value":false}]}}]}},{"type":"Invocation","value":{"target":{"type":"Class","value":"com.wix.detox.espresso.DetoxMatcher"},"method":"matcherForSufficientlyVisible","args":[{"type":"Integer","value":75}]}}]},"messageId":31}
17:04:53.616 detox[19769] [90mi[39m get
  data: {"type":"invoke","params":{"target":{"type":"Class","value":"com.wix.detox.espresso.DetoxAssertion"},"method":"assertMatcher","args":[{"type":"Invocation","value":{"target":{"type":"Class","value":"androidx.test.espresso.Espresso"},"method":"onView","args":[{"type":"Invocation","value":{"target":{"type":"Class","value":"com.wix.detox.espresso.DetoxMatcher"},"method":"matcherForTestId","args":["profile-tab",{"type":"boolean","value":false}]}}]}},{"type":"Invocation","value":{"target":{"type":"Class","value":"com.wix.detox.espresso.DetoxMatcher"},"method":"matcherForSufficientlyVisible","args":[{"type":"Integer","value":75}]}}]},"messageId":31}
17:04:53.616 detox[19769] [90mi[39m send
  data: {
    "type": "invoke",
    "params": {
      "target": {
        "type": "Class",
        "value": "com.wix.detox.espresso.DetoxAssertion"
      },
      "method": "assertMatcher",
      "args": [
        {
          "type": "Invocation",
          "value": {
            "target": {
              "type": "Class",
              "value": "androidx.test.espresso.Espresso"
            },
            "method": "onView",
            "args": [
              {
                "type": "Invocation",
                "value": {
                  "target": {
                    "type": "Class",
                    "value": "com.wix.detox.espresso.DetoxMatcher"
                  },
                  "method": "matcherForTestId",
                  "args": [
                    "profile-tab",
                    {
                      "type": "boolean",
                      "value": false
                    }
                  ]
                }
              }
            ]
          }
        },
        {
          "type": "Invocation",
          "value": {
            "target": {
              "type": "Class",
              "value": "com.wix.detox.espresso.DetoxMatcher"
            },
            "method": "matcherForSufficientlyVisible",
            "args": [
              {
                "type": "Integer",
                "value": 75
              }
            ]
          }
        }
      ]
    },
    "messageId": 31
  }
17:04:53.616 detox[19770] [90mB[39m expect element to be visible
  data: {
    "target": {
      "type": "Class",
      "value": "com.wix.detox.espresso.DetoxAssertion"
    },
    "method": "assertMatcher",
    "args": [
      {
        "type": "Invocation",
        "value": {
          "target": {
            "type": "Class",
            "value": "androidx.test.espresso.Espresso"
          },
          "method": "onView",
          "args": [
            {
              "type": "Invocation",
              "value": {
                "target": {
                  "type": "Class",
                  "value": "com.wix.detox.espresso.DetoxMatcher"
                },
                "method": "matcherForTestId",
                "args": [
                  "profile-tab",
                  {
                    "type": "boolean",
                    "value": false
                  }
                ]
              }
            }
          ]
        }
      },
      {
        "type": "Invocation",
        "value": {
          "target": {
            "type": "Class",
            "value": "com.wix.detox.espresso.DetoxMatcher"
          },
          "method": "matcherForSufficientlyVisible",
          "args": [
            {
              "type": "Integer",
              "value": 75
            }
          ]
        }
      }
    ]
  }
17:04:53.674 detox[19770] [90mi[39m 
17:04:53.708 detox[19769] [90mi[39m get
  data: {"messageId":31,"type":"invokeResult","params":{"result":null}}
17:04:53.708 detox[19769] [90mi[39m send
  data: {
    "messageId": 31,
    "type": "invokeResult",
    "params": {
      "result": null
    }
  }
17:04:53.708 detox[19770] [90mi[39m get message
  data: {"messageId":31,"type":"invokeResult","params":{"result":null}}
   
17:04:53.708 detox[19770] [90mE[39m expect element to be visible
17:04:53.708 detox[19770] [90mi[39m  All tabs visible on Home
17:04:53.709 detox[19769] [90mi[39m get
  data: {"type":"invoke","params":{"target":{"type":"Class","value":"com.wix.detox.espresso.EspressoDetox"},"method":"perform","args":[{"type":"Invocation","value":{"target":{"type":"Class","value":"com.wix.detox.espresso.DetoxMatcher"},"method":"matcherForTestId","args":["details-tab",{"type":"boolean","value":false}]}},{"type":"Invocation","value":{"target":{"type":"Class","value":"com.wix.detox.espresso.DetoxViewActions"},"method":"click","args":[]}}]},"messageId":32}
17:04:53.709 detox[19770] [90mi[39m send message
  data: {"type":"invoke","params":{"target":{"type":"Class","value":"com.wix.detox.espresso.EspressoDetox"},"method":"perform","args":[{"type":"Invocation","value":{"target":{"type":"Class","value":"com.wix.detox.espresso.DetoxMatcher"},"method":"matcherForTestId","args":["details-tab",{"type":"boolean","value":false}]}},{"type":"Invocation","value":{"target":{"type":"Class","value":"com.wix.detox.espresso.DetoxViewActions"},"method":"click","args":[]}}]},"messageId":32}
17:04:53.710 detox[19769] [90mi[39m send
  data: {
    "type": "invoke",
    "params": {
      "target": {
        "type": "Class",
        "value": "com.wix.detox.espresso.EspressoDetox"
      },
      "method": "perform",
      "args": [
        {
          "type": "Invocation",
          "value": {
            "target": {
              "type": "Class",
              "value": "com.wix.detox.espresso.DetoxMatcher"
            },
            "method": "matcherForTestId",
            "args": [
              "details-tab",
              {
                "type": "boolean",
                "value": false
              }
            ]
          }
        },
        {
          "type": "Invocation",
          "value": {
            "target": {
              "type": "Class",
              "value": "com.wix.detox.espresso.DetoxViewActions"
            },
            "method": "click",
            "args": []
          }
        }
      ]
    },
    "messageId": 32
  }
17:04:53.710 detox[19770] [90mB[39m tap
  data: {
    "target": {
      "type": "Class",
      "value": "com.wix.detox.espresso.EspressoDetox"
    },
    "method": "perform",
    "args": [
      {
        "type": "Invocation",
        "value": {
          "target": {
            "type": "Class",
            "value": "com.wix.detox.espresso.DetoxMatcher"
          },
          "method": "matcherForTestId",
          "args": [
            "details-tab",
            {
              "type": "boolean",
              "value": false
            }
          ]
        }
      },
      {
        "type": "Invocation",
        "value": {
          "target": {
            "type": "Class",
            "value": "com.wix.detox.espresso.DetoxViewActions"
          },
          "method": "click",
          "args": []
        }
      }
    ]
  }
17:04:53.770 detox[19770] [90mi[39m "/Users/ips-162/Library/Android/sdk/platform-tools/adb" -s ZD22227Q7K shell du /sdcard/17354164_13.log
17:04:53.861 detox[19770] [90mi[39m 0	/sdcard/17354164_13.log

17:04:54.459 detox[19769] [90mi[39m get
  data: {"messageId":32,"type":"invokeResult","params":{"result":null}}
17:04:54.460 detox[19769] [90mi[39m send
  data: {
    "messageId": 32,
    "type": "invokeResult",
    "params": {
      "result": null
    }
  }
17:04:54.460 detox[19770] [90mi[39m get message
  data: {"messageId":32,"type":"invokeResult","params":{"result":null}}
   
17:04:54.460 detox[19770] [90mE[39m tap
17:04:55.263 detox[19770] [90mi[39m send message
  data: {"type":"invoke","params":{"target":{"type":"Class","value":"com.wix.detox.espresso.DetoxAssertion"},"method":"assertMatcher","args":[{"type":"Invocation","value":{"target":{"type":"Class","value":"androidx.test.espresso.Espresso"},"method":"onView","args":[{"type":"Invocation","value":{"target":{"type":"Class","value":"com.wix.detox.espresso.DetoxMatcher"},"method":"matcherForTestId","args":["home-tab",{"type":"boolean","value":false}]}}]}},{"type":"Invocation","value":{"target":{"type":"Class","value":"com.wix.detox.espresso.DetoxMatcher"},"method":"matcherForSufficientlyVisible","args":[{"type":"Integer","value":75}]}}]},"messageId":33}
17:04:55.264 detox[19770] [90mB[39m expect element to be visible
  data: {
    "target": {
      "type": "Class",
      "value": "com.wix.detox.espresso.DetoxAssertion"
    },
    "method": "assertMatcher",
    "args": [
      {
        "type": "Invocation",
        "value": {
          "target": {
            "type": "Class",
            "value": "androidx.test.espresso.Espresso"
          },
          "method": "onView",
          "args": [
            {
              "type": "Invocation",
              "value": {
                "target": {
                  "type": "Class",
                  "value": "com.wix.detox.espresso.DetoxMatcher"
                },
                "method": "matcherForTestId",
                "args": [
                  "home-tab",
                  {
                    "type": "boolean",
                    "value": false
                  }
                ]
              }
            }
          ]
        }
      },
      {
        "type": "Invocation",
        "value": {
          "target": {
            "type": "Class",
            "value": "com.wix.detox.espresso.DetoxMatcher"
          },
          "method": "matcherForSufficientlyVisible",
          "args": [
            {
              "type": "Integer",
              "value": 75
            }
          ]
        }
      }
    ]
  }
17:04:55.279 detox[19769] [90mi[39m get
  data: {"type":"invoke","params":{"target":{"type":"Class","value":"com.wix.detox.espresso.DetoxAssertion"},"method":"assertMatcher","args":[{"type":"Invocation","value":{"target":{"type":"Class","value":"androidx.test.espresso.Espresso"},"method":"onView","args":[{"type":"Invocation","value":{"target":{"type":"Class","value":"com.wix.detox.espresso.DetoxMatcher"},"method":"matcherForTestId","args":["home-tab",{"type":"boolean","value":false}]}}]}},{"type":"Invocation","value":{"target":{"type":"Class","value":"com.wix.detox.espresso.DetoxMatcher"},"method":"matcherForSufficientlyVisible","args":[{"type":"Integer","value":75}]}}]},"messageId":33}
17:04:55.279 detox[19769] [90mi[39m send
  data: {
    "type": "invoke",
    "params": {
      "target": {
        "type": "Class",
        "value": "com.wix.detox.espresso.DetoxAssertion"
      },
      "method": "assertMatcher",
      "args": [
        {
          "type": "Invocation",
          "value": {
            "target": {
              "type": "Class",
              "value": "androidx.test.espresso.Espresso"
            },
            "method": "onView",
            "args": [
              {
                "type": "Invocation",
                "value": {
                  "target": {
                    "type": "Class",
                    "value": "com.wix.detox.espresso.DetoxMatcher"
                  },
                  "method": "matcherForTestId",
                  "args": [
                    "home-tab",
                    {
                      "type": "boolean",
                      "value": false
                    }
                  ]
                }
              }
            ]
          }
        },
        {
          "type": "Invocation",
          "value": {
            "target": {
              "type": "Class",
              "value": "com.wix.detox.espresso.DetoxMatcher"
            },
            "method": "matcherForSufficientlyVisible",
            "args": [
              {
                "type": "Integer",
                "value": 75
              }
            ]
          }
        }
      ]
    },
    "messageId": 33
  }
17:04:55.380 detox[19769] [90mi[39m get
  data: {"messageId":33,"type":"invokeResult","params":{"result":null}}
17:04:55.381 detox[19769] [90mi[39m send
  data: {
    "messageId": 33,
    "type": "invokeResult",
    "params": {
      "result": null
    }
  }
17:04:55.381 detox[19770] [90mi[39m get message
  data: {"messageId":33,"type":"invokeResult","params":{"result":null}}
   
17:04:55.381 detox[19770] [90mE[39m expect element to be visible
17:04:55.382 detox[19769] [90mi[39m get
  data: {"type":"invoke","params":{"target":{"type":"Class","value":"com.wix.detox.espresso.DetoxAssertion"},"method":"assertMatcher","args":[{"type":"Invocation","value":{"target":{"type":"Class","value":"androidx.test.espresso.Espresso"},"method":"onView","args":[{"type":"Invocation","value":{"target":{"type":"Class","value":"com.wix.detox.espresso.DetoxMatcher"},"method":"matcherForTestId","args":["details-tab",{"type":"boolean","value":false}]}}]}},{"type":"Invocation","value":{"target":{"type":"Class","value":"com.wix.detox.espresso.DetoxMatcher"},"method":"matcherForSufficientlyVisible","args":[{"type":"Integer","value":75}]}}]},"messageId":34}
17:04:55.382 detox[19769] [90mi[39m send
  data: {
    "type": "invoke",
    "params": {
      "target": {
        "type": "Class",
        "value": "com.wix.detox.espresso.DetoxAssertion"
      },
      "method": "assertMatcher",
      "args": [
        {
          "type": "Invocation",
          "value": {
            "target": {
              "type": "Class",
              "value": "androidx.test.espresso.Espresso"
            },
            "method": "onView",
            "args": [
              {
                "type": "Invocation",
                "value": {
                  "target": {
                    "type": "Class",
                    "value": "com.wix.detox.espresso.DetoxMatcher"
                  },
                  "method": "matcherForTestId",
                  "args": [
                    "details-tab",
                    {
                      "type": "boolean",
                      "value": false
                    }
                  ]
                }
              }
            ]
          }
        },
        {
          "type": "Invocation",
          "value": {
            "target": {
              "type": "Class",
              "value": "com.wix.detox.espresso.DetoxMatcher"
            },
            "method": "matcherForSufficientlyVisible",
            "args": [
              {
                "type": "Integer",
                "value": 75
              }
            ]
          }
        }
      ]
    },
    "messageId": 34
  }
17:04:55.382 detox[19770] [90mi[39m send message
  data: {"type":"invoke","params":{"target":{"type":"Class","value":"com.wix.detox.espresso.DetoxAssertion"},"method":"assertMatcher","args":[{"type":"Invocation","value":{"target":{"type":"Class","value":"androidx.test.espresso.Espresso"},"method":"onView","args":[{"type":"Invocation","value":{"target":{"type":"Class","value":"com.wix.detox.espresso.DetoxMatcher"},"method":"matcherForTestId","args":["details-tab",{"type":"boolean","value":false}]}}]}},{"type":"Invocation","value":{"target":{"type":"Class","value":"com.wix.detox.espresso.DetoxMatcher"},"method":"matcherForSufficientlyVisible","args":[{"type":"Integer","value":75}]}}]},"messageId":34}
17:04:55.383 detox[19770] [90mB[39m expect element to be visible
  data: {
    "target": {
      "type": "Class",
      "value": "com.wix.detox.espresso.DetoxAssertion"
    },
    "method": "assertMatcher",
    "args": [
      {
        "type": "Invocation",
        "value": {
          "target": {
            "type": "Class",
            "value": "androidx.test.espresso.Espresso"
          },
          "method": "onView",
          "args": [
            {
              "type": "Invocation",
              "value": {
                "target": {
                  "type": "Class",
                  "value": "com.wix.detox.espresso.DetoxMatcher"
                },
                "method": "matcherForTestId",
                "args": [
                  "details-tab",
                  {
                    "type": "boolean",
                    "value": false
                  }
                ]
              }
            }
          ]
        }
      },
      {
        "type": "Invocation",
        "value": {
          "target": {
            "type": "Class",
            "value": "com.wix.detox.espresso.DetoxMatcher"
          },
          "method": "matcherForSufficientlyVisible",
          "args": [
            {
              "type": "Integer",
              "value": 75
            }
          ]
        }
      }
    ]
  }
17:04:55.851 detox[19769] [90mi[39m get
  data: {"messageId":34,"type":"invokeResult","params":{"result":null}}
17:04:55.851 detox[19769] [90mi[39m send
  data: {
    "messageId": 34,
    "type": "invokeResult",
    "params": {
      "result": null
    }
  }
17:04:55.858 detox[19770] [90mi[39m get message
  data: {"messageId":34,"type":"invokeResult","params":{"result":null}}
   
17:04:55.858 detox[19770] [90mE[39m expect element to be visible
17:04:55.858 detox[19770] [90mi[39m send message
  data: {"type":"invoke","params":{"target":{"type":"Class","value":"com.wix.detox.espresso.DetoxAssertion"},"method":"assertMatcher","args":[{"type":"Invocation","value":{"target":{"type":"Class","value":"androidx.test.espresso.Espresso"},"method":"onView","args":[{"type":"Invocation","value":{"target":{"type":"Class","value":"com.wix.detox.espresso.DetoxMatcher"},"method":"matcherForTestId","args":["profile-tab",{"type":"boolean","value":false}]}}]}},{"type":"Invocation","value":{"target":{"type":"Class","value":"com.wix.detox.espresso.DetoxMatcher"},"method":"matcherForSufficientlyVisible","args":[{"type":"Integer","value":75}]}}]},"messageId":35}
17:04:55.859 detox[19770] [90mB[39m expect element to be visible
  data: {
    "target": {
      "type": "Class",
      "value": "com.wix.detox.espresso.DetoxAssertion"
    },
    "method": "assertMatcher",
    "args": [
      {
        "type": "Invocation",
        "value": {
          "target": {
            "type": "Class",
            "value": "androidx.test.espresso.Espresso"
          },
          "method": "onView",
          "args": [
            {
              "type": "Invocation",
              "value": {
                "target": {
                  "type": "Class",
                  "value": "com.wix.detox.espresso.DetoxMatcher"
                },
                "method": "matcherForTestId",
                "args": [
                  "profile-tab",
                  {
                    "type": "boolean",
                    "value": false
                  }
                ]
              }
            }
          ]
        }
      },
      {
        "type": "Invocation",
        "value": {
          "target": {
            "type": "Class",
            "value": "com.wix.detox.espresso.DetoxMatcher"
          },
          "method": "matcherForSufficientlyVisible",
          "args": [
            {
              "type": "Integer",
              "value": 75
            }
          ]
        }
      }
    ]
  }
17:04:55.860 detox[19769] [90mi[39m get
  data: {"type":"invoke","params":{"target":{"type":"Class","value":"com.wix.detox.espresso.DetoxAssertion"},"method":"assertMatcher","args":[{"type":"Invocation","value":{"target":{"type":"Class","value":"androidx.test.espresso.Espresso"},"method":"onView","args":[{"type":"Invocation","value":{"target":{"type":"Class","value":"com.wix.detox.espresso.DetoxMatcher"},"method":"matcherForTestId","args":["profile-tab",{"type":"boolean","value":false}]}}]}},{"type":"Invocation","value":{"target":{"type":"Class","value":"com.wix.detox.espresso.DetoxMatcher"},"method":"matcherForSufficientlyVisible","args":[{"type":"Integer","value":75}]}}]},"messageId":35}
17:04:55.860 detox[19769] [90mi[39m send
  data: {
    "type": "invoke",
    "params": {
      "target": {
        "type": "Class",
        "value": "com.wix.detox.espresso.DetoxAssertion"
      },
      "method": "assertMatcher",
      "args": [
        {
          "type": "Invocation",
          "value": {
            "target": {
              "type": "Class",
              "value": "androidx.test.espresso.Espresso"
            },
            "method": "onView",
            "args": [
              {
                "type": "Invocation",
                "value": {
                  "target": {
                    "type": "Class",
                    "value": "com.wix.detox.espresso.DetoxMatcher"
                  },
                  "method": "matcherForTestId",
                  "args": [
                    "profile-tab",
                    {
                      "type": "boolean",
                      "value": false
                    }
                  ]
                }
              }
            ]
          }
        },
        {
          "type": "Invocation",
          "value": {
            "target": {
              "type": "Class",
              "value": "com.wix.detox.espresso.DetoxMatcher"
            },
            "method": "matcherForSufficientlyVisible",
            "args": [
              {
                "type": "Integer",
                "value": 75
              }
            ]
          }
        }
      ]
    },
    "messageId": 35
  }
17:04:55.930 detox[19769] [90mi[39m get
  data: {"messageId":35,"type":"invokeResult","params":{"result":null}}
17:04:55.930 detox[19769] [90mi[39m send
  data: {
    "messageId": 35,
    "type": "invokeResult",
    "params": {
      "result": null
    }
  }
17:04:55.930 detox[19770] [90mi[39m get message
  data: {"messageId":35,"type":"invokeResult","params":{"result":null}}
   
17:04:55.930 detox[19770] [90mE[39m expect element to be visible
17:04:55.931 detox[19770] [90mi[39m  All tabs still visible on Details
17:04:55.931 detox[19770] [90mi[39m  Tab visibility test complete!
17:04:55.931 detox[19770] [90mE[39m test_fn
17:04:55.932 detox[19770] [90mB[39m afterEach
17:04:55.932 detox[19770] [90mB[39m takeScreenshot
  args: ("navigation-test-screenshot")
17:04:55.932 detox[19770] [90mi[39m "/Users/ips-162/Library/Android/sdk/platform-tools/adb" -s ZD22227Q7K shell "screencap /sdcard/17354164_14.png"
17:04:56.484 detox[19770] [90mi[39m 
17:04:56.484 detox[19770] [90mi[39m "/Users/ips-162/Library/Android/sdk/platform-tools/adb" -s ZD22227Q7K pull "/sdcard/17354164_14.png" "/private/var/folders/r0/j9yltjr10ysg22c7l5sx938r0000gn/T/detox-19770-ATM1B3.detox.png"
17:04:56.509 detox[19770] [90mi[39m /sdcard/17354164_14.png: 1 file pulled, 0 skipped. 11.5 MB/s (53068 bytes in 0.004s)

17:04:56.510 detox[19770] [90mi[39m "/Users/ips-162/Library/Android/sdk/platform-tools/adb" -s ZD22227Q7K shell "rm  \"/sdcard/17354164_14.png\""
17:04:56.628 detox[19770] [90mi[39m 
17:04:56.628 detox[19770] [90mB[39m onCreateExternalArtifact
  args: ({"pluginId":"screenshot","artifactName":"navigation-test-screenshot","artifactPath":"/private/var/folders/r0/j9yltjr10ysg22c7l5sx938r0000gn/T/detox-19770-ATM1B3.detox.png"})
17:04:56.629 detox[19770] [90mi[39m starting FileArtifact
17:04:56.629 detox[19770] [90mi[39m stopping FileArtifact
17:04:56.629 detox[19770] [90mE[39m onCreateExternalArtifact
17:04:56.629 detox[19770] [90mE[39m takeScreenshot
17:04:56.629 detox[19770] [90mE[39m afterEach
17:04:56.629 detox[19770] [90mB[39m onTestDone
  args: ({"title":"should maintain bottom tab visibility","fullName":"Navigation Between Core Screens should maintain bottom tab visibility","status":"passed","invocations":1})
17:04:56.629 detox[19770] [90mi[39m stopping ADBLogcatRecording
17:04:56.629 detox[19770] [90mi[39m starting ADBScreencapRecording
17:04:56.629 detox[19770] [90mi[39m "/Users/ips-162/Library/Android/sdk/platform-tools/adb" -s ZD22227Q7K shell "screencap /sdcard/17354164_15.png"
17:04:56.630 detox[19770] [90mi[39m "/Users/ips-162/Library/Android/sdk/platform-tools/adb" -s ZD22227Q7K shell "date +\"%m-%d %T.000\""
17:04:56.736 detox[19770] [90mi[39m 12-17 17:06:00.000

17:04:56.739 detox[19770] [90mi[39m sending SIGINT to: /Users/ips-162/Library/Android/sdk/platform-tools/adb -s ZD22227Q7K shell logcat -T "12-17 17:05:56.000" --pid=23310 -f /sdcard/17354164_13.log
17:04:56.740 detox[19770] [90mi[39m /Users/ips-162/Library/Android/sdk/platform-tools/adb -s ZD22227Q7K shell "logcat -T \"12-17 17:05:56.000\" --pid=23310 -f /sdcard/17354164_13.log" terminated with SIGINT
17:04:56.743 detox[19770] [90mi[39m saving ADBLogcatRecording to: artifacts/android.att.debug.2025-12-17 11-33-52Z/✓ Navigation Between Core Screens should maintain bottom tab visibility/device.log
17:04:56.743 detox[19770] [90mi[39m "/Users/ips-162/Library/Android/sdk/platform-tools/adb" -s ZD22227Q7K pull "/sdcard/17354164_13.log" "artifacts/android.att.debug.2025-12-17 11-33-52Z/✓ Navigation Between Core Screens should maintain bottom tab visibility/device.log"
17:04:56.796 detox[19770] [90mi[39m /sdcard/17354164_13.log: 1 file pulled, 0 skipped. 2.6 MB/s (15135 bytes in 0.005s)

17:04:56.796 detox[19770] [90mi[39m "/Users/ips-162/Library/Android/sdk/platform-tools/adb" -s ZD22227Q7K shell "rm  \"/sdcard/17354164_13.log\""
17:04:56.865 detox[19770] [90mi[39m 
17:04:57.196 detox[19770] [90mi[39m 
17:04:57.196 detox[19770] [90mi[39m stopping ADBScreencapRecording
17:04:57.196 detox[19770] [90mE[39m onTestDone
17:04:57.196 detox[19770] [90mE[39m should maintain bottom tab visibility
17:04:57.197 detox[19770] [90mi[39m Navigation Between Core Screens: should maintain bottom tab visibility [OK]
17:04:57.197 detox[19770] [90mB[39m onRunDescribeFinish
  args: ({"name":"Navigation Between Core Screens"})
17:04:57.198 detox[19770] [90mE[39m onRunDescribeFinish
17:04:57.198 detox[19770] [90mE[39m Navigation Between Core Screens
17:04:57.198 detox[19770] [90mB[39m afterAll
17:04:57.198 detox[19770] [90mi[39m 🏁 Test suite completed
17:04:57.199 detox[19770] [90mE[39m afterAll
17:04:57.199 detox[19770] [90mB[39m onRunDescribeFinish
  args: ({"name":"ROOT_DESCRIBE_BLOCK"})
17:04:57.199 detox[19770] [90mE[39m onRunDescribeFinish
17:04:57.199 detox[19770] [90mE[39m run the tests
17:04:57.202 detox[19770] [90mB[39m tear down environment
17:04:57.203 detox[19770] [90mB[39m onBeforeCleanup
  args: ()
17:04:57.204 detox[19770] [90mi[39m saving FileArtifact to: artifacts/android.att.debug.2025-12-17 11-33-52Z/✓ Navigation Between Core Screens should maintain bottom tab visibility/navigation-test-screenshot.png
17:04:57.204 detox[19770] [90mi[39m moving "/private/var/folders/r0/j9yltjr10ysg22c7l5sx938r0000gn/T/detox-19770-ATM1B3.detox.png" to artifacts/android.att.debug.2025-12-17 11-33-52Z/✓ Navigation Between Core Screens should maintain bottom tab visibility/navigation-test-screenshot.png
17:04:57.206 detox[19770] [90mi[39m saving ADBScreencapRecording to: artifacts/android.att.debug.2025-12-17 11-33-52Z/✓ Navigation Between Core Screens should maintain bottom tab visibility/testDone.png
17:04:57.206 detox[19770] [90mi[39m "/Users/ips-162/Library/Android/sdk/platform-tools/adb" -s ZD22227Q7K pull "/sdcard/17354164_15.png" "artifacts/android.att.debug.2025-12-17 11-33-52Z/✓ Navigation Between Core Screens should maintain bottom tab visibility/testDone.png"
17:04:57.254 detox[19770] [90mi[39m /sdcard/17354164_15.png: 1 file pulled, 0 skipped. 5.2 MB/s (53648 bytes in 0.010s)

17:04:57.255 detox[19770] [90mi[39m "/Users/ips-162/Library/Android/sdk/platform-tools/adb" -s ZD22227Q7K shell "rm  \"/sdcard/17354164_15.png\""
17:04:57.366 detox[19770] [90mi[39m 
17:04:57.366 detox[19770] [90mi[39m saving FileArtifact to: artifacts/android.att.debug.2025-12-17 11-33-52Z/detox_pid_19770.json.log { append: true }
17:04:57.367 detox[19770] [90mi[39m saving FileArtifact to: artifacts/android.att.debug.2025-12-17 11-33-52Z/detox_pid_19770.log { append: true }
17:04:57.367 detox[19770] [90mE[39m onBeforeCleanup
17:04:57.369 detox[19769] [90mi[39m get
  data: {"type":"cleanup","params":{"stopRunner":true},"messageId":-49642}
17:04:57.369 detox[19769] [90mi[39m send
  data: {
    "type": "cleanup",
    "params": {
      "stopRunner": true
    },
    "messageId": -49642
  }
17:04:57.369 detox[19770] [90mi[39m send message
  data: {"type":"cleanup","params":{"stopRunner":true},"messageId":-49642}
17:04:57.377 detox[19769] [90mi[39m get
  data: {"messageId":-49642,"type":"cleanupDone","params":{}}
17:04:57.377 detox[19769] [90mi[39m send
  data: {
    "messageId": -49642,
    "type": "cleanupDone",
    "params": {}
  }
17:04:57.378 detox[19770] [90mi[39m get message
  data: {"messageId":-49642,"type":"cleanupDone","params":{}}
   
17:04:57.381 detox[19769] [90mi[39m app exited session 630ba2ff-201e-10ac-e5dc-f781c69aa4e2
17:04:57.381 detox[19769] [90mi[39m send
  data: {
    "type": "appDisconnected"
  }
17:04:57.381 detox[19769] [90mE[39m connection :56729<->:56980
17:04:57.382 detox[19769] [90mi[39m tester exited session 630ba2ff-201e-10ac-e5dc-f781c69aa4e2
17:04:57.382 detox[19769] [90mE[39m connection :56729<->:56754
17:04:57.384 detox[19770] [90mi[39m sending SIGINT to: /Users/ips-162/Library/Android/sdk/platform-tools/adb -s ZD22227Q7K shell am instrument -w -r -e detoxServer ws://localhost:56729 -e detoxSessionId 630ba2ff-201e-10ac-e5dc-f781c69aa4e2 -e debug false com.detoxtest.test/androidx.test.runner.AndroidJUnitRunner
17:04:57.388 detox[19770] [90mi[39m /Users/ips-162/Library/Android/sdk/platform-tools/adb -s ZD22227Q7K shell am instrument -w -r -e detoxServer ws://localhost:56729 -e detoxSessionId 630ba2ff-201e-10ac-e5dc-f781c69aa4e2 -e debug false com.detoxtest.test/androidx.test.runner.AndroidJUnitRunner terminated with SIGINT
17:04:57.389 detox[19770] [90mi[39m "/Users/ips-162/Library/Android/sdk/platform-tools/adb" -s ZD22227Q7K reverse --remove tcp:56729
17:04:57.391 detox[19769] [90mi[39m received event of :  deallocateDevice { deviceCookie: { id: 'ZD22227Q7K', adbName: 'ZD22227Q7K' } }
17:04:57.391 detox[19770] [90mi[39m dispatching event to  primary-19769 /tmp/detox.primary-19769  :  deallocateDevice , { deviceCookie: { id: 'ZD22227Q7K', adbName: 'ZD22227Q7K' } }
17:04:57.392 detox[19769] [90mB[39m free: ZD22227Q7K
  data: {}
17:04:57.395 detox[19769] [90mE[39m free: ZD22227Q7K
17:04:57.395 detox[19769] [90mi[39m dispatching event to socket  :  deallocateDeviceDone {}
17:04:57.396 detox[19770] [90mi[39m ## received events ##
17:04:57.396 detox[19770] [90mi[39m detected event deallocateDeviceDone {}
17:04:57.396 detox[19770] [90mE[39m tear down environment
17:04:57.396 detox[19770] [90mE[39m e2e/navigation.e2e.js
17:04:57.408 detox[19769] [90mi[39m received event of :  reportTestResults {
  testResults: [
    {
      success: true,
      testFilePath: '/Users/ips-162/Documents/RearchTopics/DetoxTest/e2e/navigation.e2e.js',
      isPermanentFailure: false
    }
  ]
}
17:04:57.408 detox[19770] [90mi[39m dispatching event to  primary-19769 /tmp/detox.primary-19769  :  reportTestResults , {
  testResults: [
    {
      success: true,
      testFilePath: '/Users/ips-162/Documents/RearchTopics/DetoxTest/e2e/navigation.e2e.js',
      testExecError: undefined,
      isPermanentFailure: false
    }
  ]
}
17:04:57.409 detox[19769] [90mi[39m dispatching event to socket  :  reportTestResultsDone {
  testResults: [
    {
      success: true,
      testFilePath: '/Users/ips-162/Documents/RearchTopics/DetoxTest/e2e/navigation.e2e.js',
      isPermanentFailure: false
    }
  ]
}
17:04:57.409 detox[19769] [90mi[39m broadcasting event to all known sockets listening to  /tmp/detox.primary-19769  :   sessionStateUpdate {
  testResults: [
    {
      success: true,
      testFilePath: '/Users/ips-162/Documents/RearchTopics/DetoxTest/e2e/navigation.e2e.js',
      isPermanentFailure: false
    }
  ]
}
17:04:57.410 detox[19770] [90mi[39m ## received events ##
17:04:57.411 detox[19770] [90mi[39m detected event reportTestResultsDone {
  testResults: [
    {
      success: true,
      testFilePath: '/Users/ips-162/Documents/RearchTopics/DetoxTest/e2e/navigation.e2e.js',
      isPermanentFailure: false
    }
  ]
}
17:04:57.412 detox[19770] [90mi[39m detected event sessionStateUpdate {
  testResults: [
    {
      success: true,
      testFilePath: '/Users/ips-162/Documents/RearchTopics/DetoxTest/e2e/navigation.e2e.js',
      isPermanentFailure: false
    }
  ]
}
17:04:57.418 detox[19769] [90mi[39m socket disconnected secondary-19770
17:04:57.419 detox[19770] [90mi[39m connection closed primary-19769 /tmp/detox.primary-19769 0 tries remaining of 0
17:04:57.419 detox[19770] [90mi[39m secondary-19770 exceeded connection rety amount of  or stopRetrying flag set.
17:04:57.422 detox[19770] [90mi[39m 
17:04:57.518 detox[19769] [90mE[39m jest --config e2e/jest.config.js e2e/navigation.e2e.js
17:04:57.518 detox[19769] [90mB[39m cleanup
  args: ()
17:04:57.518 detox[19769] [90mE[39m cleanup
17:04:57.519 detox[19769] [90mi[39m Detox server has been closed gracefully
17:04:57.521 detox[19769] [90mE[39m node_modules/.bin/detox test --configuration android.att.debug e2e/navigation.e2e.js
