15:32:56.513 detox[24599] [90mB[39m node_modules/.bin/detox test --configuration android.emu.debug e2e/navigation.e2e.js
  data: {
    "id": "209b85e7-a532-c603-5a06-fc6d405359fb",
    "detoxConfig": {
      "configurationName": "android.emu.debug",
      "apps": {
        "default": {
          "type": "android.apk",
          "binaryPath": "android/app/build/outputs/apk/debug/app-debug.apk",
          "build": "cd android && ./gradlew assembleDebug assembleAndroidTest -DtestBuildType=debug",
          "reversePorts": [
            8081
          ]
        }
      },
      "artifacts": {
        "rootDir": "artifacts/android.emu.debug.2025-12-16 10-02-56Z",
        "plugins": {
          "log": {
            "enabled": true,
            "keepOnlyFailedTestsArtifacts": false
          },
          "screenshot": {
            "enabled": true,
            "shouldTakeAutomaticSnapshots": true,
            "keepOnlyFailedTestsArtifacts": false,
            "takeWhen": {
              "testStart": false,
              "testDone": true,
              "testFailure": true
            }
          },
          "video": {
            "enabled": false,
            "keepOnlyFailedTestsArtifacts": false
          },
          "instruments": {
            "enabled": false,
            "keepOnlyFailedTestsArtifacts": false
          },
          "uiHierarchy": {
            "enabled": true,
            "keepOnlyFailedTestsArtifacts": false
          }
        }
      },
      "behavior": {
        "init": {
          "keepLockFile": false,
          "reinstallApp": true,
          "exposeGlobals": true
        },
        "cleanup": {
          "shutdownDevice": false
        },
        "launchApp": "auto"
      },
      "cli": {
        "configuration": "android.emu.debug",
        "start": true
      },
      "commands": [
        {
          "appName": "default",
          "build": "cd android && ./gradlew assembleDebug assembleAndroidTest -DtestBuildType=debug"
        }
      ],
      "device": {
        "type": "android.emulator",
        "device": {
          "avdName": "Pixel_6_API_30"
        }
      },
      "logger": {
        "level": "info",
        "overrideConsole": true,
        "options": {
          "showLoggerName": true,
          "showPid": true,
          "showLevel": false,
          "showMetadata": false,
          "basepath": "/Users/ips-162/Documents/RearchTopics/DetoxTest/node_modules/detox/src",
          "prefixers": {},
          "stringifiers": {}
        }
      },
      "testRunner": {
        "retries": 0,
        "forwardEnv": false,
        "detached": false,
        "bail": false,
        "noRetryArgs": [
          "shard"
        ],
        "jest": {
          "setupTimeout": 120000,
          "teardownTimeout": 30000,
          "retryAfterCircusRetries": false,
          "reportWorkerAssign": true
        },
        "args": {
          "$0": "jest",
          "_": [
            "e2e/navigation.e2e.js"
          ],
          "config": "e2e/jest.config.js",
          "--": []
        }
      },
      "session": {
        "autoStart": true,
        "debugSynchronization": 10000
      }
    },
    "detoxIPCServer": "primary-24599",
    "testResults": [],
    "testSessionIndex": 0,
    "workersCount": 0
  }
15:32:56.525 detox[24599] [90mi[39m Server path not specified, so defaulting to ipc.config.socketRoot + ipc.config.appspace + ipc.config.id /tmp/detox.primary-24599
15:32:56.533 detox[24599] [90mi[39m starting server on  /tmp/detox.primary-24599 
15:32:56.533 detox[24599] [90mi[39m starting TLS server false
15:32:56.533 detox[24599] [90mi[39m starting server as Unix || Windows Socket
15:32:56.536 detox[24599] [90mi[39m Detox server listening on localhost:57243...
15:32:56.548 detox[24599] [90mi[39m Serialized the session state at: /private/var/folders/r0/j9yltjr10ysg22c7l5sx938r0000gn/T/209b85e7-a532-c603-5a06-fc6d405359fb.detox.json
15:32:56.550 detox[24599] [90mB[39m jest --config e2e/jest.config.js e2e/navigation.e2e.js
15:32:58.237 detox[24600] [90mi[39m Service path not specified, so defaulting to ipc.config.socketRoot + ipc.config.appspace + id 
15:32:58.245 detox[24600] [90mi[39m requested connection to  primary-24599 /tmp/detox.primary-24599
15:32:58.245 detox[24600] [90mi[39m Connecting client on Unix Socket : /tmp/detox.primary-24599
15:32:58.254 detox[24599] [90mi[39m ## socket connection to server detected ##
15:32:58.254 detox[24600] [90mi[39m retrying reset
15:32:58.255 detox[24600] [90mi[39m dispatching event to  primary-24599 /tmp/detox.primary-24599  :  registerContext , { id: 'secondary-24600' }
15:32:58.263 detox[24599] [90mi[39m received event of :  registerContext { id: 'secondary-24600' }
15:32:58.264 detox[24599] [90mi[39m dispatching event to socket  :  registerContextDone {
  testResults: [],
  testSessionIndex: 0,
  unsafe_earlyTeardown: undefined
}
15:32:58.265 detox[24600] [90mi[39m ## received events ##
15:32:58.265 detox[24600] [90mi[39m detected event registerContextDone { testResults: [], testSessionIndex: 0 }
15:32:58.628 detox[24600] [90mB[39m e2e/navigation.e2e.js
15:32:59.104 detox[24600] [90mB[39m set up environment
15:32:59.106 detox[24600] [90mi[39m dispatching event to  primary-24599 /tmp/detox.primary-24599  :  registerWorker , { workerId: 'w1' }
15:32:59.108 detox[24599] [90mi[39m received event of :  registerWorker { workerId: 'w1' }
15:32:59.108 detox[24599] [90mi[39m dispatching event to socket  :  registerWorkerDone { workersCount: 1 }
15:32:59.108 detox[24599] [90mi[39m broadcasting event to all known sockets listening to  /tmp/detox.primary-24599  :   sessionStateUpdate { workersCount: 1 }
15:32:59.109 detox[24600] [90mi[39m ## received events ##
15:32:59.109 detox[24600] [90mi[39m detected event registerWorkerDone { workersCount: 1 }
15:32:59.110 detox[24600] [90mi[39m detected event sessionStateUpdate { workersCount: 1 }
15:32:59.614 detox[24599] [90mB[39m connection :57243<->:57283
15:32:59.617 detox[24600] [90mi[39m opened web socket to: ws://localhost:57243
15:32:59.620 detox[24600] [90mi[39m send message
  data: {"type":"login","params":{"sessionId":"d790d137-56ab-cd14-0641-c06c1f255149","role":"tester"},"messageId":0}
15:32:59.626 detox[24599] [90mi[39m get
  data: {"type":"login","params":{"sessionId":"d790d137-56ab-cd14-0641-c06c1f255149","role":"tester"},"messageId":0}
15:32:59.626 detox[24599] [90mi[39m created session d790d137-56ab-cd14-0641-c06c1f255149
15:32:59.626 detox[24599] [90mi[39m send
  data: {
    "type": "loginSuccess",
    "params": {
      "testerConnected": true,
      "appConnected": false
    },
    "messageId": 0
  }
15:32:59.627 detox[24599] [90mi[39m tester joined session d790d137-56ab-cd14-0641-c06c1f255149
15:32:59.629 detox[24600] [90mi[39m get message
  data: {"type":"loginSuccess","params":{"testerConnected":true,"appConnected":false},"messageId":0}
   
15:32:59.736 detox[24600] [90mi[39m dispatching event to  primary-24599 /tmp/detox.primary-24599  :  allocateDevice , {
  deviceConfig: { type: 'android.emulator', device: { avdName: 'Pixel_6_API_30' } }
}
15:32:59.737 detox[24599] [90mi[39m received event of :  allocateDevice {
  deviceConfig: { type: 'android.emulator', device: { avdName: 'Pixel_6_API_30' } }
}
15:32:59.812 detox[24599] [90mB[39m init
  args: ()
15:32:59.823 detox[24599] [90mE[39m init
15:32:59.823 detox[24599] [90mB[39m allocate
  data: {
    "type": "android.emulator",
    "device": {
      "avdName": "Pixel_6_API_30"
    }
  }
15:33:01.330 detox[24599] [90mi[39m Detected emulator binary version { major: 32, minor: 1, patch: 11, toString: [Function: toString] }
15:33:01.332 detox[24599] [90mi[39m "/Users/ips-162/Library/Android/sdk/platform-tools/adb"  devices
15:33:01.357 detox[24599] [90mi[39m List of devices attached
adb-ZD22227Q7K-CkkoAw._adb-tls-connect._tcp	device
emulator-5554	device


15:33:01.358 detox[24599] [90mi[39m Device adb-ZD22227Q7K-CkkoAw._adb-tls-connect._tcp does not match "Pixel_6_API_30"
15:33:01.359 detox[24599] [90mi[39m port: 5554, host: localhost
15:33:01.381 detox[24599] [90mi[39m Found a matching & free device emulator-5554
15:33:01.382 detox[24599] [90mi[39m settled on emulator-5554 (Pixel_6_API_30)
  data: {
    "id": "emulator-5554",
    "adbName": "emulator-5554",
    "name": "emulator-5554 (Pixel_6_API_30)"
  }
15:33:01.382 detox[24599] [90mE[39m allocate
15:33:01.382 detox[24599] [90mB[39m post-allocate: emulator-5554
  data: {
    "id": "emulator-5554",
    "adbName": "emulator-5554",
    "name": "emulator-5554 (Pixel_6_API_30)"
  }
15:33:01.383 detox[24599] [90mi[39m "/Users/ips-162/Library/Android/sdk/platform-tools/adb" -s emulator-5554 shell "getprop dev.bootcomplete"
15:33:01.421 detox[24599] [90mi[39m 1

15:33:01.421 detox[24599] [90mi[39m "/Users/ips-162/Library/Android/sdk/platform-tools/adb" -s emulator-5554 shell "getprop ro.build.version.sdk"
15:33:01.462 detox[24599] [90mi[39m 30

15:33:01.462 detox[24599] [90mi[39m "/Users/ips-162/Library/Android/sdk/platform-tools/adb" -s emulator-5554 shell "settings put global animator_duration_scale 0"
15:33:01.504 detox[24599] [90mi[39m 
15:33:01.504 detox[24599] [90mi[39m "/Users/ips-162/Library/Android/sdk/platform-tools/adb" -s emulator-5554 shell "settings put global window_animation_scale 0"
15:33:01.540 detox[24599] [90mi[39m 
15:33:01.541 detox[24599] [90mi[39m "/Users/ips-162/Library/Android/sdk/platform-tools/adb" -s emulator-5554 shell "settings put global transition_animation_scale 0"
15:33:01.596 detox[24599] [90mi[39m 
15:33:01.597 detox[24599] [90mi[39m "/Users/ips-162/Library/Android/sdk/platform-tools/adb" -s emulator-5554 shell "dumpsys power | grep \"^[ ]*m[UW].*=\""
15:33:01.730 detox[24599] [90mi[39m   mWakefulness=Awake
  mWakefulnessChanging=false
  mWakeLockSummary=0x0
  mUserActivitySummary=0x1
  mWakeUpWhenPluggedOrUnpluggedConfig=false
  mWakeUpWhenPluggedOrUnpluggedInTheaterModeConfig=false
  mUserActivityTimeoutOverrideFromWindowManager=-1
  mUserInactiveOverrideFromWindowManager=false
  mUserId=0

15:33:01.731 detox[24599] [90mE[39m post-allocate: emulator-5554
15:33:01.731 detox[24599] [90mi[39m dispatching event to socket  :  allocateDeviceDone {
  deviceCookie: {
    id: 'emulator-5554',
    adbName: 'emulator-5554',
    name: 'emulator-5554 (Pixel_6_API_30)'
  }
}
15:33:01.731 detox[24600] [90mi[39m ## received events ##
15:33:01.732 detox[24600] [90mi[39m detected event allocateDeviceDone {
  deviceCookie: {
    id: 'emulator-5554',
    adbName: 'emulator-5554',
    name: 'emulator-5554 (Pixel_6_API_30)'
  }
}
15:33:01.864 detox[24600] [90mB[39m onBootDevice
  args: ({"deviceId":"emulator-5554"})
15:33:01.868 detox[24600] [90mE[39m onBootDevice
15:33:01.870 detox[24600] [90mB[39m installUtilBinaries
  args: ()
15:33:01.870 detox[24600] [90mE[39m installUtilBinaries
15:33:01.871 detox[24600] [90mB[39m selectApp
  args: ("default")
15:33:01.873 detox[24600] [90mi[39m "/Users/ips-162/Library/Android/sdk/build-tools/36.1.0/aapt" dump badging "/Users/ips-162/Documents/RearchTopics/DetoxTest/android/app/build/outputs/apk/debug/app-debug.apk"
15:33:01.940 detox[24600] [90mi[39m package: name='com.detoxtest' versionCode='1' versionName='1.0' platformBuildVersionName='15' platformBuildVersionCode='35' compileSdkVersion='35' compileSdkVersionCodename='15'
sdkVersion:'24'
targetSdkVersion:'35'
uses-permission: name='android.permission.INTERNET'
uses-permission: name='android.permission.SYSTEM_ALERT_WINDOW'
uses-permission: name='com.detoxtest.DYNAMIC_RECEIVER_NOT_EXPORTED_PERMISSION'
application-label:'DetoxTest'
application-label-af:'DetoxTest'
application-label-am:'DetoxTest'
application-label-ar:'DetoxTest'
application-label-as:'DetoxTest'
application-label-az:'DetoxTest'
application-label-be:'DetoxTest'
application-label-bg:'DetoxTest'
application-label-bn:'DetoxTest'
application-label-bs:'DetoxTest'
application-label-ca:'DetoxTest'
application-label-cs:'DetoxTest'
application-label-da:'DetoxTest'
application-label-de:'DetoxTest'
application-label-el:'DetoxTest'
application-label-en-AU:'DetoxTest'
application-label-en-CA:'DetoxTest'
application-label-en-GB:'DetoxTest'
application-label-en-IN:'DetoxTest'
application-label-en-XC:'DetoxTest'
application-label-es:'DetoxTest'
application-label-es-419:'DetoxTest'
application-label-es-ES:'DetoxTest'
application-label-es-US:'DetoxTest'
application-label-et:'DetoxTest'
application-label-eu:'DetoxTest'
application-label-fa:'DetoxTest'
application-label-fi:'DetoxTest'
application-label-fr:'DetoxTest'
application-label-fr-CA:'DetoxTest'
application-label-gl:'DetoxTest'
application-label-gu:'DetoxTest'
application-label-hi:'DetoxTest'
application-label-hr:'DetoxTest'
application-label-hu:'DetoxTest'
application-label-hy:'DetoxTest'
application-label-in:'DetoxTest'
application-label-is:'DetoxTest'
application-label-it:'DetoxTest'
application-label-iw:'DetoxTest'
application-label-ja:'DetoxTest'
application-label-ka:'DetoxTest'
application-label-kk:'DetoxTest'
application-label-km:'DetoxTest'
application-label-kn:'DetoxTest'
application-label-ko:'DetoxTest'
application-label-ky:'DetoxTest'
application-label-lo:'DetoxTest'
application-label-lt:'DetoxTest'
application-label-lv:'DetoxTest'
application-label-mk:'DetoxTest'
application-label-ml:'DetoxTest'
application-label-mn:'DetoxTest'
application-label-mr:'DetoxTest'
application-label-ms:'DetoxTest'
application-label-my:'DetoxTest'
application-label-nb:'DetoxTest'
application-label-ne:'DetoxTest'
application-label-nl:'DetoxTest'
application-label-or:'DetoxTest'
application-label-pa:'DetoxTest'
application-label-pl:'DetoxTest'
application-label-pt:'DetoxTest'
application-label-pt-BR:'DetoxTest'
application-label-pt-PT:'DetoxTest'
application-label-ro:'DetoxTest'
application-label-ru:'DetoxTest'
application-label-si:'DetoxTest'
application-label-sk:'DetoxTest'
application-label-sl:'DetoxTest'
application-label-sq:'DetoxTest'
application-label-sr:'DetoxTest'
application-label-sr-Latn:'DetoxTest'
application-label-sv:'DetoxTest'
application-label-sw:'DetoxTest'
application-label-ta:'DetoxTest'
application-label-te:'DetoxTest'
application-label-th:'DetoxTest'
application-label-tl:'DetoxTest'
application-label-tr:'DetoxTest'
application-label-uk:'DetoxTest'
application-label-ur:'DetoxTest'
application-label-uz:'DetoxTest'
application-label-vi:'DetoxTest'
application-label-zh-CN:'DetoxTest'
application-label-zh-HK:'DetoxTest'
application-label-zh-TW:'DetoxTest'
application-label-zu:'DetoxTest'
application-icon-160:'res/mipmap-mdpi-v4/ic_launcher.png'
application-icon-240:'res/mipmap-hdpi-v4/ic_launcher.png'
application-icon-320:'res/mipmap-xhdpi-v4/ic_launcher.png'
application-icon-480:'res/mipmap-xxhdpi-v4/ic_launcher.png'
application-icon-640:'res/mipmap-xxxhdpi-v4/ic_launcher.png'
application: label='DetoxTest' icon='res/mipmap-mdpi-v4/ic_launcher.png'
application-debuggable
launchable-activity: name='com.detoxtest.MainActivity'  label='DetoxTest' icon=''
feature-group: label=''
  uses-feature: name='android.hardware.faketouch'
  uses-implied-feature: name='android.hardware.faketouch' reason='default feature for all apps'
main
other-activities
other-receivers
supports-screens: 'small' 'normal' 'large' 'xlarge'
supports-any-density: 'true'
locales: '--_--' 'af' 'am' 'ar' 'as' 'az' 'be' 'bg' 'bn' 'bs' 'ca' 'cs' 'da' 'de' 'el' 'en-AU' 'en-CA' 'en-GB' 'en-IN' 'en-XC' 'es' 'es-419' 'es-ES' 'es-US' 'et' 'eu' 'fa' 'fi' 'fr' 'fr-CA' 'gl' 'gu' 'hi' 'hr' 'hu' 'hy' 'in' 'is' 'it' 'iw' 'ja' 'ka' 'kk' 'km' 'kn' 'ko' 'ky' 'lo' 'lt' 'lv' 'mk' 'ml' 'mn' 'mr' 'ms' 'my' 'nb' 'ne' 'nl' 'or' 'pa' 'pl' 'pt' 'pt-BR' 'pt-PT' 'ro' 'ru' 'si' 'sk' 'sl' 'sq' 'sr' 'sr-Latn' 'sv' 'sw' 'ta' 'te' 'th' 'tl' 'tr' 'uk' 'ur' 'uz' 'vi' 'zh-CN' 'zh-HK' 'zh-TW' 'zu'
densities: '160' '240' '320' '480' '640'
native-code: 'arm64-v8a' 'armeabi-v7a' 'x86' 'x86_64'

15:33:01.940 detox[24600] [90mE[39m selectApp
15:33:01.941 detox[24600] [90mB[39m uninstallApp
  args: ()
15:33:01.941 detox[24600] [90mB[39m onBeforeUninstallApp
  args: ({"deviceId":"emulator-5554","bundleId":"com.detoxtest"})
15:33:01.941 detox[24600] [90mE[39m onBeforeUninstallApp
15:33:01.941 detox[24600] [90mi[39m "/Users/ips-162/Library/Android/sdk/platform-tools/adb" -s emulator-5554 shell "pm list packages com.detoxtest"
15:33:02.005 detox[24600] [90mi[39m package:com.detoxtest
package:com.detoxtest.test

15:33:02.006 detox[24600] [90mi[39m "/Users/ips-162/Library/Android/sdk/platform-tools/adb" -s emulator-5554 uninstall com.detoxtest
15:33:05.334 detox[24600] [90mi[39m Success

15:33:05.335 detox[24600] [90mi[39m "/Users/ips-162/Library/Android/sdk/platform-tools/adb" -s emulator-5554 shell "pm list packages com.detoxtest.test"
15:33:05.424 detox[24600] [90mi[39m package:com.detoxtest.test

15:33:05.424 detox[24600] [90mi[39m "/Users/ips-162/Library/Android/sdk/platform-tools/adb" -s emulator-5554 uninstall com.detoxtest.test
15:33:09.259 detox[24600] [90mi[39m Success

15:33:09.259 detox[24600] [90mE[39m uninstallApp
15:33:09.259 detox[24600] [90mB[39m selectApp
  args: ("default")
15:33:09.260 detox[24600] [90mB[39m terminateApp
  args: ()
15:33:09.260 detox[24600] [90mB[39m onBeforeTerminateApp
  args: ({"deviceId":"emulator-5554","bundleId":"com.detoxtest"})
15:33:09.260 detox[24600] [90mE[39m onBeforeTerminateApp
15:33:09.261 detox[24600] [90mi[39m "/Users/ips-162/Library/Android/sdk/platform-tools/adb" -s emulator-5554 shell "am force-stop com.detoxtest"
15:33:09.469 detox[24600] [90mi[39m 
15:33:09.469 detox[24600] [90mB[39m onTerminateApp
  args: ({"deviceId":"emulator-5554","bundleId":"com.detoxtest"})
15:33:09.470 detox[24600] [90mE[39m onTerminateApp
15:33:09.470 detox[24600] [90mE[39m terminateApp
15:33:09.470 detox[24600] [90mE[39m selectApp
15:33:09.470 detox[24600] [90mB[39m installApp
  args: ()
15:33:09.471 detox[24600] [90mi[39m "/Users/ips-162/Library/Android/sdk/build-tools/36.1.0/aapt" dump xmlstrings "/Users/ips-162/Documents/RearchTopics/DetoxTest/android/app/build/outputs/apk/debug/app-debug.apk" AndroidManifest.xml
15:33:09.488 detox[24600] [90mi[39m String pool of 75 unique UTF-16 non-sorted strings, 75 entries and 0 styles using 3708 bytes:
String #0: theme
String #1: label
String #2: icon
String #3: name
String #4: permission
String #5: protectionLevel
String #6: enabled
String #7: debuggable
String #8: exported
String #9: authorities
String #10: grantUriPermissions
String #11: launchMode
String #12: configChanges
String #13: value
String #14: resource
String #15: minSdkVersion
String #16: versionCode
String #17: versionName
String #18: windowSoftInputMode
String #19: targetSdkVersion
String #20: allowBackup
String #21: supportsRtl
String #22: extractNativeLibs
String #23: usesCleartextTraffic
String #24: directBootAware
String #25: networkSecurityConfig
String #26: roundIcon
String #27: compileSdkVersion
String #28: compileSdkVersionCodename
String #29: appComponentFactory
String #30: 1.0
String #31: 15
String #32: action
String #33: activity
String #34: android
String #35: android.intent.action.MAIN
String #36: android.intent.category.LAUNCHER
String #37: android.permission.DUMP
String #38: android.permission.INTERNET
String #39: android.permission.SYSTEM_ALERT_WINDOW
String #40: android.support.FILE_PROVIDER_PATHS
String #41: androidx.core.app.CoreComponentFactory
String #42: androidx.emoji2.text.EmojiCompatInitializer
String #43: androidx.lifecycle.ProcessLifecycleInitializer
String #44: androidx.profileinstaller.ProfileInstallReceiver
String #45: androidx.profileinstaller.ProfileInstallerInitializer
String #46: androidx.profileinstaller.action.BENCHMARK_OPERATION
String #47: androidx.profileinstaller.action.INSTALL_PROFILE
String #48: androidx.profileinstaller.action.SAVE_PROFILE
String #49: androidx.profileinstaller.action.SKIP_FILE
String #50: androidx.startup
String #51: androidx.startup.InitializationProvider
String #52: application
String #53: category
String #54: com.detoxtest
String #55: com.detoxtest.DYNAMIC_RECEIVER_NOT_EXPORTED_PERMISSION
String #56: com.detoxtest.MainActivity
String #57: com.detoxtest.MainApplication
String #58: com.detoxtest.androidx-startup
String #59: com.detoxtest.imagepickerprovider
String #60: com.facebook.react.devsupport.DevSettingsActivity
String #61: com.facebook.soloader.enabled
String #62: com.imagepicker.ImagePickerProvider
String #63: http://schemas.android.com/apk/res/android
String #64: intent-filter
String #65: manifest
String #66: meta-data
String #67: package
String #68: permission
String #69: platformBuildVersionCode
String #70: platformBuildVersionName
String #71: provider
String #72: receiver
String #73: uses-permission
String #74: uses-sdk

15:33:09.488 detox[24600] [90mi[39m "/Users/ips-162/Library/Android/sdk/build-tools/36.1.0/aapt" dump xmlstrings "/Users/ips-162/Documents/RearchTopics/DetoxTest/android/app/build/outputs/apk/androidTest/debug/app-debug-androidTest.apk" AndroidManifest.xml
15:33:09.511 detox[24600] [90mi[39m String pool of 43 unique UTF-16 non-sorted strings, 43 entries and 0 styles using 2104 bytes:
String #0: theme
String #1: label
String #2: name
String #3: debuggable
String #4: exported
String #5: priority
String #6: targetPackage
String #7: handleProfiling
String #8: functionalTest
String #9: minSdkVersion
String #10: targetSdkVersion
String #11: extractNativeLibs
String #12: compileSdkVersion
String #13: compileSdkVersionCodename
String #14: 15
String #15: Tests for com.detoxtest
String #16: activity
String #17: android
String #18: android.intent.category.LAUNCHER
String #19: android.permission.REORDER_TASKS
String #20: android.test.runner
String #21: androidx.test.core.app.InstrumentationActivityInvoker$BootstrapActivity
String #22: androidx.test.core.app.InstrumentationActivityInvoker$EmptyActivity
String #23: androidx.test.core.app.InstrumentationActivityInvoker$EmptyFloatingActivity
String #24: androidx.test.orchestrator
String #25: androidx.test.runner.AndroidJUnitRunner
String #26: androidx.test.services
String #27: application
String #28: category
String #29: com.detoxtest
String #30: com.detoxtest.test
String #31: com.google.android.apps.common.testing.services
String #32: http://schemas.android.com/apk/res/android
String #33: instrumentation
String #34: intent-filter
String #35: manifest
String #36: package
String #37: platformBuildVersionCode
String #38: platformBuildVersionName
String #39: queries
String #40: uses-library
String #41: uses-permission
String #42: uses-sdk

15:33:09.511 detox[24600] [90mi[39m "/Users/ips-162/Library/Android/sdk/platform-tools/adb" -s emulator-5554 shell "rm -fr /data/local/tmp/detox"
15:33:09.680 detox[24600] [90mi[39m 
15:33:09.680 detox[24600] [90mi[39m "/Users/ips-162/Library/Android/sdk/platform-tools/adb" -s emulator-5554 shell "mkdir -p /data/local/tmp/detox"
15:33:09.755 detox[24600] [90mi[39m 
15:33:09.755 detox[24600] [90mi[39m "/Users/ips-162/Library/Android/sdk/platform-tools/adb" -s emulator-5554 push "/Users/ips-162/Documents/RearchTopics/DetoxTest/android/app/build/outputs/apk/debug/app-debug.apk" "/data/local/tmp/detox/Application.apk"
15:33:12.064 detox[24600] [90mi[39m /Users/ips-162/Documents/RearchTopics/DetoxTest/android/app/build/outputs/apk/debug/app-debug.apk: 1 file pushed, 0 skipped. 59.7 MB/s (135369667 bytes in 2.163s)

15:33:12.065 detox[24600] [90mi[39m "/Users/ips-162/Library/Android/sdk/platform-tools/adb" -s emulator-5554 shell "getprop ro.build.version.sdk"
15:33:12.113 detox[24600] [90mi[39m 30

15:33:12.121 detox[24600] [90mi[39m /Users/ips-162/Library/Android/sdk/platform-tools/adb -s emulator-5554 shell pm install -r -g -t /data/local/tmp/detox/Application.apk
15:33:13.621 detox[24600] [90mi[39m Success

15:33:13.624 detox[24600] [90mi[39m /Users/ips-162/Library/Android/sdk/platform-tools/adb -s emulator-5554 shell pm install -r -g -t /data/local/tmp/detox/Application.apk exited with code #0
15:33:13.625 detox[24600] [90mi[39m "/Users/ips-162/Library/Android/sdk/platform-tools/adb" -s emulator-5554 push "/Users/ips-162/Documents/RearchTopics/DetoxTest/android/app/build/outputs/apk/androidTest/debug/app-debug-androidTest.apk" "/data/local/tmp/detox/Test.apk"
15:33:14.137 detox[24600] [90mi[39m /Users/ips-162/Documents/RearchTopics/DetoxTest/android/app/build/outputs/apk/androidTest/debug/app-debug-androidTest.apk: 1 file pushed, 0 skipped. 21.5 MB/s (7264412 bytes in 0.323s)

15:33:14.140 detox[24600] [90mi[39m /Users/ips-162/Library/Android/sdk/platform-tools/adb -s emulator-5554 shell pm install -r -g -t /data/local/tmp/detox/Test.apk
15:33:16.146 detox[24600] [90mi[39m Success

15:33:16.158 detox[24600] [90mi[39m /Users/ips-162/Library/Android/sdk/platform-tools/adb -s emulator-5554 shell pm install -r -g -t /data/local/tmp/detox/Test.apk exited with code #0
15:33:16.158 detox[24600] [90mB[39m reverseTcpPort
  args: (8081)
15:33:16.158 detox[24600] [90mi[39m "/Users/ips-162/Library/Android/sdk/platform-tools/adb" -s emulator-5554 reverse tcp:8081 tcp:8081
15:33:16.189 detox[24600] [90mi[39m 
15:33:16.190 detox[24600] [90mE[39m reverseTcpPort
15:33:16.190 detox[24600] [90mE[39m installApp
15:33:16.190 detox[24600] [90mB[39m selectApp
  args: ("default")
15:33:16.191 detox[24600] [90mB[39m terminateApp
  args: ()
15:33:16.191 detox[24600] [90mB[39m onBeforeTerminateApp
  args: ({"deviceId":"emulator-5554","bundleId":"com.detoxtest"})
15:33:16.191 detox[24600] [90mE[39m onBeforeTerminateApp
15:33:16.191 detox[24600] [90mi[39m "/Users/ips-162/Library/Android/sdk/platform-tools/adb" -s emulator-5554 shell "am force-stop com.detoxtest"
15:33:16.527 detox[24600] [90mi[39m 
15:33:16.532 detox[24600] [90mB[39m onTerminateApp
  args: ({"deviceId":"emulator-5554","bundleId":"com.detoxtest"})
15:33:16.532 detox[24600] [90mE[39m onTerminateApp
15:33:16.532 detox[24600] [90mE[39m terminateApp
15:33:16.532 detox[24600] [90mE[39m selectApp
15:33:16.533 detox[24600] [90mE[39m set up environment
15:33:18.290 detox[24600] [90mi[39m navigation.e2e.js is assigned to emulator-5554 (Pixel_6_API_30)
15:33:18.292 detox[24600] [90mB[39m run the tests
15:33:18.292 detox[24600] [90mB[39m onRunDescribeStart
  args: ({"name":"ROOT_DESCRIBE_BLOCK"})
15:33:18.293 detox[24600] [90mE[39m onRunDescribeStart
15:33:18.293 detox[24600] [90mB[39m beforeAll
15:33:18.295 detox[24600] [90mi[39m 🚀 Test suite starting...
15:33:18.296 detox[24600] [90mE[39m beforeAll
15:33:18.296 detox[24600] [90mB[39m Navigation Between Core Screens
15:33:18.296 detox[24600] [90mB[39m onRunDescribeStart
  args: ({"name":"Navigation Between Core Screens"})
15:33:18.296 detox[24600] [90mE[39m onRunDescribeStart
15:33:18.297 detox[24600] [90mB[39m beforeAll
15:33:18.300 detox[24600] [90mB[39m launchApp
  args: ({"newInstance":true})
15:33:18.300 detox[24600] [90mB[39m terminateApp
  args: ("com.detoxtest")
15:33:18.301 detox[24600] [90mB[39m onBeforeTerminateApp
  args: ({"deviceId":"emulator-5554","bundleId":"com.detoxtest"})
15:33:18.301 detox[24600] [90mE[39m onBeforeTerminateApp
15:33:18.301 detox[24600] [90mi[39m "/Users/ips-162/Library/Android/sdk/platform-tools/adb" -s emulator-5554 shell "am force-stop com.detoxtest"
15:33:18.845 detox[24600] [90mi[39m 
15:33:18.845 detox[24600] [90mB[39m onTerminateApp
  args: ({"deviceId":"emulator-5554","bundleId":"com.detoxtest"})
15:33:18.846 detox[24600] [90mE[39m onTerminateApp
15:33:18.846 detox[24600] [90mE[39m terminateApp
15:33:18.847 detox[24600] [90mB[39m onBeforeLaunchApp
  args: ({"deviceId":"emulator-5554","bundleId":"com.detoxtest","launchArgs":{"detoxServer":"ws://localhost:57243","detoxSessionId":"d790d137-56ab-cd14-0641-c06c1f255149"}})
15:33:18.847 detox[24600] [90mi[39m "/Users/ips-162/Library/Android/sdk/platform-tools/adb" -s emulator-5554 shell "date +\"%m-%d %T.000\""
15:33:19.299 detox[24600] [90mi[39m 12-16 15:34:21.000

15:33:19.299 detox[24600] [90mE[39m onBeforeLaunchApp
15:33:19.300 detox[24600] [90mi[39m "/Users/ips-162/Library/Android/sdk/platform-tools/adb" -s emulator-5554 reverse tcp:57243 tcp:57243
15:33:21.232 detox[24600] [90mi[39m 57243

15:33:21.233 detox[24600] [90mi[39m "/Users/ips-162/Library/Android/sdk/platform-tools/adb" -s emulator-5554 shell "pm list instrumentation"
15:33:21.515 detox[24600] [90mi[39m instrumentation:com.detoxtest.test/androidx.test.runner.AndroidJUnitRunner (target=com.detoxtest)

15:33:21.517 detox[24600] [90mi[39m /Users/ips-162/Library/Android/sdk/platform-tools/adb -s emulator-5554 shell am instrument -w -r -e detoxServer ws://localhost:57243 -e detoxSessionId d790d137-56ab-cd14-0641-c06c1f255149 -e debug false com.detoxtest.test/androidx.test.runner.AndroidJUnitRunner
15:33:22.024 detox[24600] [90mi[39m "/Users/ips-162/Library/Android/sdk/platform-tools/adb" -s emulator-5554 shell "ps | grep \"com\.detoxtest$\""
15:33:24.015 detox[24600] [90mi[39m u0_a534       29545   5339 1957440 133112 0                   0 R com.detoxtest

15:33:24.015 detox[24600] [90mB[39m onLaunchApp
  args: ({"deviceId":"emulator-5554","bundleId":"com.detoxtest","launchArgs":{"detoxServer":"ws://localhost:57243","detoxSessionId":"d790d137-56ab-cd14-0641-c06c1f255149"},"pid":29545})
15:33:24.016 detox[24600] [90mi[39m starting ADBLogcatRecording
15:33:24.018 detox[24600] [90mi[39m /Users/ips-162/Library/Android/sdk/platform-tools/adb -s emulator-5554 shell "logcat -T \"12-16 15:34:21.000\" --pid=29545 -f /sdcard/153259723_0.log"
15:33:24.018 detox[24600] [90mE[39m onLaunchApp
15:33:24.318 detox[24600] [90mi[39m "/Users/ips-162/Library/Android/sdk/platform-tools/adb" -s emulator-5554 shell du /sdcard/153259723_0.log
15:33:24.388 detox[24600] [90mi[39m 4	/sdcard/153259723_0.log

15:33:25.593 detox[24600] [90mi[39m INSTRUMENTATION_STATUS: class=com.detoxtest.DetoxTest

15:33:25.598 detox[24600] [90mi[39m INSTRUMENTATION_STATUS: current=1
INSTRUMENTATION_STATUS: id=AndroidJUnitRunner
INSTRUMENTATION_STATUS: numtests=1
15:33:25.623 detox[24600] [90mi[39m 
INSTRUMENTATION_STATUS: stream=
com.detoxtest.DetoxTest:
INSTRUMENTATION_STATUS: test=runDetoxTests
INSTRUMENTATION_STATUS_CODE: 1

15:33:35.831 detox[24599] [90mB[39m connection :57243<->:57821
15:33:35.865 detox[24599] [90mi[39m get
  data: {"messageId":0,"type":"login","params":{"role":"app","sessionId":"d790d137-56ab-cd14-0641-c06c1f255149"}}
15:33:35.865 detox[24599] [90mi[39m send
  data: {
    "messageId": 0,
    "type": "loginSuccess",
    "params": {
      "testerConnected": true,
      "appConnected": true
    }
  }
15:33:35.865 detox[24599] [90mi[39m app joined session d790d137-56ab-cd14-0641-c06c1f255149
15:33:35.865 detox[24599] [90mi[39m send
  data: {
    "type": "appConnected"
  }
15:33:35.868 detox[24600] [90mi[39m get message
  data: {"type":"appConnected"}
   
15:33:35.873 detox[24600] [90mi[39m send message
  data: {"type":"isReady","params":{},"messageId":-1000}
15:33:35.875 detox[24599] [90mi[39m get
  data: {"type":"isReady","params":{},"messageId":-1000}
15:33:35.875 detox[24599] [90mi[39m send
  data: {
    "type": "isReady",
    "params": {},
    "messageId": -1000
  }
15:33:45.872 detox[24600] [90mi[39m send message
  data: {"type":"currentStatus","params":{},"messageId":1}
15:33:45.873 detox[24599] [90mi[39m get
  data: {"type":"currentStatus","params":{},"messageId":1}
15:33:45.873 detox[24599] [90mi[39m send
  data: {
    "type": "currentStatus",
    "params": {},
    "messageId": 1
  }
15:33:48.399 detox[24599] [90mi[39m get
  data: {"messageId":-1000,"type":"ready","params":{}}
15:33:48.399 detox[24599] [90mi[39m send
  data: {
    "messageId": -1000,
    "type": "ready",
    "params": {}
  }
15:33:48.399 detox[24600] [90mi[39m get message
  data: {"messageId":-1000,"type":"ready","params":{}}
   
15:33:48.400 detox[24600] [90mB[39m onAppReady
  args: ({"deviceId":"emulator-5554","bundleId":"com.detoxtest","pid":29545})
15:33:48.401 detox[24600] [90mE[39m onAppReady
15:33:48.401 detox[24600] [90mE[39m launchApp
15:33:48.401 detox[24600] [90mB[39m disableSynchronization
  args: ()
15:33:48.410 detox[24599] [90mi[39m get
  data: {"messageId":1,"type":"currentStatusResult","params":{"status":{"app_status":"idle"}}}
15:33:48.410 detox[24599] [90mi[39m send
  data: {
    "messageId": 1,
    "type": "currentStatusResult",
    "params": {
      "status": {
        "app_status": "idle"
      }
    }
  }
15:33:48.411 detox[24600] [90mi[39m send message
  data: {"type":"invoke","params":{"target":{"type":"Class","value":"com.wix.detox.espresso.EspressoDetox"},"method":"setSynchronization","args":[{"type":"boolean","value":false}]},"messageId":2}
15:33:48.411 detox[24600] [90mi[39m get message
  data: {"messageId":1,"type":"currentStatusResult","params":{"status":{"app_status":"idle"}}}
   
15:33:48.412 detox[24599] [90mi[39m get
  data: {"type":"invoke","params":{"target":{"type":"Class","value":"com.wix.detox.espresso.EspressoDetox"},"method":"setSynchronization","args":[{"type":"boolean","value":false}]},"messageId":2}
15:33:48.412 detox[24599] [90mi[39m send
  data: {
    "type": "invoke",
    "params": {
      "target": {
        "type": "Class",
        "value": "com.wix.detox.espresso.EspressoDetox"
      },
      "method": "setSynchronization",
      "args": [
        {
          "type": "boolean",
          "value": false
        }
      ]
    },
    "messageId": 2
  }
15:33:48.424 detox[24600] [90mi[39m The app seems to be idle
15:33:48.478 detox[24599] [90mi[39m get
  data: {"messageId":2,"type":"invokeResult","params":{"result":null}}
15:33:48.478 detox[24599] [90mi[39m send
  data: {
    "messageId": 2,
    "type": "invokeResult",
    "params": {
      "result": null
    }
  }
15:33:48.486 detox[24600] [90mi[39m get message
  data: {"messageId":2,"type":"invokeResult","params":{"result":null}}
   
15:33:48.486 detox[24600] [90mE[39m disableSynchronization
15:33:48.487 detox[24600] [90mi[39m  Waiting 3 seconds for PersistGate + Redux loading...
15:33:51.494 detox[24600] [90mB[39m enableSynchronization
  args: ()
15:33:51.495 detox[24599] [90mi[39m get
  data: {"type":"invoke","params":{"target":{"type":"Class","value":"com.wix.detox.espresso.EspressoDetox"},"method":"setSynchronization","args":[{"type":"boolean","value":true}]},"messageId":3}
15:33:51.495 detox[24599] [90mi[39m send
  data: {
    "type": "invoke",
    "params": {
      "target": {
        "type": "Class",
        "value": "com.wix.detox.espresso.EspressoDetox"
      },
      "method": "setSynchronization",
      "args": [
        {
          "type": "boolean",
          "value": true
        }
      ]
    },
    "messageId": 3
  }
15:33:51.495 detox[24600] [90mi[39m send message
  data: {"type":"invoke","params":{"target":{"type":"Class","value":"com.wix.detox.espresso.EspressoDetox"},"method":"setSynchronization","args":[{"type":"boolean","value":true}]},"messageId":3}
15:33:51.511 detox[24599] [90mi[39m get
  data: {"messageId":3,"type":"invokeResult","params":{"result":null}}
15:33:51.511 detox[24599] [90mi[39m send
  data: {
    "messageId": 3,
    "type": "invokeResult",
    "params": {
      "result": null
    }
  }
15:33:51.511 detox[24600] [90mi[39m get message
  data: {"messageId":3,"type":"invokeResult","params":{"result":null}}
   
15:33:51.511 detox[24600] [90mE[39m enableSynchronization
15:33:51.513 detox[24599] [90mi[39m get
  data: {"type":"invoke","params":{"target":{"type":"Class","value":"com.wix.detox.espresso.DetoxAssertion"},"method":"waitForAssertMatcher","args":[{"type":"Invocation","value":{"target":{"type":"Class","value":"androidx.test.espresso.Espresso"},"method":"onView","args":[{"type":"Invocation","value":{"target":{"type":"Class","value":"com.wix.detox.espresso.DetoxMatcher"},"method":"matcherForTestId","args":["login-root",{"type":"boolean","value":false}]}}]}},{"type":"Invocation","value":{"target":{"type":"Class","value":"com.wix.detox.espresso.DetoxMatcher"},"method":"matcherForSufficientlyVisible","args":[{"type":"Integer","value":75}]}},{"type":"Double","value":10}]},"messageId":4}
15:33:51.513 detox[24600] [90mi[39m send message
  data: {"type":"invoke","params":{"target":{"type":"Class","value":"com.wix.detox.espresso.DetoxAssertion"},"method":"waitForAssertMatcher","args":[{"type":"Invocation","value":{"target":{"type":"Class","value":"androidx.test.espresso.Espresso"},"method":"onView","args":[{"type":"Invocation","value":{"target":{"type":"Class","value":"com.wix.detox.espresso.DetoxMatcher"},"method":"matcherForTestId","args":["login-root",{"type":"boolean","value":false}]}}]}},{"type":"Invocation","value":{"target":{"type":"Class","value":"com.wix.detox.espresso.DetoxMatcher"},"method":"matcherForSufficientlyVisible","args":[{"type":"Integer","value":75}]}},{"type":"Double","value":10}]},"messageId":4}
15:33:51.514 detox[24599] [90mi[39m send
  data: {
    "type": "invoke",
    "params": {
      "target": {
        "type": "Class",
        "value": "com.wix.detox.espresso.DetoxAssertion"
      },
      "method": "waitForAssertMatcher",
      "args": [
        {
          "type": "Invocation",
          "value": {
            "target": {
              "type": "Class",
              "value": "androidx.test.espresso.Espresso"
            },
            "method": "onView",
            "args": [
              {
                "type": "Invocation",
                "value": {
                  "target": {
                    "type": "Class",
                    "value": "com.wix.detox.espresso.DetoxMatcher"
                  },
                  "method": "matcherForTestId",
                  "args": [
                    "login-root",
                    {
                      "type": "boolean",
                      "value": false
                    }
                  ]
                }
              }
            ]
          }
        },
        {
          "type": "Invocation",
          "value": {
            "target": {
              "type": "Class",
              "value": "com.wix.detox.espresso.DetoxMatcher"
            },
            "method": "matcherForSufficientlyVisible",
            "args": [
              {
                "type": "Integer",
                "value": 75
              }
            ]
          }
        },
        {
          "type": "Double",
          "value": 10
        }
      ]
    },
    "messageId": 4
  }
15:33:51.514 detox[24600] [90mB[39m undefined with timeout (10000 ms)
  data: {
    "target": {
      "type": "Class",
      "value": "com.wix.detox.espresso.DetoxAssertion"
    },
    "method": "waitForAssertMatcher",
    "args": [
      {
        "type": "Invocation",
        "value": {
          "target": {
            "type": "Class",
            "value": "androidx.test.espresso.Espresso"
          },
          "method": "onView",
          "args": [
            {
              "type": "Invocation",
              "value": {
                "target": {
                  "type": "Class",
                  "value": "com.wix.detox.espresso.DetoxMatcher"
                },
                "method": "matcherForTestId",
                "args": [
                  "login-root",
                  {
                    "type": "boolean",
                    "value": false
                  }
                ]
              }
            }
          ]
        }
      },
      {
        "type": "Invocation",
        "value": {
          "target": {
            "type": "Class",
            "value": "com.wix.detox.espresso.DetoxMatcher"
          },
          "method": "matcherForSufficientlyVisible",
          "args": [
            {
              "type": "Integer",
              "value": 75
            }
          ]
        }
      },
      {
        "type": "Double",
        "value": 10
      }
    ]
  }
15:33:56.600 detox[24599] [90mi[39m get
  data: {"messageId":4,"type":"invokeResult","params":{"result":null}}
15:33:56.600 detox[24599] [90mi[39m send
  data: {
    "messageId": 4,
    "type": "invokeResult",
    "params": {
      "result": null
    }
  }
15:33:56.601 detox[24600] [90mi[39m get message
  data: {"messageId":4,"type":"invokeResult","params":{"result":null}}
   
15:33:56.601 detox[24600] [90mE[39m undefined with timeout (10000 ms)
15:33:56.601 detox[24600] [90mi[39m  Login screen ready
15:33:56.601 detox[24600] [90mi[39m  Entering login credentials...
15:33:56.603 detox[24600] [90mi[39m send message
  data: {"type":"invoke","params":{"target":{"type":"Class","value":"com.wix.detox.espresso.EspressoDetox"},"method":"perform","args":[{"type":"Invocation","value":{"target":{"type":"Class","value":"com.wix.detox.espresso.DetoxMatcher"},"method":"matcherForTestId","args":["email-input",{"type":"boolean","value":false}]}},{"type":"Invocation","value":{"target":{"type":"Class","value":"androidx.test.espresso.action.ViewActions"},"method":"replaceText","args":["john@gmail.com"]}}]},"messageId":5}
15:33:56.608 detox[24599] [90mi[39m get
  data: {"type":"invoke","params":{"target":{"type":"Class","value":"com.wix.detox.espresso.EspressoDetox"},"method":"perform","args":[{"type":"Invocation","value":{"target":{"type":"Class","value":"com.wix.detox.espresso.DetoxMatcher"},"method":"matcherForTestId","args":["email-input",{"type":"boolean","value":false}]}},{"type":"Invocation","value":{"target":{"type":"Class","value":"androidx.test.espresso.action.ViewActions"},"method":"replaceText","args":["john@gmail.com"]}}]},"messageId":5}
15:33:56.608 detox[24599] [90mi[39m send
  data: {
    "type": "invoke",
    "params": {
      "target": {
        "type": "Class",
        "value": "com.wix.detox.espresso.EspressoDetox"
      },
      "method": "perform",
      "args": [
        {
          "type": "Invocation",
          "value": {
            "target": {
              "type": "Class",
              "value": "com.wix.detox.espresso.DetoxMatcher"
            },
            "method": "matcherForTestId",
            "args": [
              "email-input",
              {
                "type": "boolean",
                "value": false
              }
            ]
          }
        },
        {
          "type": "Invocation",
          "value": {
            "target": {
              "type": "Class",
              "value": "androidx.test.espresso.action.ViewActions"
            },
            "method": "replaceText",
            "args": [
              "john@gmail.com"
            ]
          }
        }
      ]
    },
    "messageId": 5
  }
15:33:56.608 detox[24600] [90mB[39m replace input text: "john@gmail.com"
  data: {
    "target": {
      "type": "Class",
      "value": "com.wix.detox.espresso.EspressoDetox"
    },
    "method": "perform",
    "args": [
      {
        "type": "Invocation",
        "value": {
          "target": {
            "type": "Class",
            "value": "com.wix.detox.espresso.DetoxMatcher"
          },
          "method": "matcherForTestId",
          "args": [
            "email-input",
            {
              "type": "boolean",
              "value": false
            }
          ]
        }
      },
      {
        "type": "Invocation",
        "value": {
          "target": {
            "type": "Class",
            "value": "androidx.test.espresso.action.ViewActions"
          },
          "method": "replaceText",
          "args": [
            "john@gmail.com"
          ]
        }
      }
    ]
  }
15:33:56.688 detox[24599] [90mi[39m get
  data: {"messageId":5,"type":"invokeResult","params":{"result":null}}
15:33:56.688 detox[24599] [90mi[39m send
  data: {
    "messageId": 5,
    "type": "invokeResult",
    "params": {
      "result": null
    }
  }
15:33:56.689 detox[24600] [90mi[39m get message
  data: {"messageId":5,"type":"invokeResult","params":{"result":null}}
   
15:33:56.689 detox[24600] [90mE[39m replace input text: "john@gmail.com"
15:33:56.689 detox[24600] [90mi[39m send message
  data: {"type":"invoke","params":{"target":{"type":"Class","value":"com.wix.detox.espresso.EspressoDetox"},"method":"perform","args":[{"type":"Invocation","value":{"target":{"type":"Class","value":"com.wix.detox.espresso.DetoxMatcher"},"method":"matcherForTestId","args":["password-input",{"type":"boolean","value":false}]}},{"type":"Invocation","value":{"target":{"type":"Class","value":"com.wix.detox.espresso.DetoxViewActions"},"method":"click","args":[]}}]},"messageId":6}
15:33:56.691 detox[24600] [90mB[39m tap
  data: {
    "target": {
      "type": "Class",
      "value": "com.wix.detox.espresso.EspressoDetox"
    },
    "method": "perform",
    "args": [
      {
        "type": "Invocation",
        "value": {
          "target": {
            "type": "Class",
            "value": "com.wix.detox.espresso.DetoxMatcher"
          },
          "method": "matcherForTestId",
          "args": [
            "password-input",
            {
              "type": "boolean",
              "value": false
            }
          ]
        }
      },
      {
        "type": "Invocation",
        "value": {
          "target": {
            "type": "Class",
            "value": "com.wix.detox.espresso.DetoxViewActions"
          },
          "method": "click",
          "args": []
        }
      }
    ]
  }
15:33:56.692 detox[24599] [90mi[39m get
  data: {"type":"invoke","params":{"target":{"type":"Class","value":"com.wix.detox.espresso.EspressoDetox"},"method":"perform","args":[{"type":"Invocation","value":{"target":{"type":"Class","value":"com.wix.detox.espresso.DetoxMatcher"},"method":"matcherForTestId","args":["password-input",{"type":"boolean","value":false}]}},{"type":"Invocation","value":{"target":{"type":"Class","value":"com.wix.detox.espresso.DetoxViewActions"},"method":"click","args":[]}}]},"messageId":6}
15:33:56.692 detox[24599] [90mi[39m send
  data: {
    "type": "invoke",
    "params": {
      "target": {
        "type": "Class",
        "value": "com.wix.detox.espresso.EspressoDetox"
      },
      "method": "perform",
      "args": [
        {
          "type": "Invocation",
          "value": {
            "target": {
              "type": "Class",
              "value": "com.wix.detox.espresso.DetoxMatcher"
            },
            "method": "matcherForTestId",
            "args": [
              "password-input",
              {
                "type": "boolean",
                "value": false
              }
            ]
          }
        },
        {
          "type": "Invocation",
          "value": {
            "target": {
              "type": "Class",
              "value": "com.wix.detox.espresso.DetoxViewActions"
            },
            "method": "click",
            "args": []
          }
        }
      ]
    },
    "messageId": 6
  }
15:33:58.404 detox[24599] [90mi[39m get
  data: {"type":"currentStatus","params":{},"messageId":7}
15:33:58.404 detox[24599] [90mi[39m send
  data: {
    "type": "currentStatus",
    "params": {},
    "messageId": 7
  }
15:33:58.404 detox[24600] [90mi[39m send message
  data: {"type":"currentStatus","params":{},"messageId":7}
15:33:58.418 detox[24599] [90mi[39m get
  data: {"messageId":7,"type":"currentStatusResult","params":{"status":{"app_status":"busy","busy_resources":[{"name":"looper","description":{"thread":"\"LooperIdlingResource-912-mqt_v_js\""}}]}}}
15:33:58.419 detox[24599] [90mi[39m send
  data: {
    "messageId": 7,
    "type": "currentStatusResult",
    "params": {
      "status": {
        "app_status": "busy",
        "busy_resources": [
          {
            "name": "looper",
            "description": {
              "thread": "\"LooperIdlingResource-912-mqt_v_js\""
            }
          }
        ]
      }
    }
  }
15:33:58.419 detox[24600] [90mi[39m get message
  data: {"messageId":7,"type":"currentStatusResult","params":{"status":{"app_status":"busy","busy_resources":[{"name":"looper","description":{"thread":"\"LooperIdlingResource-912-mqt_v_js\""}}]}}}
   
15:33:58.419 detox[24600] [90mi[39m The app is busy with the following tasks:
• "LooperIdlingResource-912-mqt_v_js" is executing.
15:34:01.565 detox[24599] [90mi[39m get
  data: {"messageId":6,"type":"invokeResult","params":{"result":null}}
15:34:01.565 detox[24599] [90mi[39m send
  data: {
    "messageId": 6,
    "type": "invokeResult",
    "params": {
      "result": null
    }
  }
15:34:01.566 detox[24600] [90mi[39m get message
  data: {"messageId":6,"type":"invokeResult","params":{"result":null}}
   
15:34:01.566 detox[24600] [90mE[39m tap
15:34:01.566 detox[24600] [90mi[39m send message
  data: {"type":"invoke","params":{"target":{"type":"Class","value":"com.wix.detox.espresso.EspressoDetox"},"method":"perform","args":[{"type":"Invocation","value":{"target":{"type":"Class","value":"com.wix.detox.espresso.DetoxMatcher"},"method":"matcherForTestId","args":["password-input",{"type":"boolean","value":false}]}},{"type":"Invocation","value":{"target":{"type":"Class","value":"androidx.test.espresso.action.ViewActions"},"method":"replaceText","args":["Password123!"]}}]},"messageId":8}
15:34:01.567 detox[24600] [90mB[39m replace input text: "Password123!"
  data: {
    "target": {
      "type": "Class",
      "value": "com.wix.detox.espresso.EspressoDetox"
    },
    "method": "perform",
    "args": [
      {
        "type": "Invocation",
        "value": {
          "target": {
            "type": "Class",
            "value": "com.wix.detox.espresso.DetoxMatcher"
          },
          "method": "matcherForTestId",
          "args": [
            "password-input",
            {
              "type": "boolean",
              "value": false
            }
          ]
        }
      },
      {
        "type": "Invocation",
        "value": {
          "target": {
            "type": "Class",
            "value": "androidx.test.espresso.action.ViewActions"
          },
          "method": "replaceText",
          "args": [
            "Password123!"
          ]
        }
      }
    ]
  }
15:34:01.568 detox[24599] [90mi[39m get
  data: {"type":"invoke","params":{"target":{"type":"Class","value":"com.wix.detox.espresso.EspressoDetox"},"method":"perform","args":[{"type":"Invocation","value":{"target":{"type":"Class","value":"com.wix.detox.espresso.DetoxMatcher"},"method":"matcherForTestId","args":["password-input",{"type":"boolean","value":false}]}},{"type":"Invocation","value":{"target":{"type":"Class","value":"androidx.test.espresso.action.ViewActions"},"method":"replaceText","args":["Password123!"]}}]},"messageId":8}
15:34:01.569 detox[24599] [90mi[39m send
  data: {
    "type": "invoke",
    "params": {
      "target": {
        "type": "Class",
        "value": "com.wix.detox.espresso.EspressoDetox"
      },
      "method": "perform",
      "args": [
        {
          "type": "Invocation",
          "value": {
            "target": {
              "type": "Class",
              "value": "com.wix.detox.espresso.DetoxMatcher"
            },
            "method": "matcherForTestId",
            "args": [
              "password-input",
              {
                "type": "boolean",
                "value": false
              }
            ]
          }
        },
        {
          "type": "Invocation",
          "value": {
            "target": {
              "type": "Class",
              "value": "androidx.test.espresso.action.ViewActions"
            },
            "method": "replaceText",
            "args": [
              "Password123!"
            ]
          }
        }
      ]
    },
    "messageId": 8
  }
15:34:01.657 detox[24599] [90mi[39m get
  data: {"messageId":8,"type":"invokeResult","params":{"result":null}}
15:34:01.657 detox[24599] [90mi[39m send
  data: {
    "messageId": 8,
    "type": "invokeResult",
    "params": {
      "result": null
    }
  }
15:34:01.658 detox[24600] [90mi[39m get message
  data: {"messageId":8,"type":"invokeResult","params":{"result":null}}
   
15:34:01.658 detox[24600] [90mE[39m replace input text: "Password123!"
15:34:01.658 detox[24600] [90mB[39m pressBack
  args: ()
15:34:01.660 detox[24599] [90mi[39m get
  data: {"type":"invoke","params":{"target":{"type":"Invocation","value":{"target":{"type":"Class","value":"com.wix.detox.uiautomator.UiAutomator"},"method":"uiDevice","args":[]}},"method":"pressBack","args":[]},"messageId":9}
15:34:01.660 detox[24599] [90mi[39m send
  data: {
    "type": "invoke",
    "params": {
      "target": {
        "type": "Invocation",
        "value": {
          "target": {
            "type": "Class",
            "value": "com.wix.detox.uiautomator.UiAutomator"
          },
          "method": "uiDevice",
          "args": []
        }
      },
      "method": "pressBack",
      "args": []
    },
    "messageId": 9
  }
15:34:01.660 detox[24600] [90mi[39m send message
  data: {"type":"invoke","params":{"target":{"type":"Invocation","value":{"target":{"type":"Class","value":"com.wix.detox.uiautomator.UiAutomator"},"method":"uiDevice","args":[]}},"method":"pressBack","args":[]},"messageId":9}
15:34:02.613 detox[24599] [90mi[39m get
  data: {"messageId":9,"type":"invokeResult","params":{"result":true}}
15:34:02.613 detox[24599] [90mi[39m send
  data: {
    "messageId": 9,
    "type": "invokeResult",
    "params": {
      "result": true
    }
  }
15:34:02.613 detox[24600] [90mi[39m get message
  data: {"messageId":9,"type":"invokeResult","params":{"result":true}}
   
15:34:02.613 detox[24600] [90mE[39m pressBack
15:34:02.614 detox[24600] [90mi[39m send message
  data: {"type":"invoke","params":{"target":{"type":"Class","value":"com.wix.detox.espresso.EspressoDetox"},"method":"perform","args":[{"type":"Invocation","value":{"target":{"type":"Class","value":"com.wix.detox.espresso.DetoxMatcher"},"method":"matcherForTestId","args":["login-button",{"type":"boolean","value":false}]}},{"type":"Invocation","value":{"target":{"type":"Class","value":"com.wix.detox.espresso.DetoxViewActions"},"method":"click","args":[]}}]},"messageId":10}
15:34:02.614 detox[24600] [90mB[39m tap
  data: {
    "target": {
      "type": "Class",
      "value": "com.wix.detox.espresso.EspressoDetox"
    },
    "method": "perform",
    "args": [
      {
        "type": "Invocation",
        "value": {
          "target": {
            "type": "Class",
            "value": "com.wix.detox.espresso.DetoxMatcher"
          },
          "method": "matcherForTestId",
          "args": [
            "login-button",
            {
              "type": "boolean",
              "value": false
            }
          ]
        }
      },
      {
        "type": "Invocation",
        "value": {
          "target": {
            "type": "Class",
            "value": "com.wix.detox.espresso.DetoxViewActions"
          },
          "method": "click",
          "args": []
        }
      }
    ]
  }
15:34:02.615 detox[24599] [90mi[39m get
  data: {"type":"invoke","params":{"target":{"type":"Class","value":"com.wix.detox.espresso.EspressoDetox"},"method":"perform","args":[{"type":"Invocation","value":{"target":{"type":"Class","value":"com.wix.detox.espresso.DetoxMatcher"},"method":"matcherForTestId","args":["login-button",{"type":"boolean","value":false}]}},{"type":"Invocation","value":{"target":{"type":"Class","value":"com.wix.detox.espresso.DetoxViewActions"},"method":"click","args":[]}}]},"messageId":10}
15:34:02.615 detox[24599] [90mi[39m send
  data: {
    "type": "invoke",
    "params": {
      "target": {
        "type": "Class",
        "value": "com.wix.detox.espresso.EspressoDetox"
      },
      "method": "perform",
      "args": [
        {
          "type": "Invocation",
          "value": {
            "target": {
              "type": "Class",
              "value": "com.wix.detox.espresso.DetoxMatcher"
            },
            "method": "matcherForTestId",
            "args": [
              "login-button",
              {
                "type": "boolean",
                "value": false
              }
            ]
          }
        },
        {
          "type": "Invocation",
          "value": {
            "target": {
              "type": "Class",
              "value": "com.wix.detox.espresso.DetoxViewActions"
            },
            "method": "click",
            "args": []
          }
        }
      ]
    },
    "messageId": 10
  }
15:34:06.690 detox[24600] [90mi[39m send message
  data: {"type":"currentStatus","params":{},"messageId":11}
15:34:06.691 detox[24599] [90mi[39m get
  data: {"type":"currentStatus","params":{},"messageId":11}
15:34:06.691 detox[24599] [90mi[39m send
  data: {
    "type": "currentStatus",
    "params": {},
    "messageId": 11
  }
15:34:06.696 detox[24599] [90mi[39m get
  data: {"messageId":11,"type":"currentStatusResult","params":{"status":{"app_status":"idle"}}}
15:34:06.696 detox[24599] [90mi[39m send
  data: {
    "messageId": 11,
    "type": "currentStatusResult",
    "params": {
      "status": {
        "app_status": "idle"
      }
    }
  }
15:34:06.696 detox[24600] [90mi[39m get message
  data: {"messageId":11,"type":"currentStatusResult","params":{"status":{"app_status":"idle"}}}
   
15:34:06.696 detox[24600] [90mi[39m The app seems to be idle
15:34:12.617 detox[24600] [90mi[39m send message
  data: {"type":"currentStatus","params":{},"messageId":12}
15:34:12.619 detox[24599] [90mi[39m get
  data: {"type":"currentStatus","params":{},"messageId":12}
15:34:12.619 detox[24599] [90mi[39m send
  data: {
    "type": "currentStatus",
    "params": {},
    "messageId": 12
  }
15:34:12.641 detox[24599] [90mi[39m get
  data: {"messageId":10,"type":"invokeResult","params":{"result":null}}
15:34:12.642 detox[24599] [90mi[39m send
  data: {
    "messageId": 10,
    "type": "invokeResult",
    "params": {
      "result": null
    }
  }
15:34:12.642 detox[24600] [90mi[39m get message
  data: {"messageId":10,"type":"invokeResult","params":{"result":null}}
   
15:34:12.642 detox[24600] [90mE[39m tap
15:34:12.642 detox[24600] [90mi[39m  Login button tapped, waiting for navigation...
15:34:12.665 detox[24599] [90mi[39m get
  data: {"messageId":12,"type":"currentStatusResult","params":{"status":{"app_status":"idle"}}}
15:34:12.666 detox[24599] [90mi[39m send
  data: {
    "messageId": 12,
    "type": "currentStatusResult",
    "params": {
      "status": {
        "app_status": "idle"
      }
    }
  }
15:34:12.666 detox[24600] [90mi[39m get message
  data: {"messageId":12,"type":"currentStatusResult","params":{"status":{"app_status":"idle"}}}
   
15:34:12.666 detox[24600] [90mi[39m The app seems to be idle
15:34:17.658 detox[24600] [90mi[39m send message
  data: {"type":"invoke","params":{"target":{"type":"Class","value":"com.wix.detox.espresso.DetoxAssertion"},"method":"waitForAssertMatcher","args":[{"type":"Invocation","value":{"target":{"type":"Class","value":"androidx.test.espresso.Espresso"},"method":"onView","args":[{"type":"Invocation","value":{"target":{"type":"Class","value":"com.wix.detox.espresso.DetoxMatcher"},"method":"matcherForTestId","args":["home-tab-root",{"type":"boolean","value":false}]}}]}},{"type":"Invocation","value":{"target":{"type":"Class","value":"com.wix.detox.espresso.DetoxMatcher"},"method":"matcherForSufficientlyVisible","args":[{"type":"Integer","value":75}]}},{"type":"Double","value":15}]},"messageId":13}
15:34:17.659 detox[24600] [90mB[39m undefined with timeout (15000 ms)
  data: {
    "target": {
      "type": "Class",
      "value": "com.wix.detox.espresso.DetoxAssertion"
    },
    "method": "waitForAssertMatcher",
    "args": [
      {
        "type": "Invocation",
        "value": {
          "target": {
            "type": "Class",
            "value": "androidx.test.espresso.Espresso"
          },
          "method": "onView",
          "args": [
            {
              "type": "Invocation",
              "value": {
                "target": {
                  "type": "Class",
                  "value": "com.wix.detox.espresso.DetoxMatcher"
                },
                "method": "matcherForTestId",
                "args": [
                  "home-tab-root",
                  {
                    "type": "boolean",
                    "value": false
                  }
                ]
              }
            }
          ]
        }
      },
      {
        "type": "Invocation",
        "value": {
          "target": {
            "type": "Class",
            "value": "com.wix.detox.espresso.DetoxMatcher"
          },
          "method": "matcherForSufficientlyVisible",
          "args": [
            {
              "type": "Integer",
              "value": 75
            }
          ]
        }
      },
      {
        "type": "Double",
        "value": 15
      }
    ]
  }
15:34:17.661 detox[24599] [90mi[39m get
  data: {"type":"invoke","params":{"target":{"type":"Class","value":"com.wix.detox.espresso.DetoxAssertion"},"method":"waitForAssertMatcher","args":[{"type":"Invocation","value":{"target":{"type":"Class","value":"androidx.test.espresso.Espresso"},"method":"onView","args":[{"type":"Invocation","value":{"target":{"type":"Class","value":"com.wix.detox.espresso.DetoxMatcher"},"method":"matcherForTestId","args":["home-tab-root",{"type":"boolean","value":false}]}}]}},{"type":"Invocation","value":{"target":{"type":"Class","value":"com.wix.detox.espresso.DetoxMatcher"},"method":"matcherForSufficientlyVisible","args":[{"type":"Integer","value":75}]}},{"type":"Double","value":15}]},"messageId":13}
15:34:17.661 detox[24599] [90mi[39m send
  data: {
    "type": "invoke",
    "params": {
      "target": {
        "type": "Class",
        "value": "com.wix.detox.espresso.DetoxAssertion"
      },
      "method": "waitForAssertMatcher",
      "args": [
        {
          "type": "Invocation",
          "value": {
            "target": {
              "type": "Class",
              "value": "androidx.test.espresso.Espresso"
            },
            "method": "onView",
            "args": [
              {
                "type": "Invocation",
                "value": {
                  "target": {
                    "type": "Class",
                    "value": "com.wix.detox.espresso.DetoxMatcher"
                  },
                  "method": "matcherForTestId",
                  "args": [
                    "home-tab-root",
                    {
                      "type": "boolean",
                      "value": false
                    }
                  ]
                }
              }
            ]
          }
        },
        {
          "type": "Invocation",
          "value": {
            "target": {
              "type": "Class",
              "value": "com.wix.detox.espresso.DetoxMatcher"
            },
            "method": "matcherForSufficientlyVisible",
            "args": [
              {
                "type": "Integer",
                "value": 75
              }
            ]
          }
        },
        {
          "type": "Double",
          "value": 15
        }
      ]
    },
    "messageId": 13
  }
15:34:17.820 detox[24599] [90mi[39m get
  data: {"messageId":13,"type":"invokeResult","params":{"result":null}}
15:34:17.820 detox[24599] [90mi[39m send
  data: {
    "messageId": 13,
    "type": "invokeResult",
    "params": {
      "result": null
    }
  }
15:34:17.820 detox[24600] [90mi[39m get message
  data: {"messageId":13,"type":"invokeResult","params":{"result":null}}
   
15:34:17.820 detox[24600] [90mE[39m undefined with timeout (15000 ms)
15:34:17.820 detox[24600] [90mi[39m ✅ Successfully logged in and on Home tab - READY FOR ALL NAVIGATION TESTS
15:34:17.821 detox[24600] [90mE[39m beforeAll
15:34:17.822 detox[24600] [90mB[39m should navigate from Home to Details screen
15:34:17.822 detox[24600] [90mi[39m Navigation Between Core Screens: should navigate from Home to Details screen
15:34:17.824 detox[24600] [90mB[39m onTestStart
  args: ({"title":"should navigate from Home to Details screen","fullName":"Navigation Between Core Screens should navigate from Home to Details screen","status":"running","invocations":1})
15:34:17.824 detox[24600] [90mi[39m stopping ADBLogcatRecording
15:34:17.825 detox[24600] [90mi[39m "/Users/ips-162/Library/Android/sdk/platform-tools/adb" -s emulator-5554 shell "date +\"%m-%d %T.000\""
15:34:18.186 detox[24600] [90mi[39m 12-16 15:35:20.000

15:34:18.188 detox[24600] [90mi[39m sending SIGINT to: /Users/ips-162/Library/Android/sdk/platform-tools/adb -s emulator-5554 shell logcat -T "12-16 15:34:21.000" --pid=29545 -f /sdcard/153259723_0.log
15:34:18.190 detox[24600] [90mi[39m /Users/ips-162/Library/Android/sdk/platform-tools/adb -s emulator-5554 shell "logcat -T \"12-16 15:34:21.000\" --pid=29545 -f /sdcard/153259723_0.log" terminated with SIGINT
15:34:18.190 detox[24600] [90mi[39m starting ADBLogcatRecording
15:34:18.192 detox[24600] [90mi[39m /Users/ips-162/Library/Android/sdk/platform-tools/adb -s emulator-5554 shell "logcat -T \"12-16 15:35:20.000\" --pid=29545 -f /sdcard/153259723_1.log"
15:34:18.192 detox[24600] [90mE[39m onTestStart
15:34:18.192 detox[24600] [90mB[39m beforeEach
15:34:18.193 detox[24600] [90mE[39m beforeEach
15:34:18.193 detox[24600] [90mB[39m test_fn
15:34:18.193 detox[24600] [90mi[39m 🧭 Testing Home → Details navigation
15:34:18.195 detox[24600] [90mi[39m send message
  data: {"type":"invoke","params":{"target":{"type":"Class","value":"com.wix.detox.espresso.DetoxAssertion"},"method":"assertMatcher","args":[{"type":"Invocation","value":{"target":{"type":"Class","value":"androidx.test.espresso.Espresso"},"method":"onView","args":[{"type":"Invocation","value":{"target":{"type":"Class","value":"com.wix.detox.espresso.DetoxMatcher"},"method":"matcherForTestId","args":["home-tab-root",{"type":"boolean","value":false}]}}]}},{"type":"Invocation","value":{"target":{"type":"Class","value":"com.wix.detox.espresso.DetoxMatcher"},"method":"matcherForSufficientlyVisible","args":[{"type":"Integer","value":75}]}}]},"messageId":14}
15:34:18.199 detox[24599] [90mi[39m get
  data: {"type":"invoke","params":{"target":{"type":"Class","value":"com.wix.detox.espresso.DetoxAssertion"},"method":"assertMatcher","args":[{"type":"Invocation","value":{"target":{"type":"Class","value":"androidx.test.espresso.Espresso"},"method":"onView","args":[{"type":"Invocation","value":{"target":{"type":"Class","value":"com.wix.detox.espresso.DetoxMatcher"},"method":"matcherForTestId","args":["home-tab-root",{"type":"boolean","value":false}]}}]}},{"type":"Invocation","value":{"target":{"type":"Class","value":"com.wix.detox.espresso.DetoxMatcher"},"method":"matcherForSufficientlyVisible","args":[{"type":"Integer","value":75}]}}]},"messageId":14}
15:34:18.199 detox[24599] [90mi[39m send
  data: {
    "type": "invoke",
    "params": {
      "target": {
        "type": "Class",
        "value": "com.wix.detox.espresso.DetoxAssertion"
      },
      "method": "assertMatcher",
      "args": [
        {
          "type": "Invocation",
          "value": {
            "target": {
              "type": "Class",
              "value": "androidx.test.espresso.Espresso"
            },
            "method": "onView",
            "args": [
              {
                "type": "Invocation",
                "value": {
                  "target": {
                    "type": "Class",
                    "value": "com.wix.detox.espresso.DetoxMatcher"
                  },
                  "method": "matcherForTestId",
                  "args": [
                    "home-tab-root",
                    {
                      "type": "boolean",
                      "value": false
                    }
                  ]
                }
              }
            ]
          }
        },
        {
          "type": "Invocation",
          "value": {
            "target": {
              "type": "Class",
              "value": "com.wix.detox.espresso.DetoxMatcher"
            },
            "method": "matcherForSufficientlyVisible",
            "args": [
              {
                "type": "Integer",
                "value": 75
              }
            ]
          }
        }
      ]
    },
    "messageId": 14
  }
15:34:18.199 detox[24600] [90mB[39m expect element to be visible
  data: {
    "target": {
      "type": "Class",
      "value": "com.wix.detox.espresso.DetoxAssertion"
    },
    "method": "assertMatcher",
    "args": [
      {
        "type": "Invocation",
        "value": {
          "target": {
            "type": "Class",
            "value": "androidx.test.espresso.Espresso"
          },
          "method": "onView",
          "args": [
            {
              "type": "Invocation",
              "value": {
                "target": {
                  "type": "Class",
                  "value": "com.wix.detox.espresso.DetoxMatcher"
                },
                "method": "matcherForTestId",
                "args": [
                  "home-tab-root",
                  {
                    "type": "boolean",
                    "value": false
                  }
                ]
              }
            }
          ]
        }
      },
      {
        "type": "Invocation",
        "value": {
          "target": {
            "type": "Class",
            "value": "com.wix.detox.espresso.DetoxMatcher"
          },
          "method": "matcherForSufficientlyVisible",
          "args": [
            {
              "type": "Integer",
              "value": 75
            }
          ]
        }
      }
    ]
  }
15:34:18.385 detox[24599] [90mi[39m get
  data: {"messageId":14,"type":"invokeResult","params":{"result":null}}
15:34:18.385 detox[24599] [90mi[39m send
  data: {
    "messageId": 14,
    "type": "invokeResult",
    "params": {
      "result": null
    }
  }
15:34:18.385 detox[24600] [90mi[39m get message
  data: {"messageId":14,"type":"invokeResult","params":{"result":null}}
   
15:34:18.386 detox[24600] [90mE[39m expect element to be visible
15:34:18.387 detox[24600] [90mi[39m  Confirmed on Home screen
15:34:18.387 detox[24600] [90mi[39m send message
  data: {"type":"invoke","params":{"target":{"type":"Class","value":"com.wix.detox.espresso.EspressoDetox"},"method":"perform","args":[{"type":"Invocation","value":{"target":{"type":"Class","value":"com.wix.detox.espresso.DetoxMatcher"},"method":"matcherForTestId","args":["details-tab",{"type":"boolean","value":false}]}},{"type":"Invocation","value":{"target":{"type":"Class","value":"com.wix.detox.espresso.DetoxViewActions"},"method":"click","args":[]}}]},"messageId":15}
15:34:18.389 detox[24599] [90mi[39m get
  data: {"type":"invoke","params":{"target":{"type":"Class","value":"com.wix.detox.espresso.EspressoDetox"},"method":"perform","args":[{"type":"Invocation","value":{"target":{"type":"Class","value":"com.wix.detox.espresso.DetoxMatcher"},"method":"matcherForTestId","args":["details-tab",{"type":"boolean","value":false}]}},{"type":"Invocation","value":{"target":{"type":"Class","value":"com.wix.detox.espresso.DetoxViewActions"},"method":"click","args":[]}}]},"messageId":15}
15:34:18.389 detox[24599] [90mi[39m send
  data: {
    "type": "invoke",
    "params": {
      "target": {
        "type": "Class",
        "value": "com.wix.detox.espresso.EspressoDetox"
      },
      "method": "perform",
      "args": [
        {
          "type": "Invocation",
          "value": {
            "target": {
              "type": "Class",
              "value": "com.wix.detox.espresso.DetoxMatcher"
            },
            "method": "matcherForTestId",
            "args": [
              "details-tab",
              {
                "type": "boolean",
                "value": false
              }
            ]
          }
        },
        {
          "type": "Invocation",
          "value": {
            "target": {
              "type": "Class",
              "value": "com.wix.detox.espresso.DetoxViewActions"
            },
            "method": "click",
            "args": []
          }
        }
      ]
    },
    "messageId": 15
  }
15:34:18.390 detox[24600] [90mB[39m tap
  data: {
    "target": {
      "type": "Class",
      "value": "com.wix.detox.espresso.EspressoDetox"
    },
    "method": "perform",
    "args": [
      {
        "type": "Invocation",
        "value": {
          "target": {
            "type": "Class",
            "value": "com.wix.detox.espresso.DetoxMatcher"
          },
          "method": "matcherForTestId",
          "args": [
            "details-tab",
            {
              "type": "boolean",
              "value": false
            }
          ]
        }
      },
      {
        "type": "Invocation",
        "value": {
          "target": {
            "type": "Class",
            "value": "com.wix.detox.espresso.DetoxViewActions"
          },
          "method": "click",
          "args": []
        }
      }
    ]
  }
15:34:18.494 detox[24600] [90mi[39m "/Users/ips-162/Library/Android/sdk/platform-tools/adb" -s emulator-5554 shell du /sdcard/153259723_1.log
15:34:19.039 detox[24600] [90mi[39m 4	/sdcard/153259723_1.log

15:34:22.667 detox[24600] [90mi[39m send message
  data: {"type":"currentStatus","params":{},"messageId":16}
15:34:22.668 detox[24599] [90mi[39m get
  data: {"type":"currentStatus","params":{},"messageId":16}
15:34:22.680 detox[24599] [90mi[39m send
  data: {
    "type": "currentStatus",
    "params": {},
    "messageId": 16
  }
15:34:22.713 detox[24599] [90mi[39m get
  data: {"messageId":15,"type":"invokeResult","params":{"result":null}}
15:34:22.713 detox[24599] [90mi[39m send
  data: {
    "messageId": 15,
    "type": "invokeResult",
    "params": {
      "result": null
    }
  }
15:34:22.713 detox[24600] [90mi[39m get message
  data: {"messageId":15,"type":"invokeResult","params":{"result":null}}
   
15:34:22.713 detox[24600] [90mE[39m tap
15:34:22.714 detox[24600] [90mi[39m  Tapped Details tab
15:34:22.791 detox[24599] [90mi[39m get
  data: {"messageId":16,"type":"currentStatusResult","params":{"status":{"app_status":"idle"}}}
15:34:22.791 detox[24599] [90mi[39m send
  data: {
    "messageId": 16,
    "type": "currentStatusResult",
    "params": {
      "status": {
        "app_status": "idle"
      }
    }
  }
15:34:22.793 detox[24600] [90mi[39m get message
  data: {"messageId":16,"type":"currentStatusResult","params":{"status":{"app_status":"idle"}}}
   
15:34:22.794 detox[24600] [90mi[39m The app seems to be idle
15:34:24.220 detox[24599] [90mi[39m get
  data: {"type":"invoke","params":{"target":{"type":"Class","value":"com.wix.detox.espresso.DetoxAssertion"},"method":"assertMatcher","args":[{"type":"Invocation","value":{"target":{"type":"Class","value":"androidx.test.espresso.Espresso"},"method":"onView","args":[{"type":"Invocation","value":{"target":{"type":"Class","value":"com.wix.detox.espresso.DetoxMatcher"},"method":"matcherForTestId","args":["details-screen-root",{"type":"boolean","value":false}]}}]}},{"type":"Invocation","value":{"target":{"type":"Class","value":"com.wix.detox.espresso.DetoxMatcher"},"method":"matcherForSufficientlyVisible","args":[{"type":"Integer","value":75}]}}]},"messageId":17}
15:34:24.220 detox[24599] [90mi[39m send
  data: {
    "type": "invoke",
    "params": {
      "target": {
        "type": "Class",
        "value": "com.wix.detox.espresso.DetoxAssertion"
      },
      "method": "assertMatcher",
      "args": [
        {
          "type": "Invocation",
          "value": {
            "target": {
              "type": "Class",
              "value": "androidx.test.espresso.Espresso"
            },
            "method": "onView",
            "args": [
              {
                "type": "Invocation",
                "value": {
                  "target": {
                    "type": "Class",
                    "value": "com.wix.detox.espresso.DetoxMatcher"
                  },
                  "method": "matcherForTestId",
                  "args": [
                    "details-screen-root",
                    {
                      "type": "boolean",
                      "value": false
                    }
                  ]
                }
              }
            ]
          }
        },
        {
          "type": "Invocation",
          "value": {
            "target": {
              "type": "Class",
              "value": "com.wix.detox.espresso.DetoxMatcher"
            },
            "method": "matcherForSufficientlyVisible",
            "args": [
              {
                "type": "Integer",
                "value": 75
              }
            ]
          }
        }
      ]
    },
    "messageId": 17
  }
15:34:24.220 detox[24600] [90mi[39m send message
  data: {"type":"invoke","params":{"target":{"type":"Class","value":"com.wix.detox.espresso.DetoxAssertion"},"method":"assertMatcher","args":[{"type":"Invocation","value":{"target":{"type":"Class","value":"androidx.test.espresso.Espresso"},"method":"onView","args":[{"type":"Invocation","value":{"target":{"type":"Class","value":"com.wix.detox.espresso.DetoxMatcher"},"method":"matcherForTestId","args":["details-screen-root",{"type":"boolean","value":false}]}}]}},{"type":"Invocation","value":{"target":{"type":"Class","value":"com.wix.detox.espresso.DetoxMatcher"},"method":"matcherForSufficientlyVisible","args":[{"type":"Integer","value":75}]}}]},"messageId":17}
15:34:24.220 detox[24600] [90mB[39m expect element to be visible
  data: {
    "target": {
      "type": "Class",
      "value": "com.wix.detox.espresso.DetoxAssertion"
    },
    "method": "assertMatcher",
    "args": [
      {
        "type": "Invocation",
        "value": {
          "target": {
            "type": "Class",
            "value": "androidx.test.espresso.Espresso"
          },
          "method": "onView",
          "args": [
            {
              "type": "Invocation",
              "value": {
                "target": {
                  "type": "Class",
                  "value": "com.wix.detox.espresso.DetoxMatcher"
                },
                "method": "matcherForTestId",
                "args": [
                  "details-screen-root",
                  {
                    "type": "boolean",
                    "value": false
                  }
                ]
              }
            }
          ]
        }
      },
      {
        "type": "Invocation",
        "value": {
          "target": {
            "type": "Class",
            "value": "com.wix.detox.espresso.DetoxMatcher"
          },
          "method": "matcherForSufficientlyVisible",
          "args": [
            {
              "type": "Integer",
              "value": 75
            }
          ]
        }
      }
    ]
  }
15:34:24.239 detox[24599] [90mi[39m get
  data: {"messageId":17,"type":"invokeResult","params":{"result":null}}
15:34:24.239 detox[24599] [90mi[39m send
  data: {
    "messageId": 17,
    "type": "invokeResult",
    "params": {
      "result": null
    }
  }
15:34:24.241 detox[24600] [90mi[39m get message
  data: {"messageId":17,"type":"invokeResult","params":{"result":null}}
   
15:34:24.241 detox[24600] [90mE[39m expect element to be visible
15:34:24.241 detox[24600] [90mi[39m send message
  data: {"type":"invoke","params":{"target":{"type":"Class","value":"com.wix.detox.espresso.DetoxAssertion"},"method":"assertMatcher","args":[{"type":"Invocation","value":{"target":{"type":"Class","value":"androidx.test.espresso.Espresso"},"method":"onView","args":[{"type":"Invocation","value":{"target":{"type":"Class","value":"com.wix.detox.espresso.DetoxMatcher"},"method":"matcherForTestId","args":["details-title",{"type":"boolean","value":false}]}}]}},{"type":"Invocation","value":{"target":{"type":"Class","value":"com.wix.detox.espresso.DetoxMatcher"},"method":"matcherForSufficientlyVisible","args":[{"type":"Integer","value":75}]}}]},"messageId":18}
15:34:24.243 detox[24599] [90mi[39m get
  data: {"type":"invoke","params":{"target":{"type":"Class","value":"com.wix.detox.espresso.DetoxAssertion"},"method":"assertMatcher","args":[{"type":"Invocation","value":{"target":{"type":"Class","value":"androidx.test.espresso.Espresso"},"method":"onView","args":[{"type":"Invocation","value":{"target":{"type":"Class","value":"com.wix.detox.espresso.DetoxMatcher"},"method":"matcherForTestId","args":["details-title",{"type":"boolean","value":false}]}}]}},{"type":"Invocation","value":{"target":{"type":"Class","value":"com.wix.detox.espresso.DetoxMatcher"},"method":"matcherForSufficientlyVisible","args":[{"type":"Integer","value":75}]}}]},"messageId":18}
15:34:24.243 detox[24599] [90mi[39m send
  data: {
    "type": "invoke",
    "params": {
      "target": {
        "type": "Class",
        "value": "com.wix.detox.espresso.DetoxAssertion"
      },
      "method": "assertMatcher",
      "args": [
        {
          "type": "Invocation",
          "value": {
            "target": {
              "type": "Class",
              "value": "androidx.test.espresso.Espresso"
            },
            "method": "onView",
            "args": [
              {
                "type": "Invocation",
                "value": {
                  "target": {
                    "type": "Class",
                    "value": "com.wix.detox.espresso.DetoxMatcher"
                  },
                  "method": "matcherForTestId",
                  "args": [
                    "details-title",
                    {
                      "type": "boolean",
                      "value": false
                    }
                  ]
                }
              }
            ]
          }
        },
        {
          "type": "Invocation",
          "value": {
            "target": {
              "type": "Class",
              "value": "com.wix.detox.espresso.DetoxMatcher"
            },
            "method": "matcherForSufficientlyVisible",
            "args": [
              {
                "type": "Integer",
                "value": 75
              }
            ]
          }
        }
      ]
    },
    "messageId": 18
  }
15:34:24.243 detox[24600] [90mB[39m expect element to be visible
  data: {
    "target": {
      "type": "Class",
      "value": "com.wix.detox.espresso.DetoxAssertion"
    },
    "method": "assertMatcher",
    "args": [
      {
        "type": "Invocation",
        "value": {
          "target": {
            "type": "Class",
            "value": "androidx.test.espresso.Espresso"
          },
          "method": "onView",
          "args": [
            {
              "type": "Invocation",
              "value": {
                "target": {
                  "type": "Class",
                  "value": "com.wix.detox.espresso.DetoxMatcher"
                },
                "method": "matcherForTestId",
                "args": [
                  "details-title",
                  {
                    "type": "boolean",
                    "value": false
                  }
                ]
              }
            }
          ]
        }
      },
      {
        "type": "Invocation",
        "value": {
          "target": {
            "type": "Class",
            "value": "com.wix.detox.espresso.DetoxMatcher"
          },
          "method": "matcherForSufficientlyVisible",
          "args": [
            {
              "type": "Integer",
              "value": 75
            }
          ]
        }
      }
    ]
  }
15:34:24.266 detox[24599] [90mi[39m get
  data: {"messageId":18,"type":"invokeResult","params":{"result":null}}
15:34:24.267 detox[24599] [90mi[39m send
  data: {
    "messageId": 18,
    "type": "invokeResult",
    "params": {
      "result": null
    }
  }
15:34:24.272 detox[24600] [90mi[39m get message
  data: {"messageId":18,"type":"invokeResult","params":{"result":null}}
   
15:34:24.272 detox[24600] [90mE[39m expect element to be visible
15:34:24.272 detox[24600] [90mi[39m  Successfully navigated to Details screen
15:34:24.272 detox[24600] [90mE[39m test_fn
15:34:24.273 detox[24600] [90mB[39m afterEach
15:34:24.273 detox[24600] [90mB[39m takeScreenshot
  args: ("navigation-test-screenshot")
15:34:24.273 detox[24600] [90mi[39m "/Users/ips-162/Library/Android/sdk/platform-tools/adb" -s emulator-5554 shell "screencap /sdcard/153259723_2.png"
15:34:31.824 detox[24600] [90mi[39m 
15:34:31.825 detox[24600] [90mi[39m "/Users/ips-162/Library/Android/sdk/platform-tools/adb" -s emulator-5554 pull "/sdcard/153259723_2.png" "/private/var/folders/r0/j9yltjr10ysg22c7l5sx938r0000gn/T/detox-24600-Bf8ErC.detox.png"
15:34:31.878 detox[24600] [90mi[39m /sdcard/153259723_2.png: 1 file pulled, 0 skipped. 7.4 MB/s (49618 bytes in 0.006s)

15:34:31.878 detox[24600] [90mi[39m "/Users/ips-162/Library/Android/sdk/platform-tools/adb" -s emulator-5554 shell "rm  \"/sdcard/153259723_2.png\""
15:34:31.959 detox[24600] [90mi[39m 
15:34:31.959 detox[24600] [90mB[39m onCreateExternalArtifact
  args: ({"pluginId":"screenshot","artifactName":"navigation-test-screenshot","artifactPath":"/private/var/folders/r0/j9yltjr10ysg22c7l5sx938r0000gn/T/detox-24600-Bf8ErC.detox.png"})
15:34:31.959 detox[24600] [90mi[39m starting FileArtifact
15:34:31.959 detox[24600] [90mi[39m stopping FileArtifact
15:34:31.960 detox[24600] [90mE[39m onCreateExternalArtifact
15:34:31.960 detox[24600] [90mE[39m takeScreenshot
15:34:31.960 detox[24600] [90mE[39m afterEach
15:34:31.961 detox[24600] [90mB[39m onTestDone
  args: ({"title":"should navigate from Home to Details screen","fullName":"Navigation Between Core Screens should navigate from Home to Details screen","status":"passed","invocations":1})
15:34:31.961 detox[24600] [90mi[39m stopping ADBLogcatRecording
15:34:31.961 detox[24600] [90mi[39m starting ADBScreencapRecording
15:34:31.961 detox[24600] [90mi[39m "/Users/ips-162/Library/Android/sdk/platform-tools/adb" -s emulator-5554 shell "screencap /sdcard/153259723_3.png"
15:34:31.965 detox[24600] [90mi[39m "/Users/ips-162/Library/Android/sdk/platform-tools/adb" -s emulator-5554 shell "date +\"%m-%d %T.000\""
15:34:32.448 detox[24600] [90mi[39m 12-16 15:35:35.000

15:34:32.454 detox[24600] [90mi[39m sending SIGINT to: /Users/ips-162/Library/Android/sdk/platform-tools/adb -s emulator-5554 shell logcat -T "12-16 15:35:20.000" --pid=29545 -f /sdcard/153259723_1.log
15:34:32.456 detox[24600] [90mi[39m /Users/ips-162/Library/Android/sdk/platform-tools/adb -s emulator-5554 shell "logcat -T \"12-16 15:35:20.000\" --pid=29545 -f /sdcard/153259723_1.log" terminated with SIGINT
15:34:32.469 detox[24600] [90mi[39m saving ADBLogcatRecording to: artifacts/android.emu.debug.2025-12-16 10-02-56Z/✓ Navigation Between Core Screens should navigate from Home to Details screen/device.log
15:34:32.470 detox[24600] [90mi[39m "/Users/ips-162/Library/Android/sdk/platform-tools/adb" -s emulator-5554 pull "/sdcard/153259723_1.log" "artifacts/android.emu.debug.2025-12-16 10-02-56Z/✓ Navigation Between Core Screens should navigate from Home to Details screen/device.log"
15:34:32.637 detox[24600] [90mi[39m /sdcard/153259723_1.log: 1 file pulled, 0 skipped. 0.5 MB/s (10557 bytes in 0.021s)

15:34:32.637 detox[24600] [90mi[39m "/Users/ips-162/Library/Android/sdk/platform-tools/adb" -s emulator-5554 shell "rm  \"/sdcard/153259723_1.log\""
15:34:32.798 detox[24599] [90mi[39m get
  data: {"type":"currentStatus","params":{},"messageId":19}
15:34:32.798 detox[24600] [90mi[39m send message
  data: {"type":"currentStatus","params":{},"messageId":19}
15:34:32.799 detox[24599] [90mi[39m send
  data: {
    "type": "currentStatus",
    "params": {},
    "messageId": 19
  }
15:34:33.783 detox[24600] [90mi[39m 
15:34:33.783 detox[24600] [90mi[39m saving ADBLogcatRecording to: artifacts/android.emu.debug.2025-12-16 10-02-56Z/emulator-5554 2025-12-16 10-04-33Z.startup.log
15:34:33.783 detox[24600] [90mi[39m "/Users/ips-162/Library/Android/sdk/platform-tools/adb" -s emulator-5554 pull "/sdcard/153259723_0.log" "artifacts/android.emu.debug.2025-12-16 10-02-56Z/emulator-5554 2025-12-16 10-04-33Z.startup.log"
15:34:34.131 detox[24599] [90mi[39m get
  data: {"messageId":19,"type":"currentStatusResult","params":{"status":{"app_status":"idle"}}}
15:34:34.131 detox[24599] [90mi[39m send
  data: {
    "messageId": 19,
    "type": "currentStatusResult",
    "params": {
      "status": {
        "app_status": "idle"
      }
    }
  }
15:34:34.132 detox[24600] [90mi[39m get message
  data: {"messageId":19,"type":"currentStatusResult","params":{"status":{"app_status":"idle"}}}
   
15:34:34.132 detox[24600] [90mi[39m The app seems to be idle
15:34:34.159 detox[24600] [90mi[39m /sdcard/153259723_0.log: 1 file pulled, 0 skipped. 2.2 MB/s (56126 bytes in 0.024s)

15:34:34.159 detox[24600] [90mi[39m "/Users/ips-162/Library/Android/sdk/platform-tools/adb" -s emulator-5554 shell "rm  \"/sdcard/153259723_0.log\""
15:34:34.538 detox[24600] [90mi[39m 
15:34:35.610 detox[24600] [90mi[39m 
15:34:35.610 detox[24600] [90mi[39m stopping ADBScreencapRecording
15:34:35.611 detox[24600] [90mE[39m onTestDone
15:34:35.611 detox[24600] [90mE[39m should navigate from Home to Details screen
15:34:35.611 detox[24600] [90mi[39m Navigation Between Core Screens: should navigate from Home to Details screen [OK]
15:34:35.613 detox[24600] [90mB[39m should navigate from Details to Profile screen
15:34:35.613 detox[24600] [90mi[39m Navigation Between Core Screens: should navigate from Details to Profile screen
15:34:35.613 detox[24600] [90mB[39m onTestStart
  args: ({"title":"should navigate from Details to Profile screen","fullName":"Navigation Between Core Screens should navigate from Details to Profile screen","status":"running","invocations":1})
15:34:35.614 detox[24600] [90mi[39m starting ADBLogcatRecording
15:34:35.616 detox[24600] [90mi[39m /Users/ips-162/Library/Android/sdk/platform-tools/adb -s emulator-5554 shell "logcat -T \"12-16 15:35:35.000\" --pid=29545 -f /sdcard/153259723_4.log"
15:34:35.616 detox[24600] [90mE[39m onTestStart
15:34:35.616 detox[24600] [90mB[39m beforeEach
15:34:35.616 detox[24600] [90mE[39m beforeEach
15:34:35.616 detox[24600] [90mB[39m test_fn
15:34:35.617 detox[24600] [90mi[39m  Testing Details → Profile navigation
15:34:35.618 detox[24600] [90mi[39m send message
  data: {"type":"invoke","params":{"target":{"type":"Class","value":"com.wix.detox.espresso.EspressoDetox"},"method":"perform","args":[{"type":"Invocation","value":{"target":{"type":"Class","value":"com.wix.detox.espresso.DetoxMatcher"},"method":"matcherForTestId","args":["details-tab",{"type":"boolean","value":false}]}},{"type":"Invocation","value":{"target":{"type":"Class","value":"com.wix.detox.espresso.DetoxViewActions"},"method":"click","args":[]}}]},"messageId":20}
15:34:35.630 detox[24600] [90mB[39m tap
  data: {
    "target": {
      "type": "Class",
      "value": "com.wix.detox.espresso.EspressoDetox"
    },
    "method": "perform",
    "args": [
      {
        "type": "Invocation",
        "value": {
          "target": {
            "type": "Class",
            "value": "com.wix.detox.espresso.DetoxMatcher"
          },
          "method": "matcherForTestId",
          "args": [
            "details-tab",
            {
              "type": "boolean",
              "value": false
            }
          ]
        }
      },
      {
        "type": "Invocation",
        "value": {
          "target": {
            "type": "Class",
            "value": "com.wix.detox.espresso.DetoxViewActions"
          },
          "method": "click",
          "args": []
        }
      }
    ]
  }
15:34:35.631 detox[24599] [90mi[39m get
  data: {"type":"invoke","params":{"target":{"type":"Class","value":"com.wix.detox.espresso.EspressoDetox"},"method":"perform","args":[{"type":"Invocation","value":{"target":{"type":"Class","value":"com.wix.detox.espresso.DetoxMatcher"},"method":"matcherForTestId","args":["details-tab",{"type":"boolean","value":false}]}},{"type":"Invocation","value":{"target":{"type":"Class","value":"com.wix.detox.espresso.DetoxViewActions"},"method":"click","args":[]}}]},"messageId":20}
15:34:35.632 detox[24599] [90mi[39m send
  data: {
    "type": "invoke",
    "params": {
      "target": {
        "type": "Class",
        "value": "com.wix.detox.espresso.EspressoDetox"
      },
      "method": "perform",
      "args": [
        {
          "type": "Invocation",
          "value": {
            "target": {
              "type": "Class",
              "value": "com.wix.detox.espresso.DetoxMatcher"
            },
            "method": "matcherForTestId",
            "args": [
              "details-tab",
              {
                "type": "boolean",
                "value": false
              }
            ]
          }
        },
        {
          "type": "Invocation",
          "value": {
            "target": {
              "type": "Class",
              "value": "com.wix.detox.espresso.DetoxViewActions"
            },
            "method": "click",
            "args": []
          }
        }
      ]
    },
    "messageId": 20
  }
15:34:35.635 detox[24600] [90mi[39m saving FileArtifact to: artifacts/android.emu.debug.2025-12-16 10-02-56Z/✓ Navigation Between Core Screens should navigate from Home to Details screen/navigation-test-screenshot.png
15:34:35.641 detox[24600] [90mi[39m moving "/private/var/folders/r0/j9yltjr10ysg22c7l5sx938r0000gn/T/detox-24600-Bf8ErC.detox.png" to artifacts/android.emu.debug.2025-12-16 10-02-56Z/✓ Navigation Between Core Screens should navigate from Home to Details screen/navigation-test-screenshot.png
15:34:35.648 detox[24600] [90mi[39m saving ADBScreencapRecording to: artifacts/android.emu.debug.2025-12-16 10-02-56Z/✓ Navigation Between Core Screens should navigate from Home to Details screen/testDone.png
15:34:35.648 detox[24600] [90mi[39m "/Users/ips-162/Library/Android/sdk/platform-tools/adb" -s emulator-5554 pull "/sdcard/153259723_3.png" "artifacts/android.emu.debug.2025-12-16 10-02-56Z/✓ Navigation Between Core Screens should navigate from Home to Details screen/testDone.png"
15:34:35.757 detox[24600] [90mi[39m /sdcard/153259723_3.png: 1 file pulled, 0 skipped. 4.8 MB/s (49618 bytes in 0.010s)

15:34:35.757 detox[24600] [90mi[39m "/Users/ips-162/Library/Android/sdk/platform-tools/adb" -s emulator-5554 shell "rm  \"/sdcard/153259723_3.png\""
15:34:35.923 detox[24600] [90mi[39m "/Users/ips-162/Library/Android/sdk/platform-tools/adb" -s emulator-5554 shell du /sdcard/153259723_4.log
15:34:37.083 detox[24600] [90mi[39m 
15:34:37.120 detox[24600] [90mi[39m 4	/sdcard/153259723_4.log

15:34:39.198 detox[24599] [90mi[39m get
  data: {"messageId":20,"type":"invokeResult","params":{"result":null}}
15:34:39.198 detox[24599] [90mi[39m send
  data: {
    "messageId": 20,
    "type": "invokeResult",
    "params": {
      "result": null
    }
  }
15:34:39.199 detox[24600] [90mi[39m get message
  data: {"messageId":20,"type":"invokeResult","params":{"result":null}}
   
15:34:39.199 detox[24600] [90mE[39m tap
15:34:40.200 detox[24600] [90mi[39m  On Details screen
15:34:40.201 detox[24600] [90mi[39m send message
  data: {"type":"invoke","params":{"target":{"type":"Class","value":"com.wix.detox.espresso.EspressoDetox"},"method":"perform","args":[{"type":"Invocation","value":{"target":{"type":"Class","value":"com.wix.detox.espresso.DetoxMatcher"},"method":"matcherForTestId","args":["profile-tab",{"type":"boolean","value":false}]}},{"type":"Invocation","value":{"target":{"type":"Class","value":"com.wix.detox.espresso.DetoxViewActions"},"method":"click","args":[]}}]},"messageId":21}
15:34:40.202 detox[24600] [90mB[39m tap
  data: {
    "target": {
      "type": "Class",
      "value": "com.wix.detox.espresso.EspressoDetox"
    },
    "method": "perform",
    "args": [
      {
        "type": "Invocation",
        "value": {
          "target": {
            "type": "Class",
            "value": "com.wix.detox.espresso.DetoxMatcher"
          },
          "method": "matcherForTestId",
          "args": [
            "profile-tab",
            {
              "type": "boolean",
              "value": false
            }
          ]
        }
      },
      {
        "type": "Invocation",
        "value": {
          "target": {
            "type": "Class",
            "value": "com.wix.detox.espresso.DetoxViewActions"
          },
          "method": "click",
          "args": []
        }
      }
    ]
  }
15:34:40.203 detox[24599] [90mi[39m get
  data: {"type":"invoke","params":{"target":{"type":"Class","value":"com.wix.detox.espresso.EspressoDetox"},"method":"perform","args":[{"type":"Invocation","value":{"target":{"type":"Class","value":"com.wix.detox.espresso.DetoxMatcher"},"method":"matcherForTestId","args":["profile-tab",{"type":"boolean","value":false}]}},{"type":"Invocation","value":{"target":{"type":"Class","value":"com.wix.detox.espresso.DetoxViewActions"},"method":"click","args":[]}}]},"messageId":21}
15:34:40.203 detox[24599] [90mi[39m send
  data: {
    "type": "invoke",
    "params": {
      "target": {
        "type": "Class",
        "value": "com.wix.detox.espresso.EspressoDetox"
      },
      "method": "perform",
      "args": [
        {
          "type": "Invocation",
          "value": {
            "target": {
              "type": "Class",
              "value": "com.wix.detox.espresso.DetoxMatcher"
            },
            "method": "matcherForTestId",
            "args": [
              "profile-tab",
              {
                "type": "boolean",
                "value": false
              }
            ]
          }
        },
        {
          "type": "Invocation",
          "value": {
            "target": {
              "type": "Class",
              "value": "com.wix.detox.espresso.DetoxViewActions"
            },
            "method": "click",
            "args": []
          }
        }
      ]
    },
    "messageId": 21
  }
15:34:43.782 detox[24599] [90mi[39m get
  data: {"messageId":21,"type":"invokeResult","params":{"result":null}}
15:34:43.782 detox[24599] [90mi[39m send
  data: {
    "messageId": 21,
    "type": "invokeResult",
    "params": {
      "result": null
    }
  }
15:34:43.782 detox[24600] [90mi[39m get message
  data: {"messageId":21,"type":"invokeResult","params":{"result":null}}
   
15:34:43.786 detox[24600] [90mE[39m tap
15:34:43.786 detox[24600] [90mi[39m  Tapped Profile tab
15:34:44.139 detox[24599] [90mi[39m get
  data: {"type":"currentStatus","params":{},"messageId":22}
15:34:44.139 detox[24599] [90mi[39m send
  data: {
    "type": "currentStatus",
    "params": {},
    "messageId": 22
  }
15:34:44.139 detox[24600] [90mi[39m send message
  data: {"type":"currentStatus","params":{},"messageId":22}
15:34:44.317 detox[24599] [90mi[39m get
  data: {"messageId":22,"type":"currentStatusResult","params":{"status":{"app_status":"idle"}}}
15:34:44.317 detox[24599] [90mi[39m send
  data: {
    "messageId": 22,
    "type": "currentStatusResult",
    "params": {
      "status": {
        "app_status": "idle"
      }
    }
  }
15:34:44.318 detox[24600] [90mi[39m get message
  data: {"messageId":22,"type":"currentStatusResult","params":{"status":{"app_status":"idle"}}}
   
15:34:44.319 detox[24600] [90mi[39m The app seems to be idle
15:34:45.294 detox[24599] [90mi[39m get
  data: {"type":"invoke","params":{"target":{"type":"Class","value":"com.wix.detox.espresso.DetoxAssertion"},"method":"assertMatcher","args":[{"type":"Invocation","value":{"target":{"type":"Class","value":"androidx.test.espresso.Espresso"},"method":"onView","args":[{"type":"Invocation","value":{"target":{"type":"Class","value":"com.wix.detox.espresso.DetoxMatcher"},"method":"matcherForTestId","args":["profile-screen-root",{"type":"boolean","value":false}]}}]}},{"type":"Invocation","value":{"target":{"type":"Class","value":"com.wix.detox.espresso.DetoxMatcher"},"method":"matcherForSufficientlyVisible","args":[{"type":"Integer","value":75}]}}]},"messageId":23}
15:34:45.294 detox[24599] [90mi[39m send
  data: {
    "type": "invoke",
    "params": {
      "target": {
        "type": "Class",
        "value": "com.wix.detox.espresso.DetoxAssertion"
      },
      "method": "assertMatcher",
      "args": [
        {
          "type": "Invocation",
          "value": {
            "target": {
              "type": "Class",
              "value": "androidx.test.espresso.Espresso"
            },
            "method": "onView",
            "args": [
              {
                "type": "Invocation",
                "value": {
                  "target": {
                    "type": "Class",
                    "value": "com.wix.detox.espresso.DetoxMatcher"
                  },
                  "method": "matcherForTestId",
                  "args": [
                    "profile-screen-root",
                    {
                      "type": "boolean",
                      "value": false
                    }
                  ]
                }
              }
            ]
          }
        },
        {
          "type": "Invocation",
          "value": {
            "target": {
              "type": "Class",
              "value": "com.wix.detox.espresso.DetoxMatcher"
            },
            "method": "matcherForSufficientlyVisible",
            "args": [
              {
                "type": "Integer",
                "value": 75
              }
            ]
          }
        }
      ]
    },
    "messageId": 23
  }
15:34:45.294 detox[24600] [90mi[39m send message
  data: {"type":"invoke","params":{"target":{"type":"Class","value":"com.wix.detox.espresso.DetoxAssertion"},"method":"assertMatcher","args":[{"type":"Invocation","value":{"target":{"type":"Class","value":"androidx.test.espresso.Espresso"},"method":"onView","args":[{"type":"Invocation","value":{"target":{"type":"Class","value":"com.wix.detox.espresso.DetoxMatcher"},"method":"matcherForTestId","args":["profile-screen-root",{"type":"boolean","value":false}]}}]}},{"type":"Invocation","value":{"target":{"type":"Class","value":"com.wix.detox.espresso.DetoxMatcher"},"method":"matcherForSufficientlyVisible","args":[{"type":"Integer","value":75}]}}]},"messageId":23}
15:34:45.294 detox[24600] [90mB[39m expect element to be visible
  data: {
    "target": {
      "type": "Class",
      "value": "com.wix.detox.espresso.DetoxAssertion"
    },
    "method": "assertMatcher",
    "args": [
      {
        "type": "Invocation",
        "value": {
          "target": {
            "type": "Class",
            "value": "androidx.test.espresso.Espresso"
          },
          "method": "onView",
          "args": [
            {
              "type": "Invocation",
              "value": {
                "target": {
                  "type": "Class",
                  "value": "com.wix.detox.espresso.DetoxMatcher"
                },
                "method": "matcherForTestId",
                "args": [
                  "profile-screen-root",
                  {
                    "type": "boolean",
                    "value": false
                  }
                ]
              }
            }
          ]
        }
      },
      {
        "type": "Invocation",
        "value": {
          "target": {
            "type": "Class",
            "value": "com.wix.detox.espresso.DetoxMatcher"
          },
          "method": "matcherForSufficientlyVisible",
          "args": [
            {
              "type": "Integer",
              "value": 75
            }
          ]
        }
      }
    ]
  }
15:34:45.310 detox[24599] [90mi[39m get
  data: {"messageId":23,"type":"invokeResult","params":{"result":null}}
15:34:45.310 detox[24599] [90mi[39m send
  data: {
    "messageId": 23,
    "type": "invokeResult",
    "params": {
      "result": null
    }
  }
15:34:45.310 detox[24600] [90mi[39m get message
  data: {"messageId":23,"type":"invokeResult","params":{"result":null}}
   
15:34:45.311 detox[24600] [90mE[39m expect element to be visible
15:34:45.311 detox[24600] [90mi[39m send message
  data: {"type":"invoke","params":{"target":{"type":"Class","value":"com.wix.detox.espresso.DetoxAssertion"},"method":"assertMatcher","args":[{"type":"Invocation","value":{"target":{"type":"Class","value":"androidx.test.espresso.Espresso"},"method":"onView","args":[{"type":"Invocation","value":{"target":{"type":"Class","value":"com.wix.detox.espresso.DetoxMatcher"},"method":"matcherForTestId","args":["profile-title",{"type":"boolean","value":false}]}}]}},{"type":"Invocation","value":{"target":{"type":"Class","value":"com.wix.detox.espresso.DetoxMatcher"},"method":"matcherForSufficientlyVisible","args":[{"type":"Integer","value":75}]}}]},"messageId":24}
15:34:45.312 detox[24599] [90mi[39m get
  data: {"type":"invoke","params":{"target":{"type":"Class","value":"com.wix.detox.espresso.DetoxAssertion"},"method":"assertMatcher","args":[{"type":"Invocation","value":{"target":{"type":"Class","value":"androidx.test.espresso.Espresso"},"method":"onView","args":[{"type":"Invocation","value":{"target":{"type":"Class","value":"com.wix.detox.espresso.DetoxMatcher"},"method":"matcherForTestId","args":["profile-title",{"type":"boolean","value":false}]}}]}},{"type":"Invocation","value":{"target":{"type":"Class","value":"com.wix.detox.espresso.DetoxMatcher"},"method":"matcherForSufficientlyVisible","args":[{"type":"Integer","value":75}]}}]},"messageId":24}
15:34:45.312 detox[24599] [90mi[39m send
  data: {
    "type": "invoke",
    "params": {
      "target": {
        "type": "Class",
        "value": "com.wix.detox.espresso.DetoxAssertion"
      },
      "method": "assertMatcher",
      "args": [
        {
          "type": "Invocation",
          "value": {
            "target": {
              "type": "Class",
              "value": "androidx.test.espresso.Espresso"
            },
            "method": "onView",
            "args": [
              {
                "type": "Invocation",
                "value": {
                  "target": {
                    "type": "Class",
                    "value": "com.wix.detox.espresso.DetoxMatcher"
                  },
                  "method": "matcherForTestId",
                  "args": [
                    "profile-title",
                    {
                      "type": "boolean",
                      "value": false
                    }
                  ]
                }
              }
            ]
          }
        },
        {
          "type": "Invocation",
          "value": {
            "target": {
              "type": "Class",
              "value": "com.wix.detox.espresso.DetoxMatcher"
            },
            "method": "matcherForSufficientlyVisible",
            "args": [
              {
                "type": "Integer",
                "value": 75
              }
            ]
          }
        }
      ]
    },
    "messageId": 24
  }
15:34:45.312 detox[24600] [90mB[39m expect element to be visible
  data: {
    "target": {
      "type": "Class",
      "value": "com.wix.detox.espresso.DetoxAssertion"
    },
    "method": "assertMatcher",
    "args": [
      {
        "type": "Invocation",
        "value": {
          "target": {
            "type": "Class",
            "value": "androidx.test.espresso.Espresso"
          },
          "method": "onView",
          "args": [
            {
              "type": "Invocation",
              "value": {
                "target": {
                  "type": "Class",
                  "value": "com.wix.detox.espresso.DetoxMatcher"
                },
                "method": "matcherForTestId",
                "args": [
                  "profile-title",
                  {
                    "type": "boolean",
                    "value": false
                  }
                ]
              }
            }
          ]
        }
      },
      {
        "type": "Invocation",
        "value": {
          "target": {
            "type": "Class",
            "value": "com.wix.detox.espresso.DetoxMatcher"
          },
          "method": "matcherForSufficientlyVisible",
          "args": [
            {
              "type": "Integer",
              "value": 75
            }
          ]
        }
      }
    ]
  }
15:34:45.328 detox[24599] [90mi[39m get
  data: {"messageId":24,"type":"invokeResult","params":{"result":null}}
15:34:45.331 detox[24599] [90mi[39m send
  data: {
    "messageId": 24,
    "type": "invokeResult",
    "params": {
      "result": null
    }
  }
15:34:45.331 detox[24600] [90mi[39m get message
  data: {"messageId":24,"type":"invokeResult","params":{"result":null}}
   
15:34:45.331 detox[24600] [90mE[39m expect element to be visible
15:34:45.332 detox[24600] [90mi[39m send message
  data: {"type":"invoke","params":{"target":{"type":"Class","value":"com.wix.detox.espresso.DetoxAssertion"},"method":"assertMatcher","args":[{"type":"Invocation","value":{"target":{"type":"Class","value":"androidx.test.espresso.Espresso"},"method":"onView","args":[{"type":"Invocation","value":{"target":{"type":"Class","value":"com.wix.detox.espresso.DetoxMatcher"},"method":"matcherForTestId","args":["profile-user-name",{"type":"boolean","value":false}]}}]}},{"type":"Invocation","value":{"target":{"type":"Class","value":"com.wix.detox.espresso.DetoxMatcher"},"method":"matcherForSufficientlyVisible","args":[{"type":"Integer","value":75}]}}]},"messageId":25}
15:34:45.332 detox[24600] [90mB[39m expect element to be visible
  data: {
    "target": {
      "type": "Class",
      "value": "com.wix.detox.espresso.DetoxAssertion"
    },
    "method": "assertMatcher",
    "args": [
      {
        "type": "Invocation",
        "value": {
          "target": {
            "type": "Class",
            "value": "androidx.test.espresso.Espresso"
          },
          "method": "onView",
          "args": [
            {
              "type": "Invocation",
              "value": {
                "target": {
                  "type": "Class",
                  "value": "com.wix.detox.espresso.DetoxMatcher"
                },
                "method": "matcherForTestId",
                "args": [
                  "profile-user-name",
                  {
                    "type": "boolean",
                    "value": false
                  }
                ]
              }
            }
          ]
        }
      },
      {
        "type": "Invocation",
        "value": {
          "target": {
            "type": "Class",
            "value": "com.wix.detox.espresso.DetoxMatcher"
          },
          "method": "matcherForSufficientlyVisible",
          "args": [
            {
              "type": "Integer",
              "value": 75
            }
          ]
        }
      }
    ]
  }
15:34:45.333 detox[24599] [90mi[39m get
  data: {"type":"invoke","params":{"target":{"type":"Class","value":"com.wix.detox.espresso.DetoxAssertion"},"method":"assertMatcher","args":[{"type":"Invocation","value":{"target":{"type":"Class","value":"androidx.test.espresso.Espresso"},"method":"onView","args":[{"type":"Invocation","value":{"target":{"type":"Class","value":"com.wix.detox.espresso.DetoxMatcher"},"method":"matcherForTestId","args":["profile-user-name",{"type":"boolean","value":false}]}}]}},{"type":"Invocation","value":{"target":{"type":"Class","value":"com.wix.detox.espresso.DetoxMatcher"},"method":"matcherForSufficientlyVisible","args":[{"type":"Integer","value":75}]}}]},"messageId":25}
15:34:45.333 detox[24599] [90mi[39m send
  data: {
    "type": "invoke",
    "params": {
      "target": {
        "type": "Class",
        "value": "com.wix.detox.espresso.DetoxAssertion"
      },
      "method": "assertMatcher",
      "args": [
        {
          "type": "Invocation",
          "value": {
            "target": {
              "type": "Class",
              "value": "androidx.test.espresso.Espresso"
            },
            "method": "onView",
            "args": [
              {
                "type": "Invocation",
                "value": {
                  "target": {
                    "type": "Class",
                    "value": "com.wix.detox.espresso.DetoxMatcher"
                  },
                  "method": "matcherForTestId",
                  "args": [
                    "profile-user-name",
                    {
                      "type": "boolean",
                      "value": false
                    }
                  ]
                }
              }
            ]
          }
        },
        {
          "type": "Invocation",
          "value": {
            "target": {
              "type": "Class",
              "value": "com.wix.detox.espresso.DetoxMatcher"
            },
            "method": "matcherForSufficientlyVisible",
            "args": [
              {
                "type": "Integer",
                "value": 75
              }
            ]
          }
        }
      ]
    },
    "messageId": 25
  }
15:34:45.353 detox[24599] [90mi[39m get
  data: {"messageId":25,"type":"invokeResult","params":{"result":null}}
15:34:45.353 detox[24599] [90mi[39m send
  data: {
    "messageId": 25,
    "type": "invokeResult",
    "params": {
      "result": null
    }
  }
15:34:45.354 detox[24600] [90mi[39m get message
  data: {"messageId":25,"type":"invokeResult","params":{"result":null}}
   
15:34:45.354 detox[24600] [90mE[39m expect element to be visible
15:34:45.354 detox[24600] [90mi[39m  Successfully navigated to Profile screen
15:34:45.355 detox[24600] [90mE[39m test_fn
15:34:45.360 detox[24600] [90mB[39m afterEach
15:34:45.360 detox[24600] [90mB[39m takeScreenshot
  args: ("navigation-test-screenshot")
15:34:45.361 detox[24600] [90mi[39m "/Users/ips-162/Library/Android/sdk/platform-tools/adb" -s emulator-5554 shell "screencap /sdcard/153259723_5.png"
15:34:48.218 detox[24600] [90mi[39m 
15:34:48.219 detox[24600] [90mi[39m "/Users/ips-162/Library/Android/sdk/platform-tools/adb" -s emulator-5554 pull "/sdcard/153259723_5.png" "/private/var/folders/r0/j9yltjr10ysg22c7l5sx938r0000gn/T/detox-24600-NdoixW.detox.png"
15:34:48.265 detox[24600] [90mi[39m /sdcard/153259723_5.png: 1 file pulled, 0 skipped. 12.1 MB/s (119130 bytes in 0.009s)

15:34:48.265 detox[24600] [90mi[39m "/Users/ips-162/Library/Android/sdk/platform-tools/adb" -s emulator-5554 shell "rm  \"/sdcard/153259723_5.png\""
15:34:48.311 detox[24600] [90mi[39m 
15:34:48.312 detox[24600] [90mB[39m onCreateExternalArtifact
  args: ({"pluginId":"screenshot","artifactName":"navigation-test-screenshot","artifactPath":"/private/var/folders/r0/j9yltjr10ysg22c7l5sx938r0000gn/T/detox-24600-NdoixW.detox.png"})
15:34:48.312 detox[24600] [90mi[39m starting FileArtifact
15:34:48.312 detox[24600] [90mi[39m stopping FileArtifact
15:34:48.312 detox[24600] [90mE[39m onCreateExternalArtifact
15:34:48.312 detox[24600] [90mE[39m takeScreenshot
15:34:48.312 detox[24600] [90mE[39m afterEach
15:34:48.312 detox[24600] [90mB[39m onTestDone
  args: ({"title":"should navigate from Details to Profile screen","fullName":"Navigation Between Core Screens should navigate from Details to Profile screen","status":"passed","invocations":1})
15:34:48.312 detox[24600] [90mi[39m stopping ADBLogcatRecording
15:34:48.312 detox[24600] [90mi[39m starting ADBScreencapRecording
15:34:48.312 detox[24600] [90mi[39m "/Users/ips-162/Library/Android/sdk/platform-tools/adb" -s emulator-5554 shell "screencap /sdcard/153259723_6.png"
15:34:48.314 detox[24600] [90mi[39m "/Users/ips-162/Library/Android/sdk/platform-tools/adb" -s emulator-5554 shell "date +\"%m-%d %T.000\""
15:34:48.516 detox[24600] [90mi[39m 12-16 15:35:51.000

15:34:48.517 detox[24600] [90mi[39m sending SIGINT to: /Users/ips-162/Library/Android/sdk/platform-tools/adb -s emulator-5554 shell logcat -T "12-16 15:35:35.000" --pid=29545 -f /sdcard/153259723_4.log
15:34:48.519 detox[24600] [90mi[39m /Users/ips-162/Library/Android/sdk/platform-tools/adb -s emulator-5554 shell "logcat -T \"12-16 15:35:35.000\" --pid=29545 -f /sdcard/153259723_4.log" terminated with SIGINT
15:34:48.520 detox[24600] [90mi[39m saving ADBLogcatRecording to: artifacts/android.emu.debug.2025-12-16 10-02-56Z/✓ Navigation Between Core Screens should navigate from Details to Profile screen/device.log
15:34:48.520 detox[24600] [90mi[39m "/Users/ips-162/Library/Android/sdk/platform-tools/adb" -s emulator-5554 pull "/sdcard/153259723_4.log" "artifacts/android.emu.debug.2025-12-16 10-02-56Z/✓ Navigation Between Core Screens should navigate from Details to Profile screen/device.log"
15:34:49.695 detox[24600] [90mi[39m /sdcard/153259723_4.log: 1 file pulled, 0 skipped. 1.1 MB/s (10642 bytes in 0.009s)

15:34:49.696 detox[24600] [90mi[39m "/Users/ips-162/Library/Android/sdk/platform-tools/adb" -s emulator-5554 shell "rm  \"/sdcard/153259723_4.log\""
15:34:50.568 detox[24600] [90mi[39m 
15:34:52.622 detox[24600] [90mi[39m 
15:34:52.622 detox[24600] [90mi[39m stopping ADBScreencapRecording
15:34:52.623 detox[24600] [90mE[39m onTestDone
15:34:52.623 detox[24600] [90mE[39m should navigate from Details to Profile screen
15:34:52.623 detox[24600] [90mi[39m Navigation Between Core Screens: should navigate from Details to Profile screen [OK]
15:34:52.624 detox[24600] [90mB[39m should navigate back to Home from Profile
15:34:52.624 detox[24600] [90mi[39m Navigation Between Core Screens: should navigate back to Home from Profile
15:34:52.625 detox[24600] [90mB[39m onTestStart
  args: ({"title":"should navigate back to Home from Profile","fullName":"Navigation Between Core Screens should navigate back to Home from Profile","status":"running","invocations":1})
15:34:52.625 detox[24600] [90mi[39m starting ADBLogcatRecording
15:34:52.627 detox[24600] [90mi[39m /Users/ips-162/Library/Android/sdk/platform-tools/adb -s emulator-5554 shell "logcat -T \"12-16 15:35:51.000\" --pid=29545 -f /sdcard/153259723_7.log"
15:34:52.628 detox[24600] [90mE[39m onTestStart
15:34:52.628 detox[24600] [90mB[39m beforeEach
15:34:52.628 detox[24600] [90mE[39m beforeEach
15:34:52.628 detox[24600] [90mB[39m test_fn
15:34:52.629 detox[24600] [90mi[39m  Testing Profile → Home navigation
15:34:52.629 detox[24600] [90mi[39m send message
  data: {"type":"invoke","params":{"target":{"type":"Class","value":"com.wix.detox.espresso.EspressoDetox"},"method":"perform","args":[{"type":"Invocation","value":{"target":{"type":"Class","value":"com.wix.detox.espresso.DetoxMatcher"},"method":"matcherForTestId","args":["profile-tab",{"type":"boolean","value":false}]}},{"type":"Invocation","value":{"target":{"type":"Class","value":"com.wix.detox.espresso.DetoxViewActions"},"method":"click","args":[]}}]},"messageId":26}
15:34:52.633 detox[24600] [90mB[39m tap
  data: {
    "target": {
      "type": "Class",
      "value": "com.wix.detox.espresso.EspressoDetox"
    },
    "method": "perform",
    "args": [
      {
        "type": "Invocation",
        "value": {
          "target": {
            "type": "Class",
            "value": "com.wix.detox.espresso.DetoxMatcher"
          },
          "method": "matcherForTestId",
          "args": [
            "profile-tab",
            {
              "type": "boolean",
              "value": false
            }
          ]
        }
      },
      {
        "type": "Invocation",
        "value": {
          "target": {
            "type": "Class",
            "value": "com.wix.detox.espresso.DetoxViewActions"
          },
          "method": "click",
          "args": []
        }
      }
    ]
  }
15:34:52.640 detox[24599] [90mi[39m get
  data: {"type":"invoke","params":{"target":{"type":"Class","value":"com.wix.detox.espresso.EspressoDetox"},"method":"perform","args":[{"type":"Invocation","value":{"target":{"type":"Class","value":"com.wix.detox.espresso.DetoxMatcher"},"method":"matcherForTestId","args":["profile-tab",{"type":"boolean","value":false}]}},{"type":"Invocation","value":{"target":{"type":"Class","value":"com.wix.detox.espresso.DetoxViewActions"},"method":"click","args":[]}}]},"messageId":26}
15:34:52.640 detox[24599] [90mi[39m send
  data: {
    "type": "invoke",
    "params": {
      "target": {
        "type": "Class",
        "value": "com.wix.detox.espresso.EspressoDetox"
      },
      "method": "perform",
      "args": [
        {
          "type": "Invocation",
          "value": {
            "target": {
              "type": "Class",
              "value": "com.wix.detox.espresso.DetoxMatcher"
            },
            "method": "matcherForTestId",
            "args": [
              "profile-tab",
              {
                "type": "boolean",
                "value": false
              }
            ]
          }
        },
        {
          "type": "Invocation",
          "value": {
            "target": {
              "type": "Class",
              "value": "com.wix.detox.espresso.DetoxViewActions"
            },
            "method": "click",
            "args": []
          }
        }
      ]
    },
    "messageId": 26
  }
15:34:52.643 detox[24600] [90mi[39m saving FileArtifact to: artifacts/android.emu.debug.2025-12-16 10-02-56Z/✓ Navigation Between Core Screens should navigate from Details to Profile screen/navigation-test-screenshot.png
15:34:52.644 detox[24600] [90mi[39m moving "/private/var/folders/r0/j9yltjr10ysg22c7l5sx938r0000gn/T/detox-24600-NdoixW.detox.png" to artifacts/android.emu.debug.2025-12-16 10-02-56Z/✓ Navigation Between Core Screens should navigate from Details to Profile screen/navigation-test-screenshot.png
15:34:52.650 detox[24600] [90mi[39m saving ADBScreencapRecording to: artifacts/android.emu.debug.2025-12-16 10-02-56Z/✓ Navigation Between Core Screens should navigate from Details to Profile screen/testDone.png
15:34:52.650 detox[24600] [90mi[39m "/Users/ips-162/Library/Android/sdk/platform-tools/adb" -s emulator-5554 pull "/sdcard/153259723_6.png" "artifacts/android.emu.debug.2025-12-16 10-02-56Z/✓ Navigation Between Core Screens should navigate from Details to Profile screen/testDone.png"
15:34:52.703 detox[24600] [90mi[39m /sdcard/153259723_6.png: 1 file pulled, 0 skipped. 6.8 MB/s (119130 bytes in 0.017s)

15:34:52.703 detox[24600] [90mi[39m "/Users/ips-162/Library/Android/sdk/platform-tools/adb" -s emulator-5554 shell "rm  \"/sdcard/153259723_6.png\""
15:34:52.928 detox[24600] [90mi[39m "/Users/ips-162/Library/Android/sdk/platform-tools/adb" -s emulator-5554 shell du /sdcard/153259723_7.log
15:34:53.383 detox[24600] [90mi[39m 
15:34:53.388 detox[24600] [90mi[39m 4	/sdcard/153259723_7.log

15:34:54.323 detox[24600] [90mi[39m send message
  data: {"type":"currentStatus","params":{},"messageId":27}
15:34:54.324 detox[24599] [90mi[39m get
  data: {"type":"currentStatus","params":{},"messageId":27}
15:34:54.324 detox[24599] [90mi[39m send
  data: {
    "type": "currentStatus",
    "params": {},
    "messageId": 27
  }
15:34:54.334 detox[24599] [90mi[39m get
  data: {"messageId":27,"type":"currentStatusResult","params":{"status":{"app_status":"idle"}}}
15:34:54.334 detox[24599] [90mi[39m send
  data: {
    "messageId": 27,
    "type": "currentStatusResult",
    "params": {
      "status": {
        "app_status": "idle"
      }
    }
  }
15:34:54.334 detox[24600] [90mi[39m get message
  data: {"messageId":27,"type":"currentStatusResult","params":{"status":{"app_status":"idle"}}}
   
15:34:54.334 detox[24600] [90mi[39m The app seems to be idle
15:34:54.337 detox[24599] [90mi[39m get
  data: {"messageId":26,"type":"invokeResult","params":{"result":null}}
15:34:54.337 detox[24599] [90mi[39m send
  data: {
    "messageId": 26,
    "type": "invokeResult",
    "params": {
      "result": null
    }
  }
15:34:54.337 detox[24600] [90mi[39m get message
  data: {"messageId":26,"type":"invokeResult","params":{"result":null}}
   
15:34:54.337 detox[24600] [90mE[39m tap
15:34:55.344 detox[24600] [90mi[39m  On Profile screen
15:34:55.345 detox[24600] [90mi[39m send message
  data: {"type":"invoke","params":{"target":{"type":"Class","value":"com.wix.detox.espresso.EspressoDetox"},"method":"perform","args":[{"type":"Invocation","value":{"target":{"type":"Class","value":"com.wix.detox.espresso.DetoxMatcher"},"method":"matcherForTestId","args":["home-tab",{"type":"boolean","value":false}]}},{"type":"Invocation","value":{"target":{"type":"Class","value":"com.wix.detox.espresso.DetoxViewActions"},"method":"click","args":[]}}]},"messageId":28}
15:34:55.345 detox[24600] [90mB[39m tap
  data: {
    "target": {
      "type": "Class",
      "value": "com.wix.detox.espresso.EspressoDetox"
    },
    "method": "perform",
    "args": [
      {
        "type": "Invocation",
        "value": {
          "target": {
            "type": "Class",
            "value": "com.wix.detox.espresso.DetoxMatcher"
          },
          "method": "matcherForTestId",
          "args": [
            "home-tab",
            {
              "type": "boolean",
              "value": false
            }
          ]
        }
      },
      {
        "type": "Invocation",
        "value": {
          "target": {
            "type": "Class",
            "value": "com.wix.detox.espresso.DetoxViewActions"
          },
          "method": "click",
          "args": []
        }
      }
    ]
  }
15:34:55.346 detox[24599] [90mi[39m get
  data: {"type":"invoke","params":{"target":{"type":"Class","value":"com.wix.detox.espresso.EspressoDetox"},"method":"perform","args":[{"type":"Invocation","value":{"target":{"type":"Class","value":"com.wix.detox.espresso.DetoxMatcher"},"method":"matcherForTestId","args":["home-tab",{"type":"boolean","value":false}]}},{"type":"Invocation","value":{"target":{"type":"Class","value":"com.wix.detox.espresso.DetoxViewActions"},"method":"click","args":[]}}]},"messageId":28}
15:34:55.346 detox[24599] [90mi[39m send
  data: {
    "type": "invoke",
    "params": {
      "target": {
        "type": "Class",
        "value": "com.wix.detox.espresso.EspressoDetox"
      },
      "method": "perform",
      "args": [
        {
          "type": "Invocation",
          "value": {
            "target": {
              "type": "Class",
              "value": "com.wix.detox.espresso.DetoxMatcher"
            },
            "method": "matcherForTestId",
            "args": [
              "home-tab",
              {
                "type": "boolean",
                "value": false
              }
            ]
          }
        },
        {
          "type": "Invocation",
          "value": {
            "target": {
              "type": "Class",
              "value": "com.wix.detox.espresso.DetoxViewActions"
            },
            "method": "click",
            "args": []
          }
        }
      ]
    },
    "messageId": 28
  }
15:34:57.520 detox[24599] [90mi[39m get
  data: {"messageId":28,"type":"invokeResult","params":{"result":null}}
15:34:57.520 detox[24599] [90mi[39m send
  data: {
    "messageId": 28,
    "type": "invokeResult",
    "params": {
      "result": null
    }
  }
15:34:57.520 detox[24600] [90mi[39m get message
  data: {"messageId":28,"type":"invokeResult","params":{"result":null}}
   
15:34:57.520 detox[24600] [90mE[39m tap
15:34:57.521 detox[24600] [90mi[39m  Tapped Home tab
15:34:58.522 detox[24600] [90mi[39m send message
  data: {"type":"invoke","params":{"target":{"type":"Class","value":"com.wix.detox.espresso.DetoxAssertion"},"method":"assertMatcher","args":[{"type":"Invocation","value":{"target":{"type":"Class","value":"androidx.test.espresso.Espresso"},"method":"onView","args":[{"type":"Invocation","value":{"target":{"type":"Class","value":"com.wix.detox.espresso.DetoxMatcher"},"method":"matcherForTestId","args":["home-tab-root",{"type":"boolean","value":false}]}}]}},{"type":"Invocation","value":{"target":{"type":"Class","value":"com.wix.detox.espresso.DetoxMatcher"},"method":"matcherForSufficientlyVisible","args":[{"type":"Integer","value":75}]}}]},"messageId":29}
15:34:58.523 detox[24600] [90mB[39m expect element to be visible
  data: {
    "target": {
      "type": "Class",
      "value": "com.wix.detox.espresso.DetoxAssertion"
    },
    "method": "assertMatcher",
    "args": [
      {
        "type": "Invocation",
        "value": {
          "target": {
            "type": "Class",
            "value": "androidx.test.espresso.Espresso"
          },
          "method": "onView",
          "args": [
            {
              "type": "Invocation",
              "value": {
                "target": {
                  "type": "Class",
                  "value": "com.wix.detox.espresso.DetoxMatcher"
                },
                "method": "matcherForTestId",
                "args": [
                  "home-tab-root",
                  {
                    "type": "boolean",
                    "value": false
                  }
                ]
              }
            }
          ]
        }
      },
      {
        "type": "Invocation",
        "value": {
          "target": {
            "type": "Class",
            "value": "com.wix.detox.espresso.DetoxMatcher"
          },
          "method": "matcherForSufficientlyVisible",
          "args": [
            {
              "type": "Integer",
              "value": 75
            }
          ]
        }
      }
    ]
  }
15:34:58.528 detox[24599] [90mi[39m get
  data: {"type":"invoke","params":{"target":{"type":"Class","value":"com.wix.detox.espresso.DetoxAssertion"},"method":"assertMatcher","args":[{"type":"Invocation","value":{"target":{"type":"Class","value":"androidx.test.espresso.Espresso"},"method":"onView","args":[{"type":"Invocation","value":{"target":{"type":"Class","value":"com.wix.detox.espresso.DetoxMatcher"},"method":"matcherForTestId","args":["home-tab-root",{"type":"boolean","value":false}]}}]}},{"type":"Invocation","value":{"target":{"type":"Class","value":"com.wix.detox.espresso.DetoxMatcher"},"method":"matcherForSufficientlyVisible","args":[{"type":"Integer","value":75}]}}]},"messageId":29}
15:34:58.529 detox[24599] [90mi[39m send
  data: {
    "type": "invoke",
    "params": {
      "target": {
        "type": "Class",
        "value": "com.wix.detox.espresso.DetoxAssertion"
      },
      "method": "assertMatcher",
      "args": [
        {
          "type": "Invocation",
          "value": {
            "target": {
              "type": "Class",
              "value": "androidx.test.espresso.Espresso"
            },
            "method": "onView",
            "args": [
              {
                "type": "Invocation",
                "value": {
                  "target": {
                    "type": "Class",
                    "value": "com.wix.detox.espresso.DetoxMatcher"
                  },
                  "method": "matcherForTestId",
                  "args": [
                    "home-tab-root",
                    {
                      "type": "boolean",
                      "value": false
                    }
                  ]
                }
              }
            ]
          }
        },
        {
          "type": "Invocation",
          "value": {
            "target": {
              "type": "Class",
              "value": "com.wix.detox.espresso.DetoxMatcher"
            },
            "method": "matcherForSufficientlyVisible",
            "args": [
              {
                "type": "Integer",
                "value": 75
              }
            ]
          }
        }
      ]
    },
    "messageId": 29
  }
15:34:58.671 detox[24599] [90mi[39m get
  data: {"messageId":29,"type":"invokeResult","params":{"result":null}}
15:34:58.671 detox[24599] [90mi[39m send
  data: {
    "messageId": 29,
    "type": "invokeResult",
    "params": {
      "result": null
    }
  }
15:34:58.674 detox[24600] [90mi[39m get message
  data: {"messageId":29,"type":"invokeResult","params":{"result":null}}
   
15:34:58.674 detox[24600] [90mE[39m expect element to be visible
15:34:58.675 detox[24600] [90mi[39m send message
  data: {"type":"invoke","params":{"target":{"type":"Class","value":"com.wix.detox.espresso.DetoxAssertion"},"method":"assertMatcher","args":[{"type":"Invocation","value":{"target":{"type":"Class","value":"androidx.test.espresso.Espresso"},"method":"onView","args":[{"type":"Invocation","value":{"target":{"type":"Class","value":"com.wix.detox.espresso.DetoxMatcher"},"method":"matcherForTestId","args":["welcome-title",{"type":"boolean","value":false}]}}]}},{"type":"Invocation","value":{"target":{"type":"Class","value":"com.wix.detox.espresso.DetoxMatcher"},"method":"matcherForSufficientlyVisible","args":[{"type":"Integer","value":75}]}}]},"messageId":30}
15:34:58.676 detox[24599] [90mi[39m get
  data: {"type":"invoke","params":{"target":{"type":"Class","value":"com.wix.detox.espresso.DetoxAssertion"},"method":"assertMatcher","args":[{"type":"Invocation","value":{"target":{"type":"Class","value":"androidx.test.espresso.Espresso"},"method":"onView","args":[{"type":"Invocation","value":{"target":{"type":"Class","value":"com.wix.detox.espresso.DetoxMatcher"},"method":"matcherForTestId","args":["welcome-title",{"type":"boolean","value":false}]}}]}},{"type":"Invocation","value":{"target":{"type":"Class","value":"com.wix.detox.espresso.DetoxMatcher"},"method":"matcherForSufficientlyVisible","args":[{"type":"Integer","value":75}]}}]},"messageId":30}
15:34:58.676 detox[24599] [90mi[39m send
  data: {
    "type": "invoke",
    "params": {
      "target": {
        "type": "Class",
        "value": "com.wix.detox.espresso.DetoxAssertion"
      },
      "method": "assertMatcher",
      "args": [
        {
          "type": "Invocation",
          "value": {
            "target": {
              "type": "Class",
              "value": "androidx.test.espresso.Espresso"
            },
            "method": "onView",
            "args": [
              {
                "type": "Invocation",
                "value": {
                  "target": {
                    "type": "Class",
                    "value": "com.wix.detox.espresso.DetoxMatcher"
                  },
                  "method": "matcherForTestId",
                  "args": [
                    "welcome-title",
                    {
                      "type": "boolean",
                      "value": false
                    }
                  ]
                }
              }
            ]
          }
        },
        {
          "type": "Invocation",
          "value": {
            "target": {
              "type": "Class",
              "value": "com.wix.detox.espresso.DetoxMatcher"
            },
            "method": "matcherForSufficientlyVisible",
            "args": [
              {
                "type": "Integer",
                "value": 75
              }
            ]
          }
        }
      ]
    },
    "messageId": 30
  }
15:34:58.676 detox[24600] [90mB[39m expect element to be visible
  data: {
    "target": {
      "type": "Class",
      "value": "com.wix.detox.espresso.DetoxAssertion"
    },
    "method": "assertMatcher",
    "args": [
      {
        "type": "Invocation",
        "value": {
          "target": {
            "type": "Class",
            "value": "androidx.test.espresso.Espresso"
          },
          "method": "onView",
          "args": [
            {
              "type": "Invocation",
              "value": {
                "target": {
                  "type": "Class",
                  "value": "com.wix.detox.espresso.DetoxMatcher"
                },
                "method": "matcherForTestId",
                "args": [
                  "welcome-title",
                  {
                    "type": "boolean",
                    "value": false
                  }
                ]
              }
            }
          ]
        }
      },
      {
        "type": "Invocation",
        "value": {
          "target": {
            "type": "Class",
            "value": "com.wix.detox.espresso.DetoxMatcher"
          },
          "method": "matcherForSufficientlyVisible",
          "args": [
            {
              "type": "Integer",
              "value": 75
            }
          ]
        }
      }
    ]
  }
15:34:58.725 detox[24599] [90mi[39m get
  data: {"messageId":30,"type":"invokeResult","params":{"result":null}}
15:34:58.725 detox[24599] [90mi[39m send
  data: {
    "messageId": 30,
    "type": "invokeResult",
    "params": {
      "result": null
    }
  }
15:34:58.727 detox[24600] [90mi[39m get message
  data: {"messageId":30,"type":"invokeResult","params":{"result":null}}
   
15:34:58.727 detox[24600] [90mE[39m expect element to be visible
15:34:58.729 detox[24600] [90mi[39m  Successfully navigated back to Home screen
15:34:58.729 detox[24600] [90mE[39m test_fn
15:34:58.729 detox[24600] [90mB[39m afterEach
15:34:58.730 detox[24600] [90mB[39m takeScreenshot
  args: ("navigation-test-screenshot")
15:34:58.730 detox[24600] [90mi[39m "/Users/ips-162/Library/Android/sdk/platform-tools/adb" -s emulator-5554 shell "screencap /sdcard/153259723_8.png"
15:35:00.519 detox[24600] [90mi[39m 
15:35:00.520 detox[24600] [90mi[39m "/Users/ips-162/Library/Android/sdk/platform-tools/adb" -s emulator-5554 pull "/sdcard/153259723_8.png" "/private/var/folders/r0/j9yltjr10ysg22c7l5sx938r0000gn/T/detox-24600-wMF150.detox.png"
15:35:00.554 detox[24600] [90mi[39m /sdcard/153259723_8.png: 1 file pulled, 0 skipped. 19.3 MB/s (52232 bytes in 0.003s)

15:35:00.554 detox[24600] [90mi[39m "/Users/ips-162/Library/Android/sdk/platform-tools/adb" -s emulator-5554 shell "rm  \"/sdcard/153259723_8.png\""
15:35:00.629 detox[24600] [90mi[39m 
15:35:00.629 detox[24600] [90mB[39m onCreateExternalArtifact
  args: ({"pluginId":"screenshot","artifactName":"navigation-test-screenshot","artifactPath":"/private/var/folders/r0/j9yltjr10ysg22c7l5sx938r0000gn/T/detox-24600-wMF150.detox.png"})
15:35:00.629 detox[24600] [90mi[39m starting FileArtifact
15:35:00.629 detox[24600] [90mi[39m stopping FileArtifact
15:35:00.629 detox[24600] [90mE[39m onCreateExternalArtifact
15:35:00.629 detox[24600] [90mE[39m takeScreenshot
15:35:00.629 detox[24600] [90mE[39m afterEach
15:35:00.630 detox[24600] [90mB[39m onTestDone
  args: ({"title":"should navigate back to Home from Profile","fullName":"Navigation Between Core Screens should navigate back to Home from Profile","status":"passed","invocations":1})
15:35:00.630 detox[24600] [90mi[39m stopping ADBLogcatRecording
15:35:00.630 detox[24600] [90mi[39m starting ADBScreencapRecording
15:35:00.630 detox[24600] [90mi[39m "/Users/ips-162/Library/Android/sdk/platform-tools/adb" -s emulator-5554 shell "screencap /sdcard/153259723_9.png"
15:35:00.632 detox[24600] [90mi[39m "/Users/ips-162/Library/Android/sdk/platform-tools/adb" -s emulator-5554 shell "date +\"%m-%d %T.000\""
15:35:00.726 detox[24600] [90mi[39m 12-16 15:36:03.000

15:35:00.727 detox[24600] [90mi[39m sending SIGINT to: /Users/ips-162/Library/Android/sdk/platform-tools/adb -s emulator-5554 shell logcat -T "12-16 15:35:51.000" --pid=29545 -f /sdcard/153259723_7.log
15:35:00.729 detox[24600] [90mi[39m /Users/ips-162/Library/Android/sdk/platform-tools/adb -s emulator-5554 shell "logcat -T \"12-16 15:35:51.000\" --pid=29545 -f /sdcard/153259723_7.log" terminated with SIGINT
15:35:00.729 detox[24600] [90mi[39m saving ADBLogcatRecording to: artifacts/android.emu.debug.2025-12-16 10-02-56Z/✓ Navigation Between Core Screens should navigate back to Home from Profile/device.log
15:35:00.729 detox[24600] [90mi[39m "/Users/ips-162/Library/Android/sdk/platform-tools/adb" -s emulator-5554 pull "/sdcard/153259723_7.log" "artifacts/android.emu.debug.2025-12-16 10-02-56Z/✓ Navigation Between Core Screens should navigate back to Home from Profile/device.log"
15:35:00.773 detox[24600] [90mi[39m /sdcard/153259723_7.log: 1 file pulled, 0 skipped. 1.2 MB/s (7757 bytes in 0.006s)

15:35:00.773 detox[24600] [90mi[39m "/Users/ips-162/Library/Android/sdk/platform-tools/adb" -s emulator-5554 shell "rm  \"/sdcard/153259723_7.log\""
15:35:00.879 detox[24600] [90mi[39m 
15:35:01.351 detox[24600] [90mi[39m 
15:35:01.351 detox[24600] [90mi[39m stopping ADBScreencapRecording
15:35:01.351 detox[24600] [90mE[39m onTestDone
15:35:01.351 detox[24600] [90mE[39m should navigate back to Home from Profile
15:35:01.352 detox[24600] [90mi[39m Navigation Between Core Screens: should navigate back to Home from Profile [OK]
15:35:01.353 detox[24600] [90mB[39m should complete full navigation cycle
15:35:01.353 detox[24600] [90mi[39m Navigation Between Core Screens: should complete full navigation cycle
15:35:01.353 detox[24600] [90mB[39m onTestStart
  args: ({"title":"should complete full navigation cycle","fullName":"Navigation Between Core Screens should complete full navigation cycle","status":"running","invocations":1})
15:35:01.354 detox[24600] [90mi[39m starting ADBLogcatRecording
15:35:01.356 detox[24600] [90mi[39m /Users/ips-162/Library/Android/sdk/platform-tools/adb -s emulator-5554 shell "logcat -T \"12-16 15:36:03.000\" --pid=29545 -f /sdcard/153259723_10.log"
15:35:01.356 detox[24600] [90mE[39m onTestStart
15:35:01.356 detox[24600] [90mB[39m beforeEach
15:35:01.356 detox[24600] [90mE[39m beforeEach
15:35:01.359 detox[24600] [90mB[39m test_fn
15:35:01.360 detox[24600] [90mi[39m  Testing complete navigation cycle
15:35:01.360 detox[24600] [90mi[39m send message
  data: {"type":"invoke","params":{"target":{"type":"Class","value":"com.wix.detox.espresso.EspressoDetox"},"method":"perform","args":[{"type":"Invocation","value":{"target":{"type":"Class","value":"com.wix.detox.espresso.DetoxMatcher"},"method":"matcherForTestId","args":["details-tab",{"type":"boolean","value":false}]}},{"type":"Invocation","value":{"target":{"type":"Class","value":"com.wix.detox.espresso.DetoxViewActions"},"method":"click","args":[]}}]},"messageId":31}
15:35:01.362 detox[24600] [90mB[39m tap
  data: {
    "target": {
      "type": "Class",
      "value": "com.wix.detox.espresso.EspressoDetox"
    },
    "method": "perform",
    "args": [
      {
        "type": "Invocation",
        "value": {
          "target": {
            "type": "Class",
            "value": "com.wix.detox.espresso.DetoxMatcher"
          },
          "method": "matcherForTestId",
          "args": [
            "details-tab",
            {
              "type": "boolean",
              "value": false
            }
          ]
        }
      },
      {
        "type": "Invocation",
        "value": {
          "target": {
            "type": "Class",
            "value": "com.wix.detox.espresso.DetoxViewActions"
          },
          "method": "click",
          "args": []
        }
      }
    ]
  }
15:35:01.363 detox[24599] [90mi[39m get
  data: {"type":"invoke","params":{"target":{"type":"Class","value":"com.wix.detox.espresso.EspressoDetox"},"method":"perform","args":[{"type":"Invocation","value":{"target":{"type":"Class","value":"com.wix.detox.espresso.DetoxMatcher"},"method":"matcherForTestId","args":["details-tab",{"type":"boolean","value":false}]}},{"type":"Invocation","value":{"target":{"type":"Class","value":"com.wix.detox.espresso.DetoxViewActions"},"method":"click","args":[]}}]},"messageId":31}
15:35:01.363 detox[24599] [90mi[39m send
  data: {
    "type": "invoke",
    "params": {
      "target": {
        "type": "Class",
        "value": "com.wix.detox.espresso.EspressoDetox"
      },
      "method": "perform",
      "args": [
        {
          "type": "Invocation",
          "value": {
            "target": {
              "type": "Class",
              "value": "com.wix.detox.espresso.DetoxMatcher"
            },
            "method": "matcherForTestId",
            "args": [
              "details-tab",
              {
                "type": "boolean",
                "value": false
              }
            ]
          }
        },
        {
          "type": "Invocation",
          "value": {
            "target": {
              "type": "Class",
              "value": "com.wix.detox.espresso.DetoxViewActions"
            },
            "method": "click",
            "args": []
          }
        }
      ]
    },
    "messageId": 31
  }
15:35:01.364 detox[24600] [90mi[39m saving FileArtifact to: artifacts/android.emu.debug.2025-12-16 10-02-56Z/✓ Navigation Between Core Screens should navigate back to Home from Profile/navigation-test-screenshot.png
15:35:01.365 detox[24600] [90mi[39m moving "/private/var/folders/r0/j9yltjr10ysg22c7l5sx938r0000gn/T/detox-24600-wMF150.detox.png" to artifacts/android.emu.debug.2025-12-16 10-02-56Z/✓ Navigation Between Core Screens should navigate back to Home from Profile/navigation-test-screenshot.png
15:35:01.371 detox[24600] [90mi[39m saving ADBScreencapRecording to: artifacts/android.emu.debug.2025-12-16 10-02-56Z/✓ Navigation Between Core Screens should navigate back to Home from Profile/testDone.png
15:35:01.372 detox[24600] [90mi[39m "/Users/ips-162/Library/Android/sdk/platform-tools/adb" -s emulator-5554 pull "/sdcard/153259723_9.png" "artifacts/android.emu.debug.2025-12-16 10-02-56Z/✓ Navigation Between Core Screens should navigate back to Home from Profile/testDone.png"
15:35:01.450 detox[24600] [90mi[39m /sdcard/153259723_9.png: 1 file pulled, 0 skipped. 1.4 MB/s (52422 bytes in 0.036s)

15:35:01.450 detox[24600] [90mi[39m "/Users/ips-162/Library/Android/sdk/platform-tools/adb" -s emulator-5554 shell "rm  \"/sdcard/153259723_9.png\""
15:35:01.659 detox[24600] [90mi[39m "/Users/ips-162/Library/Android/sdk/platform-tools/adb" -s emulator-5554 shell du /sdcard/153259723_10.log
15:35:01.869 detox[24600] [90mi[39m 
15:35:01.906 detox[24600] [90mi[39m 4	/sdcard/153259723_10.log

15:35:02.370 detox[24599] [90mi[39m get
  data: {"messageId":31,"type":"invokeResult","params":{"result":null}}
15:35:02.370 detox[24599] [90mi[39m send
  data: {
    "messageId": 31,
    "type": "invokeResult",
    "params": {
      "result": null
    }
  }
15:35:02.370 detox[24600] [90mi[39m get message
  data: {"messageId":31,"type":"invokeResult","params":{"result":null}}
   
15:35:02.370 detox[24600] [90mE[39m tap
15:35:02.629 detox[24599] [90mi[39m get
  data: {"type":"currentStatus","params":{},"messageId":32}
15:35:02.629 detox[24600] [90mi[39m send message
  data: {"type":"currentStatus","params":{},"messageId":32}
15:35:02.630 detox[24599] [90mi[39m send
  data: {
    "type": "currentStatus",
    "params": {},
    "messageId": 32
  }
15:35:02.635 detox[24599] [90mi[39m get
  data: {"messageId":32,"type":"currentStatusResult","params":{"status":{"app_status":"idle"}}}
15:35:02.635 detox[24599] [90mi[39m send
  data: {
    "messageId": 32,
    "type": "currentStatusResult",
    "params": {
      "status": {
        "app_status": "idle"
      }
    }
  }
15:35:02.636 detox[24600] [90mi[39m get message
  data: {"messageId":32,"type":"currentStatusResult","params":{"status":{"app_status":"idle"}}}
   
15:35:02.636 detox[24600] [90mi[39m The app seems to be idle
15:35:03.376 detox[24600] [90mi[39m send message
  data: {"type":"invoke","params":{"target":{"type":"Class","value":"com.wix.detox.espresso.DetoxAssertion"},"method":"assertMatcher","args":[{"type":"Invocation","value":{"target":{"type":"Class","value":"androidx.test.espresso.Espresso"},"method":"onView","args":[{"type":"Invocation","value":{"target":{"type":"Class","value":"com.wix.detox.espresso.DetoxMatcher"},"method":"matcherForTestId","args":["details-title",{"type":"boolean","value":false}]}}]}},{"type":"Invocation","value":{"target":{"type":"Class","value":"com.wix.detox.espresso.DetoxMatcher"},"method":"matcherForSufficientlyVisible","args":[{"type":"Integer","value":75}]}}]},"messageId":33}
15:35:03.376 detox[24600] [90mB[39m expect element to be visible
  data: {
    "target": {
      "type": "Class",
      "value": "com.wix.detox.espresso.DetoxAssertion"
    },
    "method": "assertMatcher",
    "args": [
      {
        "type": "Invocation",
        "value": {
          "target": {
            "type": "Class",
            "value": "androidx.test.espresso.Espresso"
          },
          "method": "onView",
          "args": [
            {
              "type": "Invocation",
              "value": {
                "target": {
                  "type": "Class",
                  "value": "com.wix.detox.espresso.DetoxMatcher"
                },
                "method": "matcherForTestId",
                "args": [
                  "details-title",
                  {
                    "type": "boolean",
                    "value": false
                  }
                ]
              }
            }
          ]
        }
      },
      {
        "type": "Invocation",
        "value": {
          "target": {
            "type": "Class",
            "value": "com.wix.detox.espresso.DetoxMatcher"
          },
          "method": "matcherForSufficientlyVisible",
          "args": [
            {
              "type": "Integer",
              "value": 75
            }
          ]
        }
      }
    ]
  }
15:35:03.377 detox[24599] [90mi[39m get
  data: {"type":"invoke","params":{"target":{"type":"Class","value":"com.wix.detox.espresso.DetoxAssertion"},"method":"assertMatcher","args":[{"type":"Invocation","value":{"target":{"type":"Class","value":"androidx.test.espresso.Espresso"},"method":"onView","args":[{"type":"Invocation","value":{"target":{"type":"Class","value":"com.wix.detox.espresso.DetoxMatcher"},"method":"matcherForTestId","args":["details-title",{"type":"boolean","value":false}]}}]}},{"type":"Invocation","value":{"target":{"type":"Class","value":"com.wix.detox.espresso.DetoxMatcher"},"method":"matcherForSufficientlyVisible","args":[{"type":"Integer","value":75}]}}]},"messageId":33}
15:35:03.377 detox[24599] [90mi[39m send
  data: {
    "type": "invoke",
    "params": {
      "target": {
        "type": "Class",
        "value": "com.wix.detox.espresso.DetoxAssertion"
      },
      "method": "assertMatcher",
      "args": [
        {
          "type": "Invocation",
          "value": {
            "target": {
              "type": "Class",
              "value": "androidx.test.espresso.Espresso"
            },
            "method": "onView",
            "args": [
              {
                "type": "Invocation",
                "value": {
                  "target": {
                    "type": "Class",
                    "value": "com.wix.detox.espresso.DetoxMatcher"
                  },
                  "method": "matcherForTestId",
                  "args": [
                    "details-title",
                    {
                      "type": "boolean",
                      "value": false
                    }
                  ]
                }
              }
            ]
          }
        },
        {
          "type": "Invocation",
          "value": {
            "target": {
              "type": "Class",
              "value": "com.wix.detox.espresso.DetoxMatcher"
            },
            "method": "matcherForSufficientlyVisible",
            "args": [
              {
                "type": "Integer",
                "value": 75
              }
            ]
          }
        }
      ]
    },
    "messageId": 33
  }
15:35:03.552 detox[24599] [90mi[39m get
  data: {"messageId":33,"type":"invokeResult","params":{"result":null}}
15:35:03.552 detox[24599] [90mi[39m send
  data: {
    "messageId": 33,
    "type": "invokeResult",
    "params": {
      "result": null
    }
  }
15:35:03.552 detox[24600] [90mi[39m get message
  data: {"messageId":33,"type":"invokeResult","params":{"result":null}}
   
15:35:03.552 detox[24600] [90mE[39m expect element to be visible
15:35:03.552 detox[24600] [90mi[39m  Switched to Details
15:35:03.553 detox[24599] [90mi[39m get
  data: {"type":"invoke","params":{"target":{"type":"Class","value":"com.wix.detox.espresso.EspressoDetox"},"method":"perform","args":[{"type":"Invocation","value":{"target":{"type":"Class","value":"com.wix.detox.espresso.DetoxMatcher"},"method":"matcherForTestId","args":["profile-tab",{"type":"boolean","value":false}]}},{"type":"Invocation","value":{"target":{"type":"Class","value":"com.wix.detox.espresso.DetoxViewActions"},"method":"click","args":[]}}]},"messageId":34}
15:35:03.553 detox[24599] [90mi[39m send
  data: {
    "type": "invoke",
    "params": {
      "target": {
        "type": "Class",
        "value": "com.wix.detox.espresso.EspressoDetox"
      },
      "method": "perform",
      "args": [
        {
          "type": "Invocation",
          "value": {
            "target": {
              "type": "Class",
              "value": "com.wix.detox.espresso.DetoxMatcher"
            },
            "method": "matcherForTestId",
            "args": [
              "profile-tab",
              {
                "type": "boolean",
                "value": false
              }
            ]
          }
        },
        {
          "type": "Invocation",
          "value": {
            "target": {
              "type": "Class",
              "value": "com.wix.detox.espresso.DetoxViewActions"
            },
            "method": "click",
            "args": []
          }
        }
      ]
    },
    "messageId": 34
  }
15:35:03.553 detox[24600] [90mi[39m send message
  data: {"type":"invoke","params":{"target":{"type":"Class","value":"com.wix.detox.espresso.EspressoDetox"},"method":"perform","args":[{"type":"Invocation","value":{"target":{"type":"Class","value":"com.wix.detox.espresso.DetoxMatcher"},"method":"matcherForTestId","args":["profile-tab",{"type":"boolean","value":false}]}},{"type":"Invocation","value":{"target":{"type":"Class","value":"com.wix.detox.espresso.DetoxViewActions"},"method":"click","args":[]}}]},"messageId":34}
15:35:03.553 detox[24600] [90mB[39m tap
  data: {
    "target": {
      "type": "Class",
      "value": "com.wix.detox.espresso.EspressoDetox"
    },
    "method": "perform",
    "args": [
      {
        "type": "Invocation",
        "value": {
          "target": {
            "type": "Class",
            "value": "com.wix.detox.espresso.DetoxMatcher"
          },
          "method": "matcherForTestId",
          "args": [
            "profile-tab",
            {
              "type": "boolean",
              "value": false
            }
          ]
        }
      },
      {
        "type": "Invocation",
        "value": {
          "target": {
            "type": "Class",
            "value": "com.wix.detox.espresso.DetoxViewActions"
          },
          "method": "click",
          "args": []
        }
      }
    ]
  }
15:35:04.799 detox[24599] [90mi[39m get
  data: {"messageId":34,"type":"invokeResult","params":{"result":null}}
15:35:04.799 detox[24599] [90mi[39m send
  data: {
    "messageId": 34,
    "type": "invokeResult",
    "params": {
      "result": null
    }
  }
15:35:04.799 detox[24600] [90mi[39m get message
  data: {"messageId":34,"type":"invokeResult","params":{"result":null}}
   
15:35:04.799 detox[24600] [90mE[39m tap
15:35:05.803 detox[24600] [90mi[39m send message
  data: {"type":"invoke","params":{"target":{"type":"Class","value":"com.wix.detox.espresso.DetoxAssertion"},"method":"assertMatcher","args":[{"type":"Invocation","value":{"target":{"type":"Class","value":"androidx.test.espresso.Espresso"},"method":"onView","args":[{"type":"Invocation","value":{"target":{"type":"Class","value":"com.wix.detox.espresso.DetoxMatcher"},"method":"matcherForTestId","args":["profile-title",{"type":"boolean","value":false}]}}]}},{"type":"Invocation","value":{"target":{"type":"Class","value":"com.wix.detox.espresso.DetoxMatcher"},"method":"matcherForSufficientlyVisible","args":[{"type":"Integer","value":75}]}}]},"messageId":35}
15:35:05.804 detox[24599] [90mi[39m get
  data: {"type":"invoke","params":{"target":{"type":"Class","value":"com.wix.detox.espresso.DetoxAssertion"},"method":"assertMatcher","args":[{"type":"Invocation","value":{"target":{"type":"Class","value":"androidx.test.espresso.Espresso"},"method":"onView","args":[{"type":"Invocation","value":{"target":{"type":"Class","value":"com.wix.detox.espresso.DetoxMatcher"},"method":"matcherForTestId","args":["profile-title",{"type":"boolean","value":false}]}}]}},{"type":"Invocation","value":{"target":{"type":"Class","value":"com.wix.detox.espresso.DetoxMatcher"},"method":"matcherForSufficientlyVisible","args":[{"type":"Integer","value":75}]}}]},"messageId":35}
15:35:05.804 detox[24599] [90mi[39m send
  data: {
    "type": "invoke",
    "params": {
      "target": {
        "type": "Class",
        "value": "com.wix.detox.espresso.DetoxAssertion"
      },
      "method": "assertMatcher",
      "args": [
        {
          "type": "Invocation",
          "value": {
            "target": {
              "type": "Class",
              "value": "androidx.test.espresso.Espresso"
            },
            "method": "onView",
            "args": [
              {
                "type": "Invocation",
                "value": {
                  "target": {
                    "type": "Class",
                    "value": "com.wix.detox.espresso.DetoxMatcher"
                  },
                  "method": "matcherForTestId",
                  "args": [
                    "profile-title",
                    {
                      "type": "boolean",
                      "value": false
                    }
                  ]
                }
              }
            ]
          }
        },
        {
          "type": "Invocation",
          "value": {
            "target": {
              "type": "Class",
              "value": "com.wix.detox.espresso.DetoxMatcher"
            },
            "method": "matcherForSufficientlyVisible",
            "args": [
              {
                "type": "Integer",
                "value": 75
              }
            ]
          }
        }
      ]
    },
    "messageId": 35
  }
15:35:05.804 detox[24600] [90mB[39m expect element to be visible
  data: {
    "target": {
      "type": "Class",
      "value": "com.wix.detox.espresso.DetoxAssertion"
    },
    "method": "assertMatcher",
    "args": [
      {
        "type": "Invocation",
        "value": {
          "target": {
            "type": "Class",
            "value": "androidx.test.espresso.Espresso"
          },
          "method": "onView",
          "args": [
            {
              "type": "Invocation",
              "value": {
                "target": {
                  "type": "Class",
                  "value": "com.wix.detox.espresso.DetoxMatcher"
                },
                "method": "matcherForTestId",
                "args": [
                  "profile-title",
                  {
                    "type": "boolean",
                    "value": false
                  }
                ]
              }
            }
          ]
        }
      },
      {
        "type": "Invocation",
        "value": {
          "target": {
            "type": "Class",
            "value": "com.wix.detox.espresso.DetoxMatcher"
          },
          "method": "matcherForSufficientlyVisible",
          "args": [
            {
              "type": "Integer",
              "value": 75
            }
          ]
        }
      }
    ]
  }
15:35:05.847 detox[24599] [90mi[39m get
  data: {"messageId":35,"type":"invokeResult","params":{"result":null}}
15:35:05.847 detox[24599] [90mi[39m send
  data: {
    "messageId": 35,
    "type": "invokeResult",
    "params": {
      "result": null
    }
  }
15:35:05.849 detox[24600] [90mi[39m get message
  data: {"messageId":35,"type":"invokeResult","params":{"result":null}}
   
15:35:05.849 detox[24600] [90mE[39m expect element to be visible
15:35:05.850 detox[24600] [90mi[39m  Switched to Profile
15:35:05.855 detox[24600] [90mi[39m send message
  data: {"type":"invoke","params":{"target":{"type":"Class","value":"com.wix.detox.espresso.EspressoDetox"},"method":"perform","args":[{"type":"Invocation","value":{"target":{"type":"Class","value":"com.wix.detox.espresso.DetoxMatcher"},"method":"matcherForTestId","args":["home-tab",{"type":"boolean","value":false}]}},{"type":"Invocation","value":{"target":{"type":"Class","value":"com.wix.detox.espresso.DetoxViewActions"},"method":"click","args":[]}}]},"messageId":36}
15:35:05.855 detox[24600] [90mB[39m tap
  data: {
    "target": {
      "type": "Class",
      "value": "com.wix.detox.espresso.EspressoDetox"
    },
    "method": "perform",
    "args": [
      {
        "type": "Invocation",
        "value": {
          "target": {
            "type": "Class",
            "value": "com.wix.detox.espresso.DetoxMatcher"
          },
          "method": "matcherForTestId",
          "args": [
            "home-tab",
            {
              "type": "boolean",
              "value": false
            }
          ]
        }
      },
      {
        "type": "Invocation",
        "value": {
          "target": {
            "type": "Class",
            "value": "com.wix.detox.espresso.DetoxViewActions"
          },
          "method": "click",
          "args": []
        }
      }
    ]
  }
15:35:05.859 detox[24599] [90mi[39m get
  data: {"type":"invoke","params":{"target":{"type":"Class","value":"com.wix.detox.espresso.EspressoDetox"},"method":"perform","args":[{"type":"Invocation","value":{"target":{"type":"Class","value":"com.wix.detox.espresso.DetoxMatcher"},"method":"matcherForTestId","args":["home-tab",{"type":"boolean","value":false}]}},{"type":"Invocation","value":{"target":{"type":"Class","value":"com.wix.detox.espresso.DetoxViewActions"},"method":"click","args":[]}}]},"messageId":36}
15:35:05.859 detox[24599] [90mi[39m send
  data: {
    "type": "invoke",
    "params": {
      "target": {
        "type": "Class",
        "value": "com.wix.detox.espresso.EspressoDetox"
      },
      "method": "perform",
      "args": [
        {
          "type": "Invocation",
          "value": {
            "target": {
              "type": "Class",
              "value": "com.wix.detox.espresso.DetoxMatcher"
            },
            "method": "matcherForTestId",
            "args": [
              "home-tab",
              {
                "type": "boolean",
                "value": false
              }
            ]
          }
        },
        {
          "type": "Invocation",
          "value": {
            "target": {
              "type": "Class",
              "value": "com.wix.detox.espresso.DetoxViewActions"
            },
            "method": "click",
            "args": []
          }
        }
      ]
    },
    "messageId": 36
  }
15:35:06.670 detox[24599] [90mi[39m get
  data: {"messageId":36,"type":"invokeResult","params":{"result":null}}
15:35:06.671 detox[24599] [90mi[39m send
  data: {
    "messageId": 36,
    "type": "invokeResult",
    "params": {
      "result": null
    }
  }
15:35:06.671 detox[24600] [90mi[39m get message
  data: {"messageId":36,"type":"invokeResult","params":{"result":null}}
   
15:35:06.671 detox[24600] [90mE[39m tap
15:35:07.675 detox[24600] [90mi[39m send message
  data: {"type":"invoke","params":{"target":{"type":"Class","value":"com.wix.detox.espresso.DetoxAssertion"},"method":"assertMatcher","args":[{"type":"Invocation","value":{"target":{"type":"Class","value":"androidx.test.espresso.Espresso"},"method":"onView","args":[{"type":"Invocation","value":{"target":{"type":"Class","value":"com.wix.detox.espresso.DetoxMatcher"},"method":"matcherForTestId","args":["welcome-title",{"type":"boolean","value":false}]}}]}},{"type":"Invocation","value":{"target":{"type":"Class","value":"com.wix.detox.espresso.DetoxMatcher"},"method":"matcherForSufficientlyVisible","args":[{"type":"Integer","value":75}]}}]},"messageId":37}
15:35:07.676 detox[24599] [90mi[39m get
  data: {"type":"invoke","params":{"target":{"type":"Class","value":"com.wix.detox.espresso.DetoxAssertion"},"method":"assertMatcher","args":[{"type":"Invocation","value":{"target":{"type":"Class","value":"androidx.test.espresso.Espresso"},"method":"onView","args":[{"type":"Invocation","value":{"target":{"type":"Class","value":"com.wix.detox.espresso.DetoxMatcher"},"method":"matcherForTestId","args":["welcome-title",{"type":"boolean","value":false}]}}]}},{"type":"Invocation","value":{"target":{"type":"Class","value":"com.wix.detox.espresso.DetoxMatcher"},"method":"matcherForSufficientlyVisible","args":[{"type":"Integer","value":75}]}}]},"messageId":37}
15:35:07.676 detox[24599] [90mi[39m send
  data: {
    "type": "invoke",
    "params": {
      "target": {
        "type": "Class",
        "value": "com.wix.detox.espresso.DetoxAssertion"
      },
      "method": "assertMatcher",
      "args": [
        {
          "type": "Invocation",
          "value": {
            "target": {
              "type": "Class",
              "value": "androidx.test.espresso.Espresso"
            },
            "method": "onView",
            "args": [
              {
                "type": "Invocation",
                "value": {
                  "target": {
                    "type": "Class",
                    "value": "com.wix.detox.espresso.DetoxMatcher"
                  },
                  "method": "matcherForTestId",
                  "args": [
                    "welcome-title",
                    {
                      "type": "boolean",
                      "value": false
                    }
                  ]
                }
              }
            ]
          }
        },
        {
          "type": "Invocation",
          "value": {
            "target": {
              "type": "Class",
              "value": "com.wix.detox.espresso.DetoxMatcher"
            },
            "method": "matcherForSufficientlyVisible",
            "args": [
              {
                "type": "Integer",
                "value": 75
              }
            ]
          }
        }
      ]
    },
    "messageId": 37
  }
15:35:07.676 detox[24600] [90mB[39m expect element to be visible
  data: {
    "target": {
      "type": "Class",
      "value": "com.wix.detox.espresso.DetoxAssertion"
    },
    "method": "assertMatcher",
    "args": [
      {
        "type": "Invocation",
        "value": {
          "target": {
            "type": "Class",
            "value": "androidx.test.espresso.Espresso"
          },
          "method": "onView",
          "args": [
            {
              "type": "Invocation",
              "value": {
                "target": {
                  "type": "Class",
                  "value": "com.wix.detox.espresso.DetoxMatcher"
                },
                "method": "matcherForTestId",
                "args": [
                  "welcome-title",
                  {
                    "type": "boolean",
                    "value": false
                  }
                ]
              }
            }
          ]
        }
      },
      {
        "type": "Invocation",
        "value": {
          "target": {
            "type": "Class",
            "value": "com.wix.detox.espresso.DetoxMatcher"
          },
          "method": "matcherForSufficientlyVisible",
          "args": [
            {
              "type": "Integer",
              "value": 75
            }
          ]
        }
      }
    ]
  }
15:35:07.691 detox[24599] [90mi[39m get
  data: {"messageId":37,"type":"invokeResult","params":{"result":null}}
15:35:07.691 detox[24599] [90mi[39m send
  data: {
    "messageId": 37,
    "type": "invokeResult",
    "params": {
      "result": null
    }
  }
15:35:07.694 detox[24600] [90mi[39m get message
  data: {"messageId":37,"type":"invokeResult","params":{"result":null}}
   
15:35:07.694 detox[24600] [90mE[39m expect element to be visible
15:35:07.694 detox[24600] [90mi[39m  Switched back to Home
15:35:07.694 detox[24600] [90mi[39m  Navigation cycle completed successfully
15:35:07.694 detox[24600] [90mE[39m test_fn
15:35:07.695 detox[24600] [90mB[39m afterEach
15:35:07.695 detox[24600] [90mB[39m takeScreenshot
  args: ("navigation-test-screenshot")
15:35:07.695 detox[24600] [90mi[39m "/Users/ips-162/Library/Android/sdk/platform-tools/adb" -s emulator-5554 shell "screencap /sdcard/153259723_11.png"
15:35:08.254 detox[24600] [90mi[39m 
15:35:08.255 detox[24600] [90mi[39m "/Users/ips-162/Library/Android/sdk/platform-tools/adb" -s emulator-5554 pull "/sdcard/153259723_11.png" "/private/var/folders/r0/j9yltjr10ysg22c7l5sx938r0000gn/T/detox-24600-yqGKuD.detox.png"
15:35:08.287 detox[24600] [90mi[39m /sdcard/153259723_11.png: 1 file pulled, 0 skipped. 18.8 MB/s (52422 bytes in 0.003s)

15:35:08.288 detox[24600] [90mi[39m "/Users/ips-162/Library/Android/sdk/platform-tools/adb" -s emulator-5554 shell "rm  \"/sdcard/153259723_11.png\""
15:35:08.351 detox[24600] [90mi[39m 
15:35:08.351 detox[24600] [90mB[39m onCreateExternalArtifact
  args: ({"pluginId":"screenshot","artifactName":"navigation-test-screenshot","artifactPath":"/private/var/folders/r0/j9yltjr10ysg22c7l5sx938r0000gn/T/detox-24600-yqGKuD.detox.png"})
15:35:08.351 detox[24600] [90mi[39m starting FileArtifact
15:35:08.351 detox[24600] [90mi[39m stopping FileArtifact
15:35:08.351 detox[24600] [90mE[39m onCreateExternalArtifact
15:35:08.351 detox[24600] [90mE[39m takeScreenshot
15:35:08.351 detox[24600] [90mE[39m afterEach
15:35:08.351 detox[24600] [90mB[39m onTestDone
  args: ({"title":"should complete full navigation cycle","fullName":"Navigation Between Core Screens should complete full navigation cycle","status":"passed","invocations":1})
15:35:08.352 detox[24600] [90mi[39m stopping ADBLogcatRecording
15:35:08.352 detox[24600] [90mi[39m starting ADBScreencapRecording
15:35:08.352 detox[24600] [90mi[39m "/Users/ips-162/Library/Android/sdk/platform-tools/adb" -s emulator-5554 shell "screencap /sdcard/153259723_12.png"
15:35:08.355 detox[24600] [90mi[39m "/Users/ips-162/Library/Android/sdk/platform-tools/adb" -s emulator-5554 shell "date +\"%m-%d %T.000\""
15:35:08.449 detox[24600] [90mi[39m 12-16 15:36:11.000

15:35:08.453 detox[24600] [90mi[39m sending SIGINT to: /Users/ips-162/Library/Android/sdk/platform-tools/adb -s emulator-5554 shell logcat -T "12-16 15:36:03.000" --pid=29545 -f /sdcard/153259723_10.log
15:35:08.454 detox[24600] [90mi[39m /Users/ips-162/Library/Android/sdk/platform-tools/adb -s emulator-5554 shell "logcat -T \"12-16 15:36:03.000\" --pid=29545 -f /sdcard/153259723_10.log" terminated with SIGINT
15:35:08.455 detox[24600] [90mi[39m saving ADBLogcatRecording to: artifacts/android.emu.debug.2025-12-16 10-02-56Z/✓ Navigation Between Core Screens should complete full navigation cycle/device.log
15:35:08.455 detox[24600] [90mi[39m "/Users/ips-162/Library/Android/sdk/platform-tools/adb" -s emulator-5554 pull "/sdcard/153259723_10.log" "artifacts/android.emu.debug.2025-12-16 10-02-56Z/✓ Navigation Between Core Screens should complete full navigation cycle/device.log"
15:35:08.490 detox[24600] [90mi[39m /sdcard/153259723_10.log: 1 file pulled, 0 skipped. 2.2 MB/s (10612 bytes in 0.005s)

15:35:08.490 detox[24600] [90mi[39m "/Users/ips-162/Library/Android/sdk/platform-tools/adb" -s emulator-5554 shell "rm  \"/sdcard/153259723_10.log\""
15:35:08.572 detox[24600] [90mi[39m 
15:35:09.038 detox[24600] [90mi[39m 
15:35:09.038 detox[24600] [90mi[39m stopping ADBScreencapRecording
15:35:09.038 detox[24600] [90mE[39m onTestDone
15:35:09.038 detox[24600] [90mE[39m should complete full navigation cycle
15:35:09.038 detox[24600] [90mi[39m Navigation Between Core Screens: should complete full navigation cycle [OK]
15:35:09.039 detox[24600] [90mB[39m should maintain bottom tab visibility
15:35:09.039 detox[24600] [90mi[39m Navigation Between Core Screens: should maintain bottom tab visibility
15:35:09.040 detox[24600] [90mB[39m onTestStart
  args: ({"title":"should maintain bottom tab visibility","fullName":"Navigation Between Core Screens should maintain bottom tab visibility","status":"running","invocations":1})
15:35:09.040 detox[24600] [90mi[39m starting ADBLogcatRecording
15:35:09.043 detox[24600] [90mi[39m /Users/ips-162/Library/Android/sdk/platform-tools/adb -s emulator-5554 shell "logcat -T \"12-16 15:36:11.000\" --pid=29545 -f /sdcard/153259723_13.log"
15:35:09.043 detox[24600] [90mE[39m onTestStart
15:35:09.043 detox[24600] [90mB[39m beforeEach
15:35:09.043 detox[24600] [90mE[39m beforeEach
15:35:09.043 detox[24600] [90mB[39m test_fn
15:35:09.044 detox[24600] [90mi[39m  Testing tab bar persistence
15:35:09.045 detox[24600] [90mi[39m send message
  data: {"type":"invoke","params":{"target":{"type":"Class","value":"com.wix.detox.espresso.DetoxAssertion"},"method":"assertMatcher","args":[{"type":"Invocation","value":{"target":{"type":"Class","value":"androidx.test.espresso.Espresso"},"method":"onView","args":[{"type":"Invocation","value":{"target":{"type":"Class","value":"com.wix.detox.espresso.DetoxMatcher"},"method":"matcherForTestId","args":["home-tab",{"type":"boolean","value":false}]}}]}},{"type":"Invocation","value":{"target":{"type":"Class","value":"com.wix.detox.espresso.DetoxMatcher"},"method":"matcherForSufficientlyVisible","args":[{"type":"Integer","value":75}]}}]},"messageId":38}
15:35:09.048 detox[24600] [90mB[39m expect element to be visible
  data: {
    "target": {
      "type": "Class",
      "value": "com.wix.detox.espresso.DetoxAssertion"
    },
    "method": "assertMatcher",
    "args": [
      {
        "type": "Invocation",
        "value": {
          "target": {
            "type": "Class",
            "value": "androidx.test.espresso.Espresso"
          },
          "method": "onView",
          "args": [
            {
              "type": "Invocation",
              "value": {
                "target": {
                  "type": "Class",
                  "value": "com.wix.detox.espresso.DetoxMatcher"
                },
                "method": "matcherForTestId",
                "args": [
                  "home-tab",
                  {
                    "type": "boolean",
                    "value": false
                  }
                ]
              }
            }
          ]
        }
      },
      {
        "type": "Invocation",
        "value": {
          "target": {
            "type": "Class",
            "value": "com.wix.detox.espresso.DetoxMatcher"
          },
          "method": "matcherForSufficientlyVisible",
          "args": [
            {
              "type": "Integer",
              "value": 75
            }
          ]
        }
      }
    ]
  }
15:35:09.049 detox[24599] [90mi[39m get
  data: {"type":"invoke","params":{"target":{"type":"Class","value":"com.wix.detox.espresso.DetoxAssertion"},"method":"assertMatcher","args":[{"type":"Invocation","value":{"target":{"type":"Class","value":"androidx.test.espresso.Espresso"},"method":"onView","args":[{"type":"Invocation","value":{"target":{"type":"Class","value":"com.wix.detox.espresso.DetoxMatcher"},"method":"matcherForTestId","args":["home-tab",{"type":"boolean","value":false}]}}]}},{"type":"Invocation","value":{"target":{"type":"Class","value":"com.wix.detox.espresso.DetoxMatcher"},"method":"matcherForSufficientlyVisible","args":[{"type":"Integer","value":75}]}}]},"messageId":38}
15:35:09.049 detox[24599] [90mi[39m send
  data: {
    "type": "invoke",
    "params": {
      "target": {
        "type": "Class",
        "value": "com.wix.detox.espresso.DetoxAssertion"
      },
      "method": "assertMatcher",
      "args": [
        {
          "type": "Invocation",
          "value": {
            "target": {
              "type": "Class",
              "value": "androidx.test.espresso.Espresso"
            },
            "method": "onView",
            "args": [
              {
                "type": "Invocation",
                "value": {
                  "target": {
                    "type": "Class",
                    "value": "com.wix.detox.espresso.DetoxMatcher"
                  },
                  "method": "matcherForTestId",
                  "args": [
                    "home-tab",
                    {
                      "type": "boolean",
                      "value": false
                    }
                  ]
                }
              }
            ]
          }
        },
        {
          "type": "Invocation",
          "value": {
            "target": {
              "type": "Class",
              "value": "com.wix.detox.espresso.DetoxMatcher"
            },
            "method": "matcherForSufficientlyVisible",
            "args": [
              {
                "type": "Integer",
                "value": 75
              }
            ]
          }
        }
      ]
    },
    "messageId": 38
  }
15:35:09.050 detox[24600] [90mi[39m saving FileArtifact to: artifacts/android.emu.debug.2025-12-16 10-02-56Z/✓ Navigation Between Core Screens should complete full navigation cycle/navigation-test-screenshot.png
15:35:09.050 detox[24600] [90mi[39m moving "/private/var/folders/r0/j9yltjr10ysg22c7l5sx938r0000gn/T/detox-24600-yqGKuD.detox.png" to artifacts/android.emu.debug.2025-12-16 10-02-56Z/✓ Navigation Between Core Screens should complete full navigation cycle/navigation-test-screenshot.png
15:35:09.069 detox[24600] [90mi[39m saving ADBScreencapRecording to: artifacts/android.emu.debug.2025-12-16 10-02-56Z/✓ Navigation Between Core Screens should complete full navigation cycle/testDone.png
15:35:09.071 detox[24600] [90mi[39m "/Users/ips-162/Library/Android/sdk/platform-tools/adb" -s emulator-5554 pull "/sdcard/153259723_12.png" "artifacts/android.emu.debug.2025-12-16 10-02-56Z/✓ Navigation Between Core Screens should complete full navigation cycle/testDone.png"
15:35:09.140 detox[24599] [90mi[39m get
  data: {"messageId":38,"type":"invokeResult","params":{"result":null}}
15:35:09.140 detox[24599] [90mi[39m send
  data: {
    "messageId": 38,
    "type": "invokeResult",
    "params": {
      "result": null
    }
  }
15:35:09.141 detox[24600] [90mi[39m get message
  data: {"messageId":38,"type":"invokeResult","params":{"result":null}}
   
15:35:09.141 detox[24600] [90mE[39m expect element to be visible
15:35:09.141 detox[24600] [90mi[39m send message
  data: {"type":"invoke","params":{"target":{"type":"Class","value":"com.wix.detox.espresso.DetoxAssertion"},"method":"assertMatcher","args":[{"type":"Invocation","value":{"target":{"type":"Class","value":"androidx.test.espresso.Espresso"},"method":"onView","args":[{"type":"Invocation","value":{"target":{"type":"Class","value":"com.wix.detox.espresso.DetoxMatcher"},"method":"matcherForTestId","args":["details-tab",{"type":"boolean","value":false}]}}]}},{"type":"Invocation","value":{"target":{"type":"Class","value":"com.wix.detox.espresso.DetoxMatcher"},"method":"matcherForSufficientlyVisible","args":[{"type":"Integer","value":75}]}}]},"messageId":39}
15:35:09.142 detox[24599] [90mi[39m get
  data: {"type":"invoke","params":{"target":{"type":"Class","value":"com.wix.detox.espresso.DetoxAssertion"},"method":"assertMatcher","args":[{"type":"Invocation","value":{"target":{"type":"Class","value":"androidx.test.espresso.Espresso"},"method":"onView","args":[{"type":"Invocation","value":{"target":{"type":"Class","value":"com.wix.detox.espresso.DetoxMatcher"},"method":"matcherForTestId","args":["details-tab",{"type":"boolean","value":false}]}}]}},{"type":"Invocation","value":{"target":{"type":"Class","value":"com.wix.detox.espresso.DetoxMatcher"},"method":"matcherForSufficientlyVisible","args":[{"type":"Integer","value":75}]}}]},"messageId":39}
15:35:09.142 detox[24599] [90mi[39m send
  data: {
    "type": "invoke",
    "params": {
      "target": {
        "type": "Class",
        "value": "com.wix.detox.espresso.DetoxAssertion"
      },
      "method": "assertMatcher",
      "args": [
        {
          "type": "Invocation",
          "value": {
            "target": {
              "type": "Class",
              "value": "androidx.test.espresso.Espresso"
            },
            "method": "onView",
            "args": [
              {
                "type": "Invocation",
                "value": {
                  "target": {
                    "type": "Class",
                    "value": "com.wix.detox.espresso.DetoxMatcher"
                  },
                  "method": "matcherForTestId",
                  "args": [
                    "details-tab",
                    {
                      "type": "boolean",
                      "value": false
                    }
                  ]
                }
              }
            ]
          }
        },
        {
          "type": "Invocation",
          "value": {
            "target": {
              "type": "Class",
              "value": "com.wix.detox.espresso.DetoxMatcher"
            },
            "method": "matcherForSufficientlyVisible",
            "args": [
              {
                "type": "Integer",
                "value": 75
              }
            ]
          }
        }
      ]
    },
    "messageId": 39
  }
15:35:09.143 detox[24600] [90mB[39m expect element to be visible
  data: {
    "target": {
      "type": "Class",
      "value": "com.wix.detox.espresso.DetoxAssertion"
    },
    "method": "assertMatcher",
    "args": [
      {
        "type": "Invocation",
        "value": {
          "target": {
            "type": "Class",
            "value": "androidx.test.espresso.Espresso"
          },
          "method": "onView",
          "args": [
            {
              "type": "Invocation",
              "value": {
                "target": {
                  "type": "Class",
                  "value": "com.wix.detox.espresso.DetoxMatcher"
                },
                "method": "matcherForTestId",
                "args": [
                  "details-tab",
                  {
                    "type": "boolean",
                    "value": false
                  }
                ]
              }
            }
          ]
        }
      },
      {
        "type": "Invocation",
        "value": {
          "target": {
            "type": "Class",
            "value": "com.wix.detox.espresso.DetoxMatcher"
          },
          "method": "matcherForSufficientlyVisible",
          "args": [
            {
              "type": "Integer",
              "value": 75
            }
          ]
        }
      }
    ]
  }
15:35:09.200 detox[24600] [90mi[39m /sdcard/153259723_12.png: 1 file pulled, 0 skipped. 8.7 MB/s (52422 bytes in 0.006s)

15:35:09.200 detox[24600] [90mi[39m "/Users/ips-162/Library/Android/sdk/platform-tools/adb" -s emulator-5554 shell "rm  \"/sdcard/153259723_12.png\""
15:35:09.344 detox[24600] [90mi[39m "/Users/ips-162/Library/Android/sdk/platform-tools/adb" -s emulator-5554 shell du /sdcard/153259723_13.log
15:35:09.445 detox[24599] [90mi[39m get
  data: {"messageId":39,"type":"invokeResult","params":{"result":null}}
15:35:09.445 detox[24599] [90mi[39m send
  data: {
    "messageId": 39,
    "type": "invokeResult",
    "params": {
      "result": null
    }
  }
15:35:09.445 detox[24600] [90mi[39m get message
  data: {"messageId":39,"type":"invokeResult","params":{"result":null}}
   
15:35:09.446 detox[24600] [90mE[39m expect element to be visible
15:35:09.446 detox[24600] [90mi[39m send message
  data: {"type":"invoke","params":{"target":{"type":"Class","value":"com.wix.detox.espresso.DetoxAssertion"},"method":"assertMatcher","args":[{"type":"Invocation","value":{"target":{"type":"Class","value":"androidx.test.espresso.Espresso"},"method":"onView","args":[{"type":"Invocation","value":{"target":{"type":"Class","value":"com.wix.detox.espresso.DetoxMatcher"},"method":"matcherForTestId","args":["profile-tab",{"type":"boolean","value":false}]}}]}},{"type":"Invocation","value":{"target":{"type":"Class","value":"com.wix.detox.espresso.DetoxMatcher"},"method":"matcherForSufficientlyVisible","args":[{"type":"Integer","value":75}]}}]},"messageId":40}
15:35:09.446 detox[24600] [90mB[39m expect element to be visible
  data: {
    "target": {
      "type": "Class",
      "value": "com.wix.detox.espresso.DetoxAssertion"
    },
    "method": "assertMatcher",
    "args": [
      {
        "type": "Invocation",
        "value": {
          "target": {
            "type": "Class",
            "value": "androidx.test.espresso.Espresso"
          },
          "method": "onView",
          "args": [
            {
              "type": "Invocation",
              "value": {
                "target": {
                  "type": "Class",
                  "value": "com.wix.detox.espresso.DetoxMatcher"
                },
                "method": "matcherForTestId",
                "args": [
                  "profile-tab",
                  {
                    "type": "boolean",
                    "value": false
                  }
                ]
              }
            }
          ]
        }
      },
      {
        "type": "Invocation",
        "value": {
          "target": {
            "type": "Class",
            "value": "com.wix.detox.espresso.DetoxMatcher"
          },
          "method": "matcherForSufficientlyVisible",
          "args": [
            {
              "type": "Integer",
              "value": 75
            }
          ]
        }
      }
    ]
  }
15:35:09.447 detox[24599] [90mi[39m get
  data: {"type":"invoke","params":{"target":{"type":"Class","value":"com.wix.detox.espresso.DetoxAssertion"},"method":"assertMatcher","args":[{"type":"Invocation","value":{"target":{"type":"Class","value":"androidx.test.espresso.Espresso"},"method":"onView","args":[{"type":"Invocation","value":{"target":{"type":"Class","value":"com.wix.detox.espresso.DetoxMatcher"},"method":"matcherForTestId","args":["profile-tab",{"type":"boolean","value":false}]}}]}},{"type":"Invocation","value":{"target":{"type":"Class","value":"com.wix.detox.espresso.DetoxMatcher"},"method":"matcherForSufficientlyVisible","args":[{"type":"Integer","value":75}]}}]},"messageId":40}
15:35:09.447 detox[24599] [90mi[39m send
  data: {
    "type": "invoke",
    "params": {
      "target": {
        "type": "Class",
        "value": "com.wix.detox.espresso.DetoxAssertion"
      },
      "method": "assertMatcher",
      "args": [
        {
          "type": "Invocation",
          "value": {
            "target": {
              "type": "Class",
              "value": "androidx.test.espresso.Espresso"
            },
            "method": "onView",
            "args": [
              {
                "type": "Invocation",
                "value": {
                  "target": {
                    "type": "Class",
                    "value": "com.wix.detox.espresso.DetoxMatcher"
                  },
                  "method": "matcherForTestId",
                  "args": [
                    "profile-tab",
                    {
                      "type": "boolean",
                      "value": false
                    }
                  ]
                }
              }
            ]
          }
        },
        {
          "type": "Invocation",
          "value": {
            "target": {
              "type": "Class",
              "value": "com.wix.detox.espresso.DetoxMatcher"
            },
            "method": "matcherForSufficientlyVisible",
            "args": [
              {
                "type": "Integer",
                "value": 75
              }
            ]
          }
        }
      ]
    },
    "messageId": 40
  }
15:35:09.476 detox[24600] [90mi[39m 
15:35:09.501 detox[24599] [90mi[39m get
  data: {"messageId":40,"type":"invokeResult","params":{"result":null}}
15:35:09.501 detox[24599] [90mi[39m send
  data: {
    "messageId": 40,
    "type": "invokeResult",
    "params": {
      "result": null
    }
  }
15:35:09.501 detox[24600] [90mi[39m get message
  data: {"messageId":40,"type":"invokeResult","params":{"result":null}}
   
15:35:09.502 detox[24600] [90mE[39m expect element to be visible
15:35:09.502 detox[24600] [90mi[39m  All tabs visible on Home
15:35:09.503 detox[24599] [90mi[39m get
  data: {"type":"invoke","params":{"target":{"type":"Class","value":"com.wix.detox.espresso.EspressoDetox"},"method":"perform","args":[{"type":"Invocation","value":{"target":{"type":"Class","value":"com.wix.detox.espresso.DetoxMatcher"},"method":"matcherForTestId","args":["details-tab",{"type":"boolean","value":false}]}},{"type":"Invocation","value":{"target":{"type":"Class","value":"com.wix.detox.espresso.DetoxViewActions"},"method":"click","args":[]}}]},"messageId":41}
15:35:09.503 detox[24599] [90mi[39m send
  data: {
    "type": "invoke",
    "params": {
      "target": {
        "type": "Class",
        "value": "com.wix.detox.espresso.EspressoDetox"
      },
      "method": "perform",
      "args": [
        {
          "type": "Invocation",
          "value": {
            "target": {
              "type": "Class",
              "value": "com.wix.detox.espresso.DetoxMatcher"
            },
            "method": "matcherForTestId",
            "args": [
              "details-tab",
              {
                "type": "boolean",
                "value": false
              }
            ]
          }
        },
        {
          "type": "Invocation",
          "value": {
            "target": {
              "type": "Class",
              "value": "com.wix.detox.espresso.DetoxViewActions"
            },
            "method": "click",
            "args": []
          }
        }
      ]
    },
    "messageId": 41
  }
15:35:09.503 detox[24600] [90mi[39m send message
  data: {"type":"invoke","params":{"target":{"type":"Class","value":"com.wix.detox.espresso.EspressoDetox"},"method":"perform","args":[{"type":"Invocation","value":{"target":{"type":"Class","value":"com.wix.detox.espresso.DetoxMatcher"},"method":"matcherForTestId","args":["details-tab",{"type":"boolean","value":false}]}},{"type":"Invocation","value":{"target":{"type":"Class","value":"com.wix.detox.espresso.DetoxViewActions"},"method":"click","args":[]}}]},"messageId":41}
15:35:09.504 detox[24600] [90mB[39m tap
  data: {
    "target": {
      "type": "Class",
      "value": "com.wix.detox.espresso.EspressoDetox"
    },
    "method": "perform",
    "args": [
      {
        "type": "Invocation",
        "value": {
          "target": {
            "type": "Class",
            "value": "com.wix.detox.espresso.DetoxMatcher"
          },
          "method": "matcherForTestId",
          "args": [
            "details-tab",
            {
              "type": "boolean",
              "value": false
            }
          ]
        }
      },
      {
        "type": "Invocation",
        "value": {
          "target": {
            "type": "Class",
            "value": "com.wix.detox.espresso.DetoxViewActions"
          },
          "method": "click",
          "args": []
        }
      }
    ]
  }
15:35:09.535 detox[24600] [90mi[39m 4	/sdcard/153259723_13.log

15:35:10.339 detox[24599] [90mi[39m get
  data: {"messageId":41,"type":"invokeResult","params":{"result":null}}
15:35:10.339 detox[24599] [90mi[39m send
  data: {
    "messageId": 41,
    "type": "invokeResult",
    "params": {
      "result": null
    }
  }
15:35:10.344 detox[24600] [90mi[39m get message
  data: {"messageId":41,"type":"invokeResult","params":{"result":null}}
   
15:35:10.344 detox[24600] [90mE[39m tap
15:35:11.151 detox[24600] [90mi[39m send message
  data: {"type":"invoke","params":{"target":{"type":"Class","value":"com.wix.detox.espresso.DetoxAssertion"},"method":"assertMatcher","args":[{"type":"Invocation","value":{"target":{"type":"Class","value":"androidx.test.espresso.Espresso"},"method":"onView","args":[{"type":"Invocation","value":{"target":{"type":"Class","value":"com.wix.detox.espresso.DetoxMatcher"},"method":"matcherForTestId","args":["home-tab",{"type":"boolean","value":false}]}}]}},{"type":"Invocation","value":{"target":{"type":"Class","value":"com.wix.detox.espresso.DetoxMatcher"},"method":"matcherForSufficientlyVisible","args":[{"type":"Integer","value":75}]}}]},"messageId":42}
15:35:11.152 detox[24599] [90mi[39m get
  data: {"type":"invoke","params":{"target":{"type":"Class","value":"com.wix.detox.espresso.DetoxAssertion"},"method":"assertMatcher","args":[{"type":"Invocation","value":{"target":{"type":"Class","value":"androidx.test.espresso.Espresso"},"method":"onView","args":[{"type":"Invocation","value":{"target":{"type":"Class","value":"com.wix.detox.espresso.DetoxMatcher"},"method":"matcherForTestId","args":["home-tab",{"type":"boolean","value":false}]}}]}},{"type":"Invocation","value":{"target":{"type":"Class","value":"com.wix.detox.espresso.DetoxMatcher"},"method":"matcherForSufficientlyVisible","args":[{"type":"Integer","value":75}]}}]},"messageId":42}
15:35:11.152 detox[24600] [90mB[39m expect element to be visible
  data: {
    "target": {
      "type": "Class",
      "value": "com.wix.detox.espresso.DetoxAssertion"
    },
    "method": "assertMatcher",
    "args": [
      {
        "type": "Invocation",
        "value": {
          "target": {
            "type": "Class",
            "value": "androidx.test.espresso.Espresso"
          },
          "method": "onView",
          "args": [
            {
              "type": "Invocation",
              "value": {
                "target": {
                  "type": "Class",
                  "value": "com.wix.detox.espresso.DetoxMatcher"
                },
                "method": "matcherForTestId",
                "args": [
                  "home-tab",
                  {
                    "type": "boolean",
                    "value": false
                  }
                ]
              }
            }
          ]
        }
      },
      {
        "type": "Invocation",
        "value": {
          "target": {
            "type": "Class",
            "value": "com.wix.detox.espresso.DetoxMatcher"
          },
          "method": "matcherForSufficientlyVisible",
          "args": [
            {
              "type": "Integer",
              "value": 75
            }
          ]
        }
      }
    ]
  }
15:35:11.153 detox[24599] [90mi[39m send
  data: {
    "type": "invoke",
    "params": {
      "target": {
        "type": "Class",
        "value": "com.wix.detox.espresso.DetoxAssertion"
      },
      "method": "assertMatcher",
      "args": [
        {
          "type": "Invocation",
          "value": {
            "target": {
              "type": "Class",
              "value": "androidx.test.espresso.Espresso"
            },
            "method": "onView",
            "args": [
              {
                "type": "Invocation",
                "value": {
                  "target": {
                    "type": "Class",
                    "value": "com.wix.detox.espresso.DetoxMatcher"
                  },
                  "method": "matcherForTestId",
                  "args": [
                    "home-tab",
                    {
                      "type": "boolean",
                      "value": false
                    }
                  ]
                }
              }
            ]
          }
        },
        {
          "type": "Invocation",
          "value": {
            "target": {
              "type": "Class",
              "value": "com.wix.detox.espresso.DetoxMatcher"
            },
            "method": "matcherForSufficientlyVisible",
            "args": [
              {
                "type": "Integer",
                "value": 75
              }
            ]
          }
        }
      ]
    },
    "messageId": 42
  }
15:35:11.188 detox[24599] [90mi[39m get
  data: {"messageId":42,"type":"invokeResult","params":{"result":null}}
15:35:11.188 detox[24599] [90mi[39m send
  data: {
    "messageId": 42,
    "type": "invokeResult",
    "params": {
      "result": null
    }
  }
15:35:11.189 detox[24600] [90mi[39m get message
  data: {"messageId":42,"type":"invokeResult","params":{"result":null}}
   
15:35:11.189 detox[24600] [90mE[39m expect element to be visible
15:35:11.189 detox[24600] [90mi[39m send message
  data: {"type":"invoke","params":{"target":{"type":"Class","value":"com.wix.detox.espresso.DetoxAssertion"},"method":"assertMatcher","args":[{"type":"Invocation","value":{"target":{"type":"Class","value":"androidx.test.espresso.Espresso"},"method":"onView","args":[{"type":"Invocation","value":{"target":{"type":"Class","value":"com.wix.detox.espresso.DetoxMatcher"},"method":"matcherForTestId","args":["details-tab",{"type":"boolean","value":false}]}}]}},{"type":"Invocation","value":{"target":{"type":"Class","value":"com.wix.detox.espresso.DetoxMatcher"},"method":"matcherForSufficientlyVisible","args":[{"type":"Integer","value":75}]}}]},"messageId":43}
15:35:11.190 detox[24599] [90mi[39m get
  data: {"type":"invoke","params":{"target":{"type":"Class","value":"com.wix.detox.espresso.DetoxAssertion"},"method":"assertMatcher","args":[{"type":"Invocation","value":{"target":{"type":"Class","value":"androidx.test.espresso.Espresso"},"method":"onView","args":[{"type":"Invocation","value":{"target":{"type":"Class","value":"com.wix.detox.espresso.DetoxMatcher"},"method":"matcherForTestId","args":["details-tab",{"type":"boolean","value":false}]}}]}},{"type":"Invocation","value":{"target":{"type":"Class","value":"com.wix.detox.espresso.DetoxMatcher"},"method":"matcherForSufficientlyVisible","args":[{"type":"Integer","value":75}]}}]},"messageId":43}
15:35:11.190 detox[24599] [90mi[39m send
  data: {
    "type": "invoke",
    "params": {
      "target": {
        "type": "Class",
        "value": "com.wix.detox.espresso.DetoxAssertion"
      },
      "method": "assertMatcher",
      "args": [
        {
          "type": "Invocation",
          "value": {
            "target": {
              "type": "Class",
              "value": "androidx.test.espresso.Espresso"
            },
            "method": "onView",
            "args": [
              {
                "type": "Invocation",
                "value": {
                  "target": {
                    "type": "Class",
                    "value": "com.wix.detox.espresso.DetoxMatcher"
                  },
                  "method": "matcherForTestId",
                  "args": [
                    "details-tab",
                    {
                      "type": "boolean",
                      "value": false
                    }
                  ]
                }
              }
            ]
          }
        },
        {
          "type": "Invocation",
          "value": {
            "target": {
              "type": "Class",
              "value": "com.wix.detox.espresso.DetoxMatcher"
            },
            "method": "matcherForSufficientlyVisible",
            "args": [
              {
                "type": "Integer",
                "value": 75
              }
            ]
          }
        }
      ]
    },
    "messageId": 43
  }
15:35:11.190 detox[24600] [90mB[39m expect element to be visible
  data: {
    "target": {
      "type": "Class",
      "value": "com.wix.detox.espresso.DetoxAssertion"
    },
    "method": "assertMatcher",
    "args": [
      {
        "type": "Invocation",
        "value": {
          "target": {
            "type": "Class",
            "value": "androidx.test.espresso.Espresso"
          },
          "method": "onView",
          "args": [
            {
              "type": "Invocation",
              "value": {
                "target": {
                  "type": "Class",
                  "value": "com.wix.detox.espresso.DetoxMatcher"
                },
                "method": "matcherForTestId",
                "args": [
                  "details-tab",
                  {
                    "type": "boolean",
                    "value": false
                  }
                ]
              }
            }
          ]
        }
      },
      {
        "type": "Invocation",
        "value": {
          "target": {
            "type": "Class",
            "value": "com.wix.detox.espresso.DetoxMatcher"
          },
          "method": "matcherForSufficientlyVisible",
          "args": [
            {
              "type": "Integer",
              "value": 75
            }
          ]
        }
      }
    ]
  }
15:35:11.239 detox[24599] [90mi[39m get
  data: {"messageId":43,"type":"invokeResult","params":{"result":null}}
15:35:11.239 detox[24599] [90mi[39m send
  data: {
    "messageId": 43,
    "type": "invokeResult",
    "params": {
      "result": null
    }
  }
15:35:11.240 detox[24600] [90mi[39m get message
  data: {"messageId":43,"type":"invokeResult","params":{"result":null}}
   
15:35:11.241 detox[24600] [90mE[39m expect element to be visible
15:35:11.241 detox[24600] [90mi[39m send message
  data: {"type":"invoke","params":{"target":{"type":"Class","value":"com.wix.detox.espresso.DetoxAssertion"},"method":"assertMatcher","args":[{"type":"Invocation","value":{"target":{"type":"Class","value":"androidx.test.espresso.Espresso"},"method":"onView","args":[{"type":"Invocation","value":{"target":{"type":"Class","value":"com.wix.detox.espresso.DetoxMatcher"},"method":"matcherForTestId","args":["profile-tab",{"type":"boolean","value":false}]}}]}},{"type":"Invocation","value":{"target":{"type":"Class","value":"com.wix.detox.espresso.DetoxMatcher"},"method":"matcherForSufficientlyVisible","args":[{"type":"Integer","value":75}]}}]},"messageId":44}
15:35:11.242 detox[24599] [90mi[39m get
  data: {"type":"invoke","params":{"target":{"type":"Class","value":"com.wix.detox.espresso.DetoxAssertion"},"method":"assertMatcher","args":[{"type":"Invocation","value":{"target":{"type":"Class","value":"androidx.test.espresso.Espresso"},"method":"onView","args":[{"type":"Invocation","value":{"target":{"type":"Class","value":"com.wix.detox.espresso.DetoxMatcher"},"method":"matcherForTestId","args":["profile-tab",{"type":"boolean","value":false}]}}]}},{"type":"Invocation","value":{"target":{"type":"Class","value":"com.wix.detox.espresso.DetoxMatcher"},"method":"matcherForSufficientlyVisible","args":[{"type":"Integer","value":75}]}}]},"messageId":44}
15:35:11.242 detox[24599] [90mi[39m send
  data: {
    "type": "invoke",
    "params": {
      "target": {
        "type": "Class",
        "value": "com.wix.detox.espresso.DetoxAssertion"
      },
      "method": "assertMatcher",
      "args": [
        {
          "type": "Invocation",
          "value": {
            "target": {
              "type": "Class",
              "value": "androidx.test.espresso.Espresso"
            },
            "method": "onView",
            "args": [
              {
                "type": "Invocation",
                "value": {
                  "target": {
                    "type": "Class",
                    "value": "com.wix.detox.espresso.DetoxMatcher"
                  },
                  "method": "matcherForTestId",
                  "args": [
                    "profile-tab",
                    {
                      "type": "boolean",
                      "value": false
                    }
                  ]
                }
              }
            ]
          }
        },
        {
          "type": "Invocation",
          "value": {
            "target": {
              "type": "Class",
              "value": "com.wix.detox.espresso.DetoxMatcher"
            },
            "method": "matcherForSufficientlyVisible",
            "args": [
              {
                "type": "Integer",
                "value": 75
              }
            ]
          }
        }
      ]
    },
    "messageId": 44
  }
15:35:11.242 detox[24600] [90mB[39m expect element to be visible
  data: {
    "target": {
      "type": "Class",
      "value": "com.wix.detox.espresso.DetoxAssertion"
    },
    "method": "assertMatcher",
    "args": [
      {
        "type": "Invocation",
        "value": {
          "target": {
            "type": "Class",
            "value": "androidx.test.espresso.Espresso"
          },
          "method": "onView",
          "args": [
            {
              "type": "Invocation",
              "value": {
                "target": {
                  "type": "Class",
                  "value": "com.wix.detox.espresso.DetoxMatcher"
                },
                "method": "matcherForTestId",
                "args": [
                  "profile-tab",
                  {
                    "type": "boolean",
                    "value": false
                  }
                ]
              }
            }
          ]
        }
      },
      {
        "type": "Invocation",
        "value": {
          "target": {
            "type": "Class",
            "value": "com.wix.detox.espresso.DetoxMatcher"
          },
          "method": "matcherForSufficientlyVisible",
          "args": [
            {
              "type": "Integer",
              "value": 75
            }
          ]
        }
      }
    ]
  }
15:35:11.280 detox[24599] [90mi[39m get
  data: {"messageId":44,"type":"invokeResult","params":{"result":null}}
15:35:11.280 detox[24599] [90mi[39m send
  data: {
    "messageId": 44,
    "type": "invokeResult",
    "params": {
      "result": null
    }
  }
15:35:11.280 detox[24600] [90mi[39m get message
  data: {"messageId":44,"type":"invokeResult","params":{"result":null}}
   
15:35:11.280 detox[24600] [90mE[39m expect element to be visible
15:35:11.280 detox[24600] [90mi[39m  All tabs still visible on Details
15:35:11.281 detox[24600] [90mi[39m  Tab visibility test complete!
15:35:11.281 detox[24600] [90mE[39m test_fn
15:35:11.281 detox[24600] [90mB[39m afterEach
15:35:11.282 detox[24600] [90mB[39m takeScreenshot
  args: ("navigation-test-screenshot")
15:35:11.282 detox[24600] [90mi[39m "/Users/ips-162/Library/Android/sdk/platform-tools/adb" -s emulator-5554 shell "screencap /sdcard/153259723_14.png"
15:35:12.641 detox[24600] [90mi[39m send message
  data: {"type":"currentStatus","params":{},"messageId":45}
15:35:12.644 detox[24599] [90mi[39m get
  data: {"type":"currentStatus","params":{},"messageId":45}
15:35:12.644 detox[24599] [90mi[39m send
  data: {
    "type": "currentStatus",
    "params": {},
    "messageId": 45
  }
15:35:12.681 detox[24599] [90mi[39m get
  data: {"messageId":45,"type":"currentStatusResult","params":{"status":{"app_status":"idle"}}}
15:35:12.681 detox[24599] [90mi[39m send
  data: {
    "messageId": 45,
    "type": "currentStatusResult",
    "params": {
      "status": {
        "app_status": "idle"
      }
    }
  }
15:35:12.681 detox[24600] [90mi[39m get message
  data: {"messageId":45,"type":"currentStatusResult","params":{"status":{"app_status":"idle"}}}
   
15:35:12.682 detox[24600] [90mi[39m The app seems to be idle
15:35:12.705 detox[24600] [90mi[39m 
15:35:12.708 detox[24600] [90mi[39m "/Users/ips-162/Library/Android/sdk/platform-tools/adb" -s emulator-5554 pull "/sdcard/153259723_14.png" "/private/var/folders/r0/j9yltjr10ysg22c7l5sx938r0000gn/T/detox-24600-ujTlNF.detox.png"
15:35:12.742 detox[24600] [90mi[39m /sdcard/153259723_14.png: 1 file pulled, 0 skipped. 16.1 MB/s (49752 bytes in 0.003s)

15:35:12.742 detox[24600] [90mi[39m "/Users/ips-162/Library/Android/sdk/platform-tools/adb" -s emulator-5554 shell "rm  \"/sdcard/153259723_14.png\""
15:35:12.828 detox[24600] [90mi[39m 
15:35:12.829 detox[24600] [90mB[39m onCreateExternalArtifact
  args: ({"pluginId":"screenshot","artifactName":"navigation-test-screenshot","artifactPath":"/private/var/folders/r0/j9yltjr10ysg22c7l5sx938r0000gn/T/detox-24600-ujTlNF.detox.png"})
15:35:12.829 detox[24600] [90mi[39m starting FileArtifact
15:35:12.829 detox[24600] [90mi[39m stopping FileArtifact
15:35:12.829 detox[24600] [90mE[39m onCreateExternalArtifact
15:35:12.829 detox[24600] [90mE[39m takeScreenshot
15:35:12.829 detox[24600] [90mE[39m afterEach
15:35:12.829 detox[24600] [90mB[39m onTestDone
  args: ({"title":"should maintain bottom tab visibility","fullName":"Navigation Between Core Screens should maintain bottom tab visibility","status":"passed","invocations":1})
15:35:12.829 detox[24600] [90mi[39m stopping ADBLogcatRecording
15:35:12.829 detox[24600] [90mi[39m starting ADBScreencapRecording
15:35:12.830 detox[24600] [90mi[39m "/Users/ips-162/Library/Android/sdk/platform-tools/adb" -s emulator-5554 shell "screencap /sdcard/153259723_15.png"
15:35:12.832 detox[24600] [90mi[39m "/Users/ips-162/Library/Android/sdk/platform-tools/adb" -s emulator-5554 shell "date +\"%m-%d %T.000\""
15:35:12.944 detox[24600] [90mi[39m 12-16 15:36:15.000

15:35:12.946 detox[24600] [90mi[39m sending SIGINT to: /Users/ips-162/Library/Android/sdk/platform-tools/adb -s emulator-5554 shell logcat -T "12-16 15:36:11.000" --pid=29545 -f /sdcard/153259723_13.log
15:35:12.947 detox[24600] [90mi[39m /Users/ips-162/Library/Android/sdk/platform-tools/adb -s emulator-5554 shell "logcat -T \"12-16 15:36:11.000\" --pid=29545 -f /sdcard/153259723_13.log" terminated with SIGINT
15:35:12.948 detox[24600] [90mi[39m saving ADBLogcatRecording to: artifacts/android.emu.debug.2025-12-16 10-02-56Z/✓ Navigation Between Core Screens should maintain bottom tab visibility/device.log
15:35:12.948 detox[24600] [90mi[39m "/Users/ips-162/Library/Android/sdk/platform-tools/adb" -s emulator-5554 pull "/sdcard/153259723_13.log" "artifacts/android.emu.debug.2025-12-16 10-02-56Z/✓ Navigation Between Core Screens should maintain bottom tab visibility/device.log"
15:35:12.986 detox[24600] [90mi[39m /sdcard/153259723_13.log: 1 file pulled, 0 skipped. 1.5 MB/s (13591 bytes in 0.009s)

15:35:12.986 detox[24600] [90mi[39m "/Users/ips-162/Library/Android/sdk/platform-tools/adb" -s emulator-5554 shell "rm  \"/sdcard/153259723_13.log\""
15:35:13.051 detox[24600] [90mi[39m 
15:35:14.132 detox[24600] [90mi[39m 
15:35:14.132 detox[24600] [90mi[39m stopping ADBScreencapRecording
15:35:14.132 detox[24600] [90mE[39m onTestDone
15:35:14.133 detox[24600] [90mE[39m should maintain bottom tab visibility
15:35:14.133 detox[24600] [90mi[39m Navigation Between Core Screens: should maintain bottom tab visibility [OK]
15:35:14.134 detox[24600] [90mB[39m onRunDescribeFinish
  args: ({"name":"Navigation Between Core Screens"})
15:35:14.134 detox[24600] [90mE[39m onRunDescribeFinish
15:35:14.134 detox[24600] [90mE[39m Navigation Between Core Screens
15:35:14.135 detox[24600] [90mB[39m afterAll
15:35:14.136 detox[24600] [90mi[39m 🏁 Test suite completed
15:35:14.136 detox[24600] [90mE[39m afterAll
15:35:14.136 detox[24600] [90mB[39m onRunDescribeFinish
  args: ({"name":"ROOT_DESCRIBE_BLOCK"})
15:35:14.136 detox[24600] [90mE[39m onRunDescribeFinish
15:35:14.137 detox[24600] [90mE[39m run the tests
15:35:14.141 detox[24600] [90mB[39m tear down environment
15:35:14.144 detox[24600] [90mB[39m onBeforeCleanup
  args: ()
15:35:14.146 detox[24600] [90mi[39m saving FileArtifact to: artifacts/android.emu.debug.2025-12-16 10-02-56Z/✓ Navigation Between Core Screens should maintain bottom tab visibility/navigation-test-screenshot.png
15:35:14.147 detox[24600] [90mi[39m moving "/private/var/folders/r0/j9yltjr10ysg22c7l5sx938r0000gn/T/detox-24600-ujTlNF.detox.png" to artifacts/android.emu.debug.2025-12-16 10-02-56Z/✓ Navigation Between Core Screens should maintain bottom tab visibility/navigation-test-screenshot.png
15:35:14.149 detox[24600] [90mi[39m saving ADBScreencapRecording to: artifacts/android.emu.debug.2025-12-16 10-02-56Z/✓ Navigation Between Core Screens should maintain bottom tab visibility/testDone.png
15:35:14.149 detox[24600] [90mi[39m "/Users/ips-162/Library/Android/sdk/platform-tools/adb" -s emulator-5554 pull "/sdcard/153259723_15.png" "artifacts/android.emu.debug.2025-12-16 10-02-56Z/✓ Navigation Between Core Screens should maintain bottom tab visibility/testDone.png"
15:35:14.252 detox[24600] [90mi[39m /sdcard/153259723_15.png: 1 file pulled, 0 skipped. 1.5 MB/s (49752 bytes in 0.032s)

15:35:14.254 detox[24600] [90mi[39m "/Users/ips-162/Library/Android/sdk/platform-tools/adb" -s emulator-5554 shell "rm  \"/sdcard/153259723_15.png\""
15:35:14.351 detox[24600] [90mi[39m 
15:35:14.352 detox[24600] [90mi[39m saving FileArtifact to: artifacts/android.emu.debug.2025-12-16 10-02-56Z/detox_pid_24600.json.log { append: true }
15:35:14.352 detox[24600] [90mi[39m saving FileArtifact to: artifacts/android.emu.debug.2025-12-16 10-02-56Z/detox_pid_24600.log { append: true }
15:35:14.352 detox[24600] [90mE[39m onBeforeCleanup
15:35:14.356 detox[24600] [90mi[39m send message
  data: {"type":"cleanup","params":{"stopRunner":true},"messageId":-49642}
15:35:14.357 detox[24599] [90mi[39m get
  data: {"type":"cleanup","params":{"stopRunner":true},"messageId":-49642}
15:35:14.357 detox[24599] [90mi[39m send
  data: {
    "type": "cleanup",
    "params": {
      "stopRunner": true
    },
    "messageId": -49642
  }
15:35:14.364 detox[24599] [90mi[39m get
  data: {"messageId":-49642,"type":"cleanupDone","params":{}}
15:35:14.364 detox[24599] [90mi[39m send
  data: {
    "messageId": -49642,
    "type": "cleanupDone",
    "params": {}
  }
15:35:14.365 detox[24600] [90mi[39m get message
  data: {"messageId":-49642,"type":"cleanupDone","params":{}}
   
15:35:14.368 detox[24599] [90mi[39m tester exited session d790d137-56ab-cd14-0641-c06c1f255149
15:35:14.368 detox[24599] [90mi[39m send
  data: {
    "type": "testerDisconnected",
    "messageId": -1
  }
15:35:14.368 detox[24599] [90mE[39m connection :57243<->:57283
15:35:14.369 detox[24600] [90mi[39m sending SIGINT to: /Users/ips-162/Library/Android/sdk/platform-tools/adb -s emulator-5554 shell am instrument -w -r -e detoxServer ws://localhost:57243 -e detoxSessionId d790d137-56ab-cd14-0641-c06c1f255149 -e debug false com.detoxtest.test/androidx.test.runner.AndroidJUnitRunner
15:35:14.371 detox[24600] [90mi[39m /Users/ips-162/Library/Android/sdk/platform-tools/adb -s emulator-5554 shell am instrument -w -r -e detoxServer ws://localhost:57243 -e detoxSessionId d790d137-56ab-cd14-0641-c06c1f255149 -e debug false com.detoxtest.test/androidx.test.runner.AndroidJUnitRunner terminated with SIGINT
15:35:14.372 detox[24600] [90mi[39m "/Users/ips-162/Library/Android/sdk/platform-tools/adb" -s emulator-5554 reverse --remove tcp:57243
15:35:14.377 detox[24600] [90mi[39m dispatching event to  primary-24599 /tmp/detox.primary-24599  :  deallocateDevice , {
  deviceCookie: {
    id: 'emulator-5554',
    adbName: 'emulator-5554',
    name: 'emulator-5554 (Pixel_6_API_30)'
  }
}
15:35:14.380 detox[24599] [90mi[39m received event of :  deallocateDevice {
  deviceCookie: {
    id: 'emulator-5554',
    adbName: 'emulator-5554',
    name: 'emulator-5554 (Pixel_6_API_30)'
  }
}
15:35:14.380 detox[24599] [90mB[39m free: emulator-5554
  data: {}
15:35:14.382 detox[24599] [90mE[39m free: emulator-5554
15:35:14.382 detox[24599] [90mi[39m dispatching event to socket  :  deallocateDeviceDone {}
15:35:14.389 detox[24600] [90mi[39m ## received events ##
15:35:14.389 detox[24600] [90mi[39m detected event deallocateDeviceDone {}
15:35:14.389 detox[24600] [90mE[39m tear down environment
15:35:14.389 detox[24600] [90mE[39m e2e/navigation.e2e.js
15:35:14.419 detox[24600] [90mi[39m dispatching event to  primary-24599 /tmp/detox.primary-24599  :  reportTestResults , {
  testResults: [
    {
      success: true,
      testFilePath: '/Users/ips-162/Documents/RearchTopics/DetoxTest/e2e/navigation.e2e.js',
      testExecError: undefined,
      isPermanentFailure: false
    }
  ]
}
15:35:14.420 detox[24599] [90mi[39m received event of :  reportTestResults {
  testResults: [
    {
      success: true,
      testFilePath: '/Users/ips-162/Documents/RearchTopics/DetoxTest/e2e/navigation.e2e.js',
      isPermanentFailure: false
    }
  ]
}
15:35:14.420 detox[24599] [90mi[39m dispatching event to socket  :  reportTestResultsDone {
  testResults: [
    {
      success: true,
      testFilePath: '/Users/ips-162/Documents/RearchTopics/DetoxTest/e2e/navigation.e2e.js',
      isPermanentFailure: false
    }
  ]
}
15:35:14.420 detox[24599] [90mi[39m broadcasting event to all known sockets listening to  /tmp/detox.primary-24599  :   sessionStateUpdate {
  testResults: [
    {
      success: true,
      testFilePath: '/Users/ips-162/Documents/RearchTopics/DetoxTest/e2e/navigation.e2e.js',
      isPermanentFailure: false
    }
  ]
}
15:35:14.427 detox[24600] [90mi[39m ## received events ##
15:35:14.428 detox[24600] [90mi[39m detected event reportTestResultsDone {
  testResults: [
    {
      success: true,
      testFilePath: '/Users/ips-162/Documents/RearchTopics/DetoxTest/e2e/navigation.e2e.js',
      isPermanentFailure: false
    }
  ]
}
15:35:14.433 detox[24600] [90mi[39m detected event sessionStateUpdate {
  testResults: [
    {
      success: true,
      testFilePath: '/Users/ips-162/Documents/RearchTopics/DetoxTest/e2e/navigation.e2e.js',
      isPermanentFailure: false
    }
  ]
}
15:35:14.452 detox[24599] [90mi[39m socket disconnected secondary-24600
15:35:14.455 detox[24600] [90mi[39m connection closed primary-24599 /tmp/detox.primary-24599 0 tries remaining of 0
15:35:14.455 detox[24600] [90mi[39m secondary-24600 exceeded connection rety amount of  or stopRetrying flag set.
15:35:14.513 detox[24600] [90mi[39m 
15:35:14.532 detox[24599] [90mi[39m app exited session d790d137-56ab-cd14-0641-c06c1f255149
15:35:14.533 detox[24599] [90mE[39m connection :57243<->:57821
15:35:14.536 detox[24599] [90mE[39m jest --config e2e/jest.config.js e2e/navigation.e2e.js
15:35:14.536 detox[24599] [90mB[39m cleanup
  args: ()
15:35:14.538 detox[24599] [90mE[39m cleanup
15:35:14.538 detox[24599] [90mi[39m Detox server has been closed gracefully
15:35:14.540 detox[24599] [90mE[39m node_modules/.bin/detox test --configuration android.emu.debug e2e/navigation.e2e.js
