17:21:12.145 detox[21943] [90mB[39m node_modules/.bin/detox test --configuration android.att.debug e2e/edge-offline.e2e.js
  data: {
    "id": "23b90930-3949-9d7f-fcfe-3f4e5a48c870",
    "detoxConfig": {
      "configurationName": "android.att.debug",
      "apps": {
        "default": {
          "type": "android.apk",
          "binaryPath": "android/app/build/outputs/apk/debug/app-debug.apk",
          "build": "cd android && ./gradlew assembleDebug assembleAndroidTest -DtestBuildType=debug",
          "reversePorts": [
            8081
          ]
        }
      },
      "artifacts": {
        "rootDir": "artifacts/android.att.debug.2025-12-17 11-51-12Z",
        "plugins": {
          "log": {
            "enabled": true,
            "keepOnlyFailedTestsArtifacts": false
          },
          "screenshot": {
            "enabled": true,
            "shouldTakeAutomaticSnapshots": true,
            "keepOnlyFailedTestsArtifacts": false,
            "takeWhen": {
              "testStart": false,
              "testDone": true,
              "testFailure": true
            }
          },
          "video": {
            "enabled": false,
            "keepOnlyFailedTestsArtifacts": false
          },
          "instruments": {
            "enabled": false,
            "keepOnlyFailedTestsArtifacts": false
          },
          "uiHierarchy": {
            "enabled": true,
            "keepOnlyFailedTestsArtifacts": false
          }
        }
      },
      "behavior": {
        "init": {
          "keepLockFile": false,
          "reinstallApp": true,
          "exposeGlobals": true
        },
        "cleanup": {
          "shutdownDevice": false
        },
        "launchApp": "auto"
      },
      "cli": {
        "configuration": "android.att.debug",
        "start": true
      },
      "commands": [
        {
          "appName": "default",
          "build": "cd android && ./gradlew assembleDebug assembleAndroidTest -DtestBuildType=debug"
        }
      ],
      "device": {
        "type": "android.attached",
        "device": {
          "adbName": "ZD22227Q7K"
        }
      },
      "logger": {
        "level": "info",
        "overrideConsole": true,
        "options": {
          "showLoggerName": true,
          "showPid": true,
          "showLevel": false,
          "showMetadata": false,
          "basepath": "/Users/ips-162/Documents/RearchTopics/DetoxTest/node_modules/detox/src",
          "prefixers": {},
          "stringifiers": {}
        }
      },
      "testRunner": {
        "retries": 0,
        "forwardEnv": false,
        "detached": false,
        "bail": false,
        "noRetryArgs": [
          "shard"
        ],
        "jest": {
          "setupTimeout": 120000,
          "teardownTimeout": 30000,
          "retryAfterCircusRetries": false,
          "reportWorkerAssign": true
        },
        "args": {
          "$0": "jest",
          "_": [
            "e2e/edge-offline.e2e.js"
          ],
          "config": "e2e/jest.config.js",
          "--": []
        }
      },
      "session": {
        "autoStart": true,
        "debugSynchronization": 10000
      }
    },
    "detoxIPCServer": "primary-21943",
    "testResults": [],
    "testSessionIndex": 0,
    "workersCount": 0
  }
17:21:12.159 detox[21943] [90mi[39m Server path not specified, so defaulting to ipc.config.socketRoot + ipc.config.appspace + ipc.config.id /tmp/detox.primary-21943
17:21:12.168 detox[21943] [90mi[39m starting server on  /tmp/detox.primary-21943 
17:21:12.168 detox[21943] [90mi[39m starting TLS server false
17:21:12.168 detox[21943] [90mi[39m starting server as Unix || Windows Socket
17:21:12.172 detox[21943] [90mi[39m Detox server listening on localhost:53648...
17:21:12.183 detox[21943] [90mi[39m Serialized the session state at: /private/var/folders/r0/j9yltjr10ysg22c7l5sx938r0000gn/T/23b90930-3949-9d7f-fcfe-3f4e5a48c870.detox.json
17:21:12.185 detox[21943] [90mB[39m jest --config e2e/jest.config.js e2e/edge-offline.e2e.js
17:21:13.374 detox[21946] [90mi[39m Service path not specified, so defaulting to ipc.config.socketRoot + ipc.config.appspace + id 
17:21:13.377 detox[21946] [90mi[39m requested connection to  primary-21943 /tmp/detox.primary-21943
17:21:13.377 detox[21946] [90mi[39m Connecting client on Unix Socket : /tmp/detox.primary-21943
17:21:13.378 detox[21943] [90mi[39m ## socket connection to server detected ##
17:21:13.378 detox[21946] [90mi[39m retrying reset
17:21:13.378 detox[21946] [90mi[39m dispatching event to  primary-21943 /tmp/detox.primary-21943  :  registerContext , { id: 'secondary-21946' }
17:21:13.380 detox[21943] [90mi[39m received event of :  registerContext { id: 'secondary-21946' }
17:21:13.380 detox[21943] [90mi[39m dispatching event to socket  :  registerContextDone {
  testResults: [],
  testSessionIndex: 0,
  unsafe_earlyTeardown: undefined
}
17:21:13.381 detox[21946] [90mi[39m ## received events ##
17:21:13.381 detox[21946] [90mi[39m detected event registerContextDone { testResults: [], testSessionIndex: 0 }
17:21:13.629 detox[21946] [90mB[39m e2e/edge-offline.e2e.js
17:21:13.968 detox[21946] [90mB[39m set up environment
17:21:13.972 detox[21943] [90mi[39m received event of :  registerWorker { workerId: 'w1' }
17:21:13.972 detox[21943] [90mi[39m dispatching event to socket  :  registerWorkerDone { workersCount: 1 }
17:21:13.972 detox[21946] [90mi[39m dispatching event to  primary-21943 /tmp/detox.primary-21943  :  registerWorker , { workerId: 'w1' }
17:21:13.973 detox[21943] [90mi[39m broadcasting event to all known sockets listening to  /tmp/detox.primary-21943  :   sessionStateUpdate { workersCount: 1 }
17:21:13.973 detox[21946] [90mi[39m ## received events ##
17:21:13.973 detox[21946] [90mi[39m detected event registerWorkerDone { workersCount: 1 }
17:21:14.312 detox[21946] [90mi[39m ## received events ##
17:21:14.312 detox[21946] [90mi[39m detected event sessionStateUpdate { workersCount: 1 }
17:21:14.325 detox[21943] [90mB[39m connection :53648<->:53676
17:21:14.329 detox[21946] [90mi[39m opened web socket to: ws://localhost:53648
17:21:14.332 detox[21946] [90mi[39m send message
  data: {"type":"login","params":{"sessionId":"0f6d3262-986a-c978-cec8-15471fb94d7f","role":"tester"},"messageId":0}
17:21:14.333 detox[21943] [90mi[39m get
  data: {"type":"login","params":{"sessionId":"0f6d3262-986a-c978-cec8-15471fb94d7f","role":"tester"},"messageId":0}
17:21:14.334 detox[21943] [90mi[39m created session 0f6d3262-986a-c978-cec8-15471fb94d7f
17:21:14.334 detox[21943] [90mi[39m send
  data: {
    "type": "loginSuccess",
    "params": {
      "testerConnected": true,
      "appConnected": false
    },
    "messageId": 0
  }
17:21:14.335 detox[21943] [90mi[39m tester joined session 0f6d3262-986a-c978-cec8-15471fb94d7f
17:21:14.336 detox[21946] [90mi[39m get message
  data: {"type":"loginSuccess","params":{"testerConnected":true,"appConnected":false},"messageId":0}
   
17:21:14.434 detox[21946] [90mi[39m dispatching event to  primary-21943 /tmp/detox.primary-21943  :  allocateDevice , {
  deviceConfig: { type: 'android.attached', device: { adbName: 'ZD22227Q7K' } }
}
17:21:14.435 detox[21943] [90mi[39m received event of :  allocateDevice {
  deviceConfig: { type: 'android.attached', device: { adbName: 'ZD22227Q7K' } }
}
17:21:14.474 detox[21943] [90mB[39m init
  args: ()
17:21:14.477 detox[21943] [90mE[39m init
17:21:14.478 detox[21943] [90mB[39m allocate
  data: {
    "type": "android.attached",
    "device": {
      "adbName": "ZD22227Q7K"
    }
  }
17:21:14.479 detox[21943] [90mi[39m "/Users/ips-162/Library/Android/sdk/platform-tools/adb"  devices
17:21:14.493 detox[21943] [90mi[39m List of devices attached
ZD22227Q7K	device
adb-ZD22227Q7K-CkkoAw._adb-tls-connect._tcp	device


17:21:14.494 detox[21943] [90mi[39m Found a matching & free device ZD22227Q7K
17:21:14.495 detox[21943] [90mi[39m settled on ZD22227Q7K
  data: {
    "id": "ZD22227Q7K",
    "adbName": "ZD22227Q7K"
  }
17:21:14.495 detox[21943] [90mE[39m allocate
17:21:14.496 detox[21943] [90mB[39m post-allocate: ZD22227Q7K
  data: {
    "id": "ZD22227Q7K",
    "adbName": "ZD22227Q7K"
  }
17:21:14.496 detox[21943] [90mi[39m "/Users/ips-162/Library/Android/sdk/platform-tools/adb" -s ZD22227Q7K shell "getprop ro.build.version.sdk"
17:21:14.585 detox[21943] [90mi[39m 31

17:21:14.585 detox[21943] [90mi[39m "/Users/ips-162/Library/Android/sdk/platform-tools/adb" -s ZD22227Q7K shell "dumpsys power | grep \"^[ ]*m[UW].*=\""
17:21:14.751 detox[21943] [90mi[39m   mWakefulness=Awake
  mWakefulnessChanging=false
  mWakeLockSummary=0x1
  mWakeUpWhenPluggedOrUnpluggedConfig=true
  mWakeUpWhenPluggedOrUnpluggedInTheaterModeConfig=false
  mUserActivityTimeoutOverrideFromWindowManager=-1
  mUserInactiveOverrideFromWindowManager=false
  mUserId=0
  mUdfpsSupport=false
  mWakeLockSummary=0x1
  mUserInteractionBackoffMillis=60000

17:21:14.752 detox[21943] [90mE[39m post-allocate: ZD22227Q7K
17:21:14.752 detox[21943] [90mi[39m dispatching event to socket  :  allocateDeviceDone { deviceCookie: { id: 'ZD22227Q7K', adbName: 'ZD22227Q7K' } }
17:21:14.752 detox[21946] [90mi[39m ## received events ##
17:21:14.752 detox[21946] [90mi[39m detected event allocateDeviceDone { deviceCookie: { id: 'ZD22227Q7K', adbName: 'ZD22227Q7K' } }
17:21:14.804 detox[21946] [90mB[39m onBootDevice
  args: ({"deviceId":"ZD22227Q7K"})
17:21:14.804 detox[21946] [90mE[39m onBootDevice
17:21:14.806 detox[21946] [90mB[39m installUtilBinaries
  args: ()
17:21:14.806 detox[21946] [90mE[39m installUtilBinaries
17:21:14.807 detox[21946] [90mB[39m selectApp
  args: ("default")
17:21:14.809 detox[21946] [90mi[39m "/Users/ips-162/Library/Android/sdk/build-tools/36.1.0/aapt" dump badging "/Users/ips-162/Documents/RearchTopics/DetoxTest/android/app/build/outputs/apk/debug/app-debug.apk"
17:21:14.867 detox[21946] [90mi[39m package: name='com.detoxtest' versionCode='1' versionName='1.0' platformBuildVersionName='15' platformBuildVersionCode='35' compileSdkVersion='35' compileSdkVersionCodename='15'
sdkVersion:'24'
targetSdkVersion:'35'
uses-permission: name='android.permission.INTERNET'
uses-permission: name='android.permission.SYSTEM_ALERT_WINDOW'
uses-permission: name='com.detoxtest.DYNAMIC_RECEIVER_NOT_EXPORTED_PERMISSION'
application-label:'DetoxTest'
application-label-af:'DetoxTest'
application-label-am:'DetoxTest'
application-label-ar:'DetoxTest'
application-label-as:'DetoxTest'
application-label-az:'DetoxTest'
application-label-be:'DetoxTest'
application-label-bg:'DetoxTest'
application-label-bn:'DetoxTest'
application-label-bs:'DetoxTest'
application-label-ca:'DetoxTest'
application-label-cs:'DetoxTest'
application-label-da:'DetoxTest'
application-label-de:'DetoxTest'
application-label-el:'DetoxTest'
application-label-en-AU:'DetoxTest'
application-label-en-CA:'DetoxTest'
application-label-en-GB:'DetoxTest'
application-label-en-IN:'DetoxTest'
application-label-en-XC:'DetoxTest'
application-label-es:'DetoxTest'
application-label-es-419:'DetoxTest'
application-label-es-ES:'DetoxTest'
application-label-es-US:'DetoxTest'
application-label-et:'DetoxTest'
application-label-eu:'DetoxTest'
application-label-fa:'DetoxTest'
application-label-fi:'DetoxTest'
application-label-fr:'DetoxTest'
application-label-fr-CA:'DetoxTest'
application-label-gl:'DetoxTest'
application-label-gu:'DetoxTest'
application-label-hi:'DetoxTest'
application-label-hr:'DetoxTest'
application-label-hu:'DetoxTest'
application-label-hy:'DetoxTest'
application-label-in:'DetoxTest'
application-label-is:'DetoxTest'
application-label-it:'DetoxTest'
application-label-iw:'DetoxTest'
application-label-ja:'DetoxTest'
application-label-ka:'DetoxTest'
application-label-kk:'DetoxTest'
application-label-km:'DetoxTest'
application-label-kn:'DetoxTest'
application-label-ko:'DetoxTest'
application-label-ky:'DetoxTest'
application-label-lo:'DetoxTest'
application-label-lt:'DetoxTest'
application-label-lv:'DetoxTest'
application-label-mk:'DetoxTest'
application-label-ml:'DetoxTest'
application-label-mn:'DetoxTest'
application-label-mr:'DetoxTest'
application-label-ms:'DetoxTest'
application-label-my:'DetoxTest'
application-label-nb:'DetoxTest'
application-label-ne:'DetoxTest'
application-label-nl:'DetoxTest'
application-label-or:'DetoxTest'
application-label-pa:'DetoxTest'
application-label-pl:'DetoxTest'
application-label-pt:'DetoxTest'
application-label-pt-BR:'DetoxTest'
application-label-pt-PT:'DetoxTest'
application-label-ro:'DetoxTest'
application-label-ru:'DetoxTest'
application-label-si:'DetoxTest'
application-label-sk:'DetoxTest'
application-label-sl:'DetoxTest'
application-label-sq:'DetoxTest'
application-label-sr:'DetoxTest'
application-label-sr-Latn:'DetoxTest'
application-label-sv:'DetoxTest'
application-label-sw:'DetoxTest'
application-label-ta:'DetoxTest'
application-label-te:'DetoxTest'
application-label-th:'DetoxTest'
application-label-tl:'DetoxTest'
application-label-tr:'DetoxTest'
application-label-uk:'DetoxTest'
application-label-ur:'DetoxTest'
application-label-uz:'DetoxTest'
application-label-vi:'DetoxTest'
application-label-zh-CN:'DetoxTest'
application-label-zh-HK:'DetoxTest'
application-label-zh-TW:'DetoxTest'
application-label-zu:'DetoxTest'
application-icon-160:'res/mipmap-mdpi-v4/ic_launcher.png'
application-icon-240:'res/mipmap-hdpi-v4/ic_launcher.png'
application-icon-320:'res/mipmap-xhdpi-v4/ic_launcher.png'
application-icon-480:'res/mipmap-xxhdpi-v4/ic_launcher.png'
application-icon-640:'res/mipmap-xxxhdpi-v4/ic_launcher.png'
application: label='DetoxTest' icon='res/mipmap-mdpi-v4/ic_launcher.png'
application-debuggable
launchable-activity: name='com.detoxtest.MainActivity'  label='DetoxTest' icon=''
feature-group: label=''
  uses-feature: name='android.hardware.faketouch'
  uses-implied-feature: name='android.hardware.faketouch' reason='default feature for all apps'
main
other-activities
other-receivers
supports-screens: 'small' 'normal' 'large' 'xlarge'
supports-any-density: 'true'
locales: '--_--' 'af' 'am' 'ar' 'as' 'az' 'be' 'bg' 'bn' 'bs' 'ca' 'cs' 'da' 'de' 'el' 'en-AU' 'en-CA' 'en-GB' 'en-IN' 'en-XC' 'es' 'es-419' 'es-ES' 'es-US' 'et' 'eu' 'fa' 'fi' 'fr' 'fr-CA' 'gl' 'gu' 'hi' 'hr' 'hu' 'hy' 'in' 'is' 'it' 'iw' 'ja' 'ka' 'kk' 'km' 'kn' 'ko' 'ky' 'lo' 'lt' 'lv' 'mk' 'ml' 'mn' 'mr' 'ms' 'my' 'nb' 'ne' 'nl' 'or' 'pa' 'pl' 'pt' 'pt-BR' 'pt-PT' 'ro' 'ru' 'si' 'sk' 'sl' 'sq' 'sr' 'sr-Latn' 'sv' 'sw' 'ta' 'te' 'th' 'tl' 'tr' 'uk' 'ur' 'uz' 'vi' 'zh-CN' 'zh-HK' 'zh-TW' 'zu'
densities: '160' '240' '320' '480' '640'
native-code: 'arm64-v8a' 'armeabi-v7a' 'x86' 'x86_64'

17:21:14.867 detox[21946] [90mE[39m selectApp
17:21:14.867 detox[21946] [90mB[39m uninstallApp
  args: ()
17:21:14.868 detox[21946] [90mB[39m onBeforeUninstallApp
  args: ({"deviceId":"ZD22227Q7K","bundleId":"com.detoxtest"})
17:21:14.868 detox[21946] [90mE[39m onBeforeUninstallApp
17:21:14.868 detox[21946] [90mi[39m "/Users/ips-162/Library/Android/sdk/platform-tools/adb" -s ZD22227Q7K shell "pm list packages com.detoxtest"
17:21:14.974 detox[21946] [90mi[39m package:com.detoxtest
package:com.detoxtest.test

17:21:14.975 detox[21946] [90mi[39m "/Users/ips-162/Library/Android/sdk/platform-tools/adb" -s ZD22227Q7K uninstall com.detoxtest
17:21:15.523 detox[21946] [90mi[39m Success

17:21:15.523 detox[21946] [90mi[39m "/Users/ips-162/Library/Android/sdk/platform-tools/adb" -s ZD22227Q7K shell "pm list packages com.detoxtest.test"
17:21:15.595 detox[21946] [90mi[39m package:com.detoxtest.test

17:21:15.595 detox[21946] [90mi[39m "/Users/ips-162/Library/Android/sdk/platform-tools/adb" -s ZD22227Q7K uninstall com.detoxtest.test
17:21:16.162 detox[21946] [90mi[39m Success

17:21:16.162 detox[21946] [90mE[39m uninstallApp
17:21:16.162 detox[21946] [90mB[39m selectApp
  args: ("default")
17:21:16.163 detox[21946] [90mB[39m terminateApp
  args: ()
17:21:16.163 detox[21946] [90mB[39m onBeforeTerminateApp
  args: ({"deviceId":"ZD22227Q7K","bundleId":"com.detoxtest"})
17:21:16.163 detox[21946] [90mE[39m onBeforeTerminateApp
17:21:16.163 detox[21946] [90mi[39m "/Users/ips-162/Library/Android/sdk/platform-tools/adb" -s ZD22227Q7K shell "am force-stop com.detoxtest"
17:21:16.305 detox[21946] [90mi[39m 
17:21:16.305 detox[21946] [90mB[39m onTerminateApp
  args: ({"deviceId":"ZD22227Q7K","bundleId":"com.detoxtest"})
17:21:16.306 detox[21946] [90mE[39m onTerminateApp
17:21:16.306 detox[21946] [90mE[39m terminateApp
17:21:16.306 detox[21946] [90mE[39m selectApp
17:21:16.306 detox[21946] [90mB[39m installApp
  args: ()
17:21:16.307 detox[21946] [90mi[39m "/Users/ips-162/Library/Android/sdk/build-tools/36.1.0/aapt" dump xmlstrings "/Users/ips-162/Documents/RearchTopics/DetoxTest/android/app/build/outputs/apk/debug/app-debug.apk" AndroidManifest.xml
17:21:16.325 detox[21946] [90mi[39m String pool of 75 unique UTF-16 non-sorted strings, 75 entries and 0 styles using 3708 bytes:
String #0: theme
String #1: label
String #2: icon
String #3: name
String #4: permission
String #5: protectionLevel
String #6: enabled
String #7: debuggable
String #8: exported
String #9: authorities
String #10: grantUriPermissions
String #11: launchMode
String #12: configChanges
String #13: value
String #14: resource
String #15: minSdkVersion
String #16: versionCode
String #17: versionName
String #18: windowSoftInputMode
String #19: targetSdkVersion
String #20: allowBackup
String #21: supportsRtl
String #22: extractNativeLibs
String #23: usesCleartextTraffic
String #24: directBootAware
String #25: networkSecurityConfig
String #26: roundIcon
String #27: compileSdkVersion
String #28: compileSdkVersionCodename
String #29: appComponentFactory
String #30: 1.0
String #31: 15
String #32: action
String #33: activity
String #34: android
String #35: android.intent.action.MAIN
String #36: android.intent.category.LAUNCHER
String #37: android.permission.DUMP
String #38: android.permission.INTERNET
String #39: android.permission.SYSTEM_ALERT_WINDOW
String #40: android.support.FILE_PROVIDER_PATHS
String #41: androidx.core.app.CoreComponentFactory
String #42: androidx.emoji2.text.EmojiCompatInitializer
String #43: androidx.lifecycle.ProcessLifecycleInitializer
String #44: androidx.profileinstaller.ProfileInstallReceiver
String #45: androidx.profileinstaller.ProfileInstallerInitializer
String #46: androidx.profileinstaller.action.BENCHMARK_OPERATION
String #47: androidx.profileinstaller.action.INSTALL_PROFILE
String #48: androidx.profileinstaller.action.SAVE_PROFILE
String #49: androidx.profileinstaller.action.SKIP_FILE
String #50: androidx.startup
String #51: androidx.startup.InitializationProvider
String #52: application
String #53: category
String #54: com.detoxtest
String #55: com.detoxtest.DYNAMIC_RECEIVER_NOT_EXPORTED_PERMISSION
String #56: com.detoxtest.MainActivity
String #57: com.detoxtest.MainApplication
String #58: com.detoxtest.androidx-startup
String #59: com.detoxtest.imagepickerprovider
String #60: com.facebook.react.devsupport.DevSettingsActivity
String #61: com.facebook.soloader.enabled
String #62: com.imagepicker.ImagePickerProvider
String #63: http://schemas.android.com/apk/res/android
String #64: intent-filter
String #65: manifest
String #66: meta-data
String #67: package
String #68: permission
String #69: platformBuildVersionCode
String #70: platformBuildVersionName
String #71: provider
String #72: receiver
String #73: uses-permission
String #74: uses-sdk

17:21:16.325 detox[21946] [90mi[39m "/Users/ips-162/Library/Android/sdk/build-tools/36.1.0/aapt" dump xmlstrings "/Users/ips-162/Documents/RearchTopics/DetoxTest/android/app/build/outputs/apk/androidTest/debug/app-debug-androidTest.apk" AndroidManifest.xml
17:21:16.345 detox[21946] [90mi[39m String pool of 43 unique UTF-16 non-sorted strings, 43 entries and 0 styles using 2104 bytes:
String #0: theme
String #1: label
String #2: name
String #3: debuggable
String #4: exported
String #5: priority
String #6: targetPackage
String #7: handleProfiling
String #8: functionalTest
String #9: minSdkVersion
String #10: targetSdkVersion
String #11: extractNativeLibs
String #12: compileSdkVersion
String #13: compileSdkVersionCodename
String #14: 15
String #15: Tests for com.detoxtest
String #16: activity
String #17: android
String #18: android.intent.category.LAUNCHER
String #19: android.permission.REORDER_TASKS
String #20: android.test.runner
String #21: androidx.test.core.app.InstrumentationActivityInvoker$BootstrapActivity
String #22: androidx.test.core.app.InstrumentationActivityInvoker$EmptyActivity
String #23: androidx.test.core.app.InstrumentationActivityInvoker$EmptyFloatingActivity
String #24: androidx.test.orchestrator
String #25: androidx.test.runner.AndroidJUnitRunner
String #26: androidx.test.services
String #27: application
String #28: category
String #29: com.detoxtest
String #30: com.detoxtest.test
String #31: com.google.android.apps.common.testing.services
String #32: http://schemas.android.com/apk/res/android
String #33: instrumentation
String #34: intent-filter
String #35: manifest
String #36: package
String #37: platformBuildVersionCode
String #38: platformBuildVersionName
String #39: queries
String #40: uses-library
String #41: uses-permission
String #42: uses-sdk

17:21:16.345 detox[21946] [90mi[39m "/Users/ips-162/Library/Android/sdk/platform-tools/adb" -s ZD22227Q7K shell "getprop ro.build.version.sdk"
17:21:16.409 detox[21946] [90mi[39m 31

17:21:16.413 detox[21946] [90mi[39m /Users/ips-162/Library/Android/sdk/platform-tools/adb -s ZD22227Q7K install -r -g -t /Users/ips-162/Documents/RearchTopics/DetoxTest/android/app/build/outputs/apk/debug/app-debug.apk
17:21:20.523 detox[21946] [90mi[39m Performing Streamed Install
Success

17:21:20.524 detox[21946] [90mi[39m /Users/ips-162/Library/Android/sdk/platform-tools/adb -s ZD22227Q7K install -r -g -t /Users/ips-162/Documents/RearchTopics/DetoxTest/android/app/build/outputs/apk/debug/app-debug.apk exited with code #0
17:21:20.527 detox[21946] [90mi[39m /Users/ips-162/Library/Android/sdk/platform-tools/adb -s ZD22227Q7K install -r -g -t /Users/ips-162/Documents/RearchTopics/DetoxTest/android/app/build/outputs/apk/androidTest/debug/app-debug-androidTest.apk
17:21:21.150 detox[21946] [90mi[39m Performing Streamed Install
Success

17:21:21.151 detox[21946] [90mi[39m /Users/ips-162/Library/Android/sdk/platform-tools/adb -s ZD22227Q7K install -r -g -t /Users/ips-162/Documents/RearchTopics/DetoxTest/android/app/build/outputs/apk/androidTest/debug/app-debug-androidTest.apk exited with code #0
17:21:21.151 detox[21946] [90mB[39m reverseTcpPort
  args: (8081)
17:21:21.151 detox[21946] [90mi[39m "/Users/ips-162/Library/Android/sdk/platform-tools/adb" -s ZD22227Q7K reverse tcp:8081 tcp:8081
17:21:21.174 detox[21946] [90mi[39m 
17:21:21.174 detox[21946] [90mE[39m reverseTcpPort
17:21:21.174 detox[21946] [90mE[39m installApp
17:21:21.174 detox[21946] [90mB[39m selectApp
  args: ("default")
17:21:21.174 detox[21946] [90mB[39m terminateApp
  args: ()
17:21:21.174 detox[21946] [90mB[39m onBeforeTerminateApp
  args: ({"deviceId":"ZD22227Q7K","bundleId":"com.detoxtest"})
17:21:21.174 detox[21946] [90mE[39m onBeforeTerminateApp
17:21:21.174 detox[21946] [90mi[39m "/Users/ips-162/Library/Android/sdk/platform-tools/adb" -s ZD22227Q7K shell "am force-stop com.detoxtest"
17:21:21.379 detox[21946] [90mi[39m 
17:21:21.379 detox[21946] [90mB[39m onTerminateApp
  args: ({"deviceId":"ZD22227Q7K","bundleId":"com.detoxtest"})
17:21:21.379 detox[21946] [90mE[39m onTerminateApp
17:21:21.379 detox[21946] [90mE[39m terminateApp
17:21:21.379 detox[21946] [90mE[39m selectApp
17:21:21.379 detox[21946] [90mE[39m set up environment
17:21:21.701 detox[21946] [90mi[39m edge-offline.e2e.js is assigned to AttachedDevice:ZD22227Q7K
17:21:21.702 detox[21946] [90mB[39m run the tests
17:21:21.702 detox[21946] [90mB[39m onRunDescribeStart
  args: ({"name":"ROOT_DESCRIBE_BLOCK"})
17:21:21.703 detox[21946] [90mE[39m onRunDescribeStart
17:21:21.704 detox[21946] [90mB[39m beforeAll
17:21:21.705 detox[21946] [90mi[39m 🚀 Test suite starting...
17:21:21.706 detox[21946] [90mE[39m beforeAll
17:21:21.706 detox[21946] [90mB[39m Edge Cases - Offline & Permission Interruptions
17:21:21.707 detox[21946] [90mB[39m onRunDescribeStart
  args: ({"name":"Edge Cases - Offline & Permission Interruptions"})
17:21:21.707 detox[21946] [90mE[39m onRunDescribeStart
17:21:21.707 detox[21946] [90mB[39m beforeAll
17:21:21.719 detox[21946] [90mB[39m launchApp
  args: ({"newInstance":true})
17:21:21.723 detox[21946] [90mB[39m terminateApp
  args: ("com.detoxtest")
17:21:21.723 detox[21946] [90mB[39m onBeforeTerminateApp
  args: ({"deviceId":"ZD22227Q7K","bundleId":"com.detoxtest"})
17:21:21.724 detox[21946] [90mE[39m onBeforeTerminateApp
17:21:21.724 detox[21946] [90mi[39m "/Users/ips-162/Library/Android/sdk/platform-tools/adb" -s ZD22227Q7K shell "am force-stop com.detoxtest"
17:21:21.798 detox[21946] [90mi[39m 
17:21:21.798 detox[21946] [90mB[39m onTerminateApp
  args: ({"deviceId":"ZD22227Q7K","bundleId":"com.detoxtest"})
17:21:21.798 detox[21946] [90mE[39m onTerminateApp
17:21:21.798 detox[21946] [90mE[39m terminateApp
17:21:21.799 detox[21946] [90mB[39m onBeforeLaunchApp
  args: ({"deviceId":"ZD22227Q7K","bundleId":"com.detoxtest","launchArgs":{"detoxServer":"ws://localhost:53648","detoxSessionId":"0f6d3262-986a-c978-cec8-15471fb94d7f"}})
17:21:21.799 detox[21946] [90mi[39m "/Users/ips-162/Library/Android/sdk/platform-tools/adb" -s ZD22227Q7K shell "date +\"%m-%d %T.000\""
17:21:21.862 detox[21946] [90mi[39m 12-17 17:22:25.000

17:21:21.862 detox[21946] [90mE[39m onBeforeLaunchApp
17:21:21.862 detox[21946] [90mi[39m "/Users/ips-162/Library/Android/sdk/platform-tools/adb" -s ZD22227Q7K reverse tcp:53648 tcp:53648
17:21:21.882 detox[21946] [90mi[39m 53648

17:21:21.883 detox[21946] [90mi[39m "/Users/ips-162/Library/Android/sdk/platform-tools/adb" -s ZD22227Q7K shell "pm list instrumentation"
17:21:21.948 detox[21946] [90mi[39m instrumentation:com.detoxtest.test/androidx.test.runner.AndroidJUnitRunner (target=com.detoxtest)
instrumentation:io.appium.uiautomator2.server.test/androidx.test.runner.AndroidJUnitRunner (target=io.appium.uiautomator2.server)

17:21:21.949 detox[21946] [90mi[39m /Users/ips-162/Library/Android/sdk/platform-tools/adb -s ZD22227Q7K shell am instrument -w -r -e detoxServer ws://localhost:53648 -e detoxSessionId 0f6d3262-986a-c978-cec8-15471fb94d7f -e debug false com.detoxtest.test/androidx.test.runner.AndroidJUnitRunner
17:21:22.450 detox[21946] [90mi[39m "/Users/ips-162/Library/Android/sdk/platform-tools/adb" -s ZD22227Q7K shell "ps | grep \"com\.detoxtest$\""
17:21:24.228 detox[21946] [90mi[39m ""/Users/ips-162/Library/Android/sdk/platform-tools/adb" -s ZD22227Q7K shell "ps | grep \"com\.detoxtest$\""" failed with error = Error: Command failed: "/Users/ips-162/Library/Android/sdk/platform-tools/adb" -s ZD22227Q7K shell "ps | grep \"com\.detoxtest$\""
 (code=1), stdout and stderr:

17:21:24.229 detox[21946] [90mi[39m 
17:21:24.229 detox[21946] [90mi[39m 
17:21:24.733 detox[21946] [90mi[39m "/Users/ips-162/Library/Android/sdk/platform-tools/adb" -s ZD22227Q7K shell "ps | grep \"com\.detoxtest$\""
17:21:25.123 detox[21946] [90mi[39m u0_a952      28071  1235 17117848 63644 0                   0 D com.detoxtest

17:21:25.123 detox[21946] [90mB[39m onLaunchApp
  args: ({"deviceId":"ZD22227Q7K","bundleId":"com.detoxtest","launchArgs":{"detoxServer":"ws://localhost:53648","detoxSessionId":"0f6d3262-986a-c978-cec8-15471fb94d7f"},"pid":28071})
17:21:25.124 detox[21946] [90mi[39m starting ADBLogcatRecording
17:21:25.127 detox[21946] [90mi[39m /Users/ips-162/Library/Android/sdk/platform-tools/adb -s ZD22227Q7K shell "logcat -T \"12-17 17:22:25.000\" --pid=28071 -f /sdcard/172114422_0.log"
17:21:25.128 detox[21946] [90mE[39m onLaunchApp
17:21:25.431 detox[21946] [90mi[39m "/Users/ips-162/Library/Android/sdk/platform-tools/adb" -s ZD22227Q7K shell du /sdcard/172114422_0.log
17:21:25.483 detox[21946] [90mi[39m 0	/sdcard/172114422_0.log

17:21:27.409 detox[21946] [90mi[39m INSTRUMENTATION_STATUS: class=com.detoxtest.DetoxTest
INSTRUMENTATION_STATUS: current=1

17:21:27.411 detox[21946] [90mi[39m INSTRUMENTATION_STATUS: id=AndroidJUnitRunner

17:21:27.411 detox[21946] [90mi[39m INSTRUMENTATION_STATUS: numtests=1
INSTRUMENTATION_STATUS: stream=
com.detoxtest.DetoxTest:
INSTRUMENTATION_STATUS: test=runDetoxTests
INSTRUMENTATION_STATUS_CODE: 1

17:21:27.621 detox[21943] [90mB[39m connection :53648<->:53908
17:21:27.638 detox[21943] [90mi[39m get
  data: {"messageId":0,"type":"login","params":{"role":"app","sessionId":"0f6d3262-986a-c978-cec8-15471fb94d7f"}}
17:21:27.639 detox[21943] [90mi[39m send
  data: {
    "messageId": 0,
    "type": "loginSuccess",
    "params": {
      "testerConnected": true,
      "appConnected": true
    }
  }
17:21:27.639 detox[21943] [90mi[39m app joined session 0f6d3262-986a-c978-cec8-15471fb94d7f
17:21:27.639 detox[21943] [90mi[39m send
  data: {
    "type": "appConnected"
  }
17:21:27.640 detox[21946] [90mi[39m get message
  data: {"type":"appConnected"}
   
17:21:27.641 detox[21943] [90mi[39m get
  data: {"type":"isReady","params":{},"messageId":-1000}
17:21:27.641 detox[21943] [90mi[39m send
  data: {
    "type": "isReady",
    "params": {},
    "messageId": -1000
  }
17:21:27.641 detox[21946] [90mi[39m send message
  data: {"type":"isReady","params":{},"messageId":-1000}
17:21:35.468 detox[21943] [90mi[39m get
  data: {"messageId":-1000,"type":"ready","params":{}}
17:21:35.469 detox[21943] [90mi[39m send
  data: {
    "messageId": -1000,
    "type": "ready",
    "params": {}
  }
17:21:35.469 detox[21946] [90mi[39m get message
  data: {"messageId":-1000,"type":"ready","params":{}}
   
17:21:35.471 detox[21946] [90mB[39m onAppReady
  args: ({"deviceId":"ZD22227Q7K","bundleId":"com.detoxtest","pid":28071})
17:21:35.471 detox[21946] [90mE[39m onAppReady
17:21:35.471 detox[21946] [90mE[39m launchApp
17:21:35.471 detox[21946] [90mE[39m beforeAll
17:21:35.472 detox[21946] [90mB[39m Network Interruptions
17:21:35.472 detox[21946] [90mB[39m onRunDescribeStart
  args: ({"name":"Network Interruptions"})
17:21:35.472 detox[21946] [90mE[39m onRunDescribeStart
17:21:35.473 detox[21946] [90mB[39m should handle offline login attempt
17:21:35.473 detox[21946] [90mi[39m Edge Cases - Offline & Permission Interruptions > Network Interruptions: should handle offline login attempt
17:21:35.475 detox[21946] [90mB[39m onTestStart
  args: ({"title":"should handle offline login attempt","fullName":"Edge Cases - Offline & Permission Interruptions Network Interruptions should handle offline login attempt","status":"running","invocations":1})
17:21:35.475 detox[21946] [90mi[39m stopping ADBLogcatRecording
17:21:35.476 detox[21946] [90mi[39m "/Users/ips-162/Library/Android/sdk/platform-tools/adb" -s ZD22227Q7K shell "date +\"%m-%d %T.000\""
17:21:35.587 detox[21946] [90mi[39m 12-17 17:22:39.000

17:21:35.589 detox[21946] [90mi[39m sending SIGINT to: /Users/ips-162/Library/Android/sdk/platform-tools/adb -s ZD22227Q7K shell logcat -T "12-17 17:22:25.000" --pid=28071 -f /sdcard/172114422_0.log
17:21:35.590 detox[21946] [90mi[39m /Users/ips-162/Library/Android/sdk/platform-tools/adb -s ZD22227Q7K shell "logcat -T \"12-17 17:22:25.000\" --pid=28071 -f /sdcard/172114422_0.log" terminated with SIGINT
17:21:35.590 detox[21946] [90mi[39m starting ADBLogcatRecording
17:21:35.592 detox[21946] [90mi[39m /Users/ips-162/Library/Android/sdk/platform-tools/adb -s ZD22227Q7K shell "logcat -T \"12-17 17:22:39.000\" --pid=28071 -f /sdcard/172114422_1.log"
17:21:35.592 detox[21946] [90mE[39m onTestStart
17:21:35.592 detox[21946] [90mB[39m beforeEach
17:21:35.592 detox[21946] [90mE[39m beforeEach
17:21:35.592 detox[21946] [90mB[39m beforeEach
17:21:35.594 detox[21946] [90mB[39m reloadReactNative
  args: ()
17:21:35.595 detox[21946] [90mi[39m send message
  data: {"type":"reactNativeReload","params":{},"messageId":-1000}
17:21:35.597 detox[21943] [90mi[39m get
  data: {"type":"reactNativeReload","params":{},"messageId":-1000}
17:21:35.597 detox[21943] [90mi[39m send
  data: {
    "type": "reactNativeReload",
    "params": {},
    "messageId": -1000
  }
17:21:35.898 detox[21946] [90mi[39m "/Users/ips-162/Library/Android/sdk/platform-tools/adb" -s ZD22227Q7K shell du /sdcard/172114422_1.log
17:21:35.983 detox[21946] [90mi[39m 0	/sdcard/172114422_1.log

17:21:36.153 detox[21943] [90mi[39m get
  data: {"messageId":-1000,"type":"ready","params":{}}
17:21:36.153 detox[21943] [90mi[39m send
  data: {
    "messageId": -1000,
    "type": "ready",
    "params": {}
  }
17:21:36.153 detox[21946] [90mi[39m get message
  data: {"messageId":-1000,"type":"ready","params":{}}
   
17:21:36.153 detox[21946] [90mE[39m reloadReactNative
17:21:36.154 detox[21946] [90mB[39m disableSynchronization
  args: ()
17:21:36.155 detox[21943] [90mi[39m get
  data: {"type":"invoke","params":{"target":{"type":"Class","value":"com.wix.detox.espresso.EspressoDetox"},"method":"setSynchronization","args":[{"type":"boolean","value":false}]},"messageId":1}
17:21:36.155 detox[21943] [90mi[39m send
  data: {
    "type": "invoke",
    "params": {
      "target": {
        "type": "Class",
        "value": "com.wix.detox.espresso.EspressoDetox"
      },
      "method": "setSynchronization",
      "args": [
        {
          "type": "boolean",
          "value": false
        }
      ]
    },
    "messageId": 1
  }
17:21:36.155 detox[21946] [90mi[39m send message
  data: {"type":"invoke","params":{"target":{"type":"Class","value":"com.wix.detox.espresso.EspressoDetox"},"method":"setSynchronization","args":[{"type":"boolean","value":false}]},"messageId":1}
17:21:36.170 detox[21943] [90mi[39m get
  data: {"messageId":1,"type":"invokeResult","params":{"result":null}}
17:21:36.170 detox[21943] [90mi[39m send
  data: {
    "messageId": 1,
    "type": "invokeResult",
    "params": {
      "result": null
    }
  }
17:21:36.170 detox[21946] [90mi[39m get message
  data: {"messageId":1,"type":"invokeResult","params":{"result":null}}
   
17:21:36.171 detox[21946] [90mE[39m disableSynchronization
17:21:39.176 detox[21946] [90mB[39m enableSynchronization
  args: ()
17:21:39.177 detox[21943] [90mi[39m get
  data: {"type":"invoke","params":{"target":{"type":"Class","value":"com.wix.detox.espresso.EspressoDetox"},"method":"setSynchronization","args":[{"type":"boolean","value":true}]},"messageId":2}
17:21:39.177 detox[21943] [90mi[39m send
  data: {
    "type": "invoke",
    "params": {
      "target": {
        "type": "Class",
        "value": "com.wix.detox.espresso.EspressoDetox"
      },
      "method": "setSynchronization",
      "args": [
        {
          "type": "boolean",
          "value": true
        }
      ]
    },
    "messageId": 2
  }
17:21:39.177 detox[21946] [90mi[39m send message
  data: {"type":"invoke","params":{"target":{"type":"Class","value":"com.wix.detox.espresso.EspressoDetox"},"method":"setSynchronization","args":[{"type":"boolean","value":true}]},"messageId":2}
17:21:39.212 detox[21943] [90mi[39m get
  data: {"messageId":2,"type":"invokeResult","params":{"result":null}}
17:21:39.212 detox[21943] [90mi[39m send
  data: {
    "messageId": 2,
    "type": "invokeResult",
    "params": {
      "result": null
    }
  }
17:21:39.212 detox[21946] [90mi[39m get message
  data: {"messageId":2,"type":"invokeResult","params":{"result":null}}
   
17:21:39.212 detox[21946] [90mE[39m enableSynchronization
17:21:39.214 detox[21943] [90mi[39m get
  data: {"type":"invoke","params":{"target":{"type":"Class","value":"com.wix.detox.espresso.DetoxAssertion"},"method":"waitForAssertMatcher","args":[{"type":"Invocation","value":{"target":{"type":"Class","value":"androidx.test.espresso.Espresso"},"method":"onView","args":[{"type":"Invocation","value":{"target":{"type":"Class","value":"com.wix.detox.espresso.DetoxMatcher"},"method":"matcherForTestId","args":["login-root",{"type":"boolean","value":false}]}}]}},{"type":"Invocation","value":{"target":{"type":"Class","value":"com.wix.detox.espresso.DetoxMatcher"},"method":"matcherForSufficientlyVisible","args":[{"type":"Integer","value":75}]}},{"type":"Double","value":10}]},"messageId":3}
17:21:39.214 detox[21943] [90mi[39m send
  data: {
    "type": "invoke",
    "params": {
      "target": {
        "type": "Class",
        "value": "com.wix.detox.espresso.DetoxAssertion"
      },
      "method": "waitForAssertMatcher",
      "args": [
        {
          "type": "Invocation",
          "value": {
            "target": {
              "type": "Class",
              "value": "androidx.test.espresso.Espresso"
            },
            "method": "onView",
            "args": [
              {
                "type": "Invocation",
                "value": {
                  "target": {
                    "type": "Class",
                    "value": "com.wix.detox.espresso.DetoxMatcher"
                  },
                  "method": "matcherForTestId",
                  "args": [
                    "login-root",
                    {
                      "type": "boolean",
                      "value": false
                    }
                  ]
                }
              }
            ]
          }
        },
        {
          "type": "Invocation",
          "value": {
            "target": {
              "type": "Class",
              "value": "com.wix.detox.espresso.DetoxMatcher"
            },
            "method": "matcherForSufficientlyVisible",
            "args": [
              {
                "type": "Integer",
                "value": 75
              }
            ]
          }
        },
        {
          "type": "Double",
          "value": 10
        }
      ]
    },
    "messageId": 3
  }
17:21:39.214 detox[21946] [90mi[39m send message
  data: {"type":"invoke","params":{"target":{"type":"Class","value":"com.wix.detox.espresso.DetoxAssertion"},"method":"waitForAssertMatcher","args":[{"type":"Invocation","value":{"target":{"type":"Class","value":"androidx.test.espresso.Espresso"},"method":"onView","args":[{"type":"Invocation","value":{"target":{"type":"Class","value":"com.wix.detox.espresso.DetoxMatcher"},"method":"matcherForTestId","args":["login-root",{"type":"boolean","value":false}]}}]}},{"type":"Invocation","value":{"target":{"type":"Class","value":"com.wix.detox.espresso.DetoxMatcher"},"method":"matcherForSufficientlyVisible","args":[{"type":"Integer","value":75}]}},{"type":"Double","value":10}]},"messageId":3}
17:21:39.214 detox[21946] [90mB[39m undefined with timeout (10000 ms)
  data: {
    "target": {
      "type": "Class",
      "value": "com.wix.detox.espresso.DetoxAssertion"
    },
    "method": "waitForAssertMatcher",
    "args": [
      {
        "type": "Invocation",
        "value": {
          "target": {
            "type": "Class",
            "value": "androidx.test.espresso.Espresso"
          },
          "method": "onView",
          "args": [
            {
              "type": "Invocation",
              "value": {
                "target": {
                  "type": "Class",
                  "value": "com.wix.detox.espresso.DetoxMatcher"
                },
                "method": "matcherForTestId",
                "args": [
                  "login-root",
                  {
                    "type": "boolean",
                    "value": false
                  }
                ]
              }
            }
          ]
        }
      },
      {
        "type": "Invocation",
        "value": {
          "target": {
            "type": "Class",
            "value": "com.wix.detox.espresso.DetoxMatcher"
          },
          "method": "matcherForSufficientlyVisible",
          "args": [
            {
              "type": "Integer",
              "value": 75
            }
          ]
        }
      },
      {
        "type": "Double",
        "value": 10
      }
    ]
  }
17:21:44.299 detox[21943] [90mi[39m get
  data: {"messageId":3,"type":"invokeResult","params":{"result":null}}
17:21:44.299 detox[21943] [90mi[39m send
  data: {
    "messageId": 3,
    "type": "invokeResult",
    "params": {
      "result": null
    }
  }
17:21:44.299 detox[21946] [90mi[39m get message
  data: {"messageId":3,"type":"invokeResult","params":{"result":null}}
   
17:21:44.299 detox[21946] [90mE[39m undefined with timeout (10000 ms)
17:21:44.299 detox[21946] [90mE[39m beforeEach
17:21:44.300 detox[21946] [90mB[39m test_fn
17:21:44.300 detox[21946] [90mi[39m 🌐 Testing offline login scenario...
17:21:44.301 detox[21946] [90mB[39m setURLBlacklist
  args: ([".*"])
17:21:44.302 detox[21946] [90mi[39m send message
  data: {"type":"invoke","params":{"target":{"type":"Class","value":"com.wix.detox.espresso.EspressoDetox"},"method":"setURLBlacklist","args":[[".*"]]},"messageId":4}
17:21:44.303 detox[21943] [90mi[39m get
  data: {"type":"invoke","params":{"target":{"type":"Class","value":"com.wix.detox.espresso.EspressoDetox"},"method":"setURLBlacklist","args":[[".*"]]},"messageId":4}
17:21:44.303 detox[21943] [90mi[39m send
  data: {
    "type": "invoke",
    "params": {
      "target": {
        "type": "Class",
        "value": "com.wix.detox.espresso.EspressoDetox"
      },
      "method": "setURLBlacklist",
      "args": [
        [
          ".*"
        ]
      ]
    },
    "messageId": 4
  }
17:21:44.313 detox[21943] [90mi[39m get
  data: {"messageId":4,"type":"invokeResult","params":{"result":null}}
17:21:44.314 detox[21943] [90mi[39m send
  data: {
    "messageId": 4,
    "type": "invokeResult",
    "params": {
      "result": null
    }
  }
17:21:44.314 detox[21946] [90mi[39m get message
  data: {"messageId":4,"type":"invokeResult","params":{"result":null}}
   
17:21:44.314 detox[21946] [90mE[39m setURLBlacklist
17:21:44.314 detox[21946] [90mi[39m 📱 Network requests blocked - simulating offline
17:21:44.315 detox[21946] [90mi[39m send message
  data: {"type":"invoke","params":{"target":{"type":"Class","value":"com.wix.detox.espresso.EspressoDetox"},"method":"perform","args":[{"type":"Invocation","value":{"target":{"type":"Class","value":"com.wix.detox.espresso.DetoxMatcher"},"method":"matcherForTestId","args":["email-input",{"type":"boolean","value":false}]}},{"type":"Invocation","value":{"target":{"type":"Class","value":"androidx.test.espresso.action.ViewActions"},"method":"replaceText","args":["john@gmail.com"]}}]},"messageId":5}
17:21:44.316 detox[21943] [90mi[39m get
  data: {"type":"invoke","params":{"target":{"type":"Class","value":"com.wix.detox.espresso.EspressoDetox"},"method":"perform","args":[{"type":"Invocation","value":{"target":{"type":"Class","value":"com.wix.detox.espresso.DetoxMatcher"},"method":"matcherForTestId","args":["email-input",{"type":"boolean","value":false}]}},{"type":"Invocation","value":{"target":{"type":"Class","value":"androidx.test.espresso.action.ViewActions"},"method":"replaceText","args":["john@gmail.com"]}}]},"messageId":5}
17:21:44.316 detox[21943] [90mi[39m send
  data: {
    "type": "invoke",
    "params": {
      "target": {
        "type": "Class",
        "value": "com.wix.detox.espresso.EspressoDetox"
      },
      "method": "perform",
      "args": [
        {
          "type": "Invocation",
          "value": {
            "target": {
              "type": "Class",
              "value": "com.wix.detox.espresso.DetoxMatcher"
            },
            "method": "matcherForTestId",
            "args": [
              "email-input",
              {
                "type": "boolean",
                "value": false
              }
            ]
          }
        },
        {
          "type": "Invocation",
          "value": {
            "target": {
              "type": "Class",
              "value": "androidx.test.espresso.action.ViewActions"
            },
            "method": "replaceText",
            "args": [
              "john@gmail.com"
            ]
          }
        }
      ]
    },
    "messageId": 5
  }
17:21:44.316 detox[21946] [90mB[39m replace input text: "john@gmail.com"
  data: {
    "target": {
      "type": "Class",
      "value": "com.wix.detox.espresso.EspressoDetox"
    },
    "method": "perform",
    "args": [
      {
        "type": "Invocation",
        "value": {
          "target": {
            "type": "Class",
            "value": "com.wix.detox.espresso.DetoxMatcher"
          },
          "method": "matcherForTestId",
          "args": [
            "email-input",
            {
              "type": "boolean",
              "value": false
            }
          ]
        }
      },
      {
        "type": "Invocation",
        "value": {
          "target": {
            "type": "Class",
            "value": "androidx.test.espresso.action.ViewActions"
          },
          "method": "replaceText",
          "args": [
            "john@gmail.com"
          ]
        }
      }
    ]
  }
17:21:44.369 detox[21943] [90mi[39m get
  data: {"messageId":5,"type":"invokeResult","params":{"result":null}}
17:21:44.369 detox[21943] [90mi[39m send
  data: {
    "messageId": 5,
    "type": "invokeResult",
    "params": {
      "result": null
    }
  }
17:21:44.370 detox[21946] [90mi[39m get message
  data: {"messageId":5,"type":"invokeResult","params":{"result":null}}
   
17:21:44.370 detox[21946] [90mE[39m replace input text: "john@gmail.com"
17:21:44.371 detox[21943] [90mi[39m get
  data: {"type":"invoke","params":{"target":{"type":"Class","value":"com.wix.detox.espresso.EspressoDetox"},"method":"perform","args":[{"type":"Invocation","value":{"target":{"type":"Class","value":"com.wix.detox.espresso.DetoxMatcher"},"method":"matcherForTestId","args":["password-input",{"type":"boolean","value":false}]}},{"type":"Invocation","value":{"target":{"type":"Class","value":"androidx.test.espresso.action.ViewActions"},"method":"replaceText","args":["Password123!"]}}]},"messageId":6}
17:21:44.371 detox[21943] [90mi[39m send
  data: {
    "type": "invoke",
    "params": {
      "target": {
        "type": "Class",
        "value": "com.wix.detox.espresso.EspressoDetox"
      },
      "method": "perform",
      "args": [
        {
          "type": "Invocation",
          "value": {
            "target": {
              "type": "Class",
              "value": "com.wix.detox.espresso.DetoxMatcher"
            },
            "method": "matcherForTestId",
            "args": [
              "password-input",
              {
                "type": "boolean",
                "value": false
              }
            ]
          }
        },
        {
          "type": "Invocation",
          "value": {
            "target": {
              "type": "Class",
              "value": "androidx.test.espresso.action.ViewActions"
            },
            "method": "replaceText",
            "args": [
              "Password123!"
            ]
          }
        }
      ]
    },
    "messageId": 6
  }
17:21:44.371 detox[21946] [90mi[39m send message
  data: {"type":"invoke","params":{"target":{"type":"Class","value":"com.wix.detox.espresso.EspressoDetox"},"method":"perform","args":[{"type":"Invocation","value":{"target":{"type":"Class","value":"com.wix.detox.espresso.DetoxMatcher"},"method":"matcherForTestId","args":["password-input",{"type":"boolean","value":false}]}},{"type":"Invocation","value":{"target":{"type":"Class","value":"androidx.test.espresso.action.ViewActions"},"method":"replaceText","args":["Password123!"]}}]},"messageId":6}
17:21:44.371 detox[21946] [90mB[39m replace input text: "Password123!"
  data: {
    "target": {
      "type": "Class",
      "value": "com.wix.detox.espresso.EspressoDetox"
    },
    "method": "perform",
    "args": [
      {
        "type": "Invocation",
        "value": {
          "target": {
            "type": "Class",
            "value": "com.wix.detox.espresso.DetoxMatcher"
          },
          "method": "matcherForTestId",
          "args": [
            "password-input",
            {
              "type": "boolean",
              "value": false
            }
          ]
        }
      },
      {
        "type": "Invocation",
        "value": {
          "target": {
            "type": "Class",
            "value": "androidx.test.espresso.action.ViewActions"
          },
          "method": "replaceText",
          "args": [
            "Password123!"
          ]
        }
      }
    ]
  }
17:21:44.479 detox[21943] [90mi[39m get
  data: {"messageId":6,"type":"invokeResult","params":{"result":null}}
17:21:44.479 detox[21943] [90mi[39m send
  data: {
    "messageId": 6,
    "type": "invokeResult",
    "params": {
      "result": null
    }
  }
17:21:44.480 detox[21946] [90mi[39m get message
  data: {"messageId":6,"type":"invokeResult","params":{"result":null}}
   
17:21:44.480 detox[21946] [90mE[39m replace input text: "Password123!"
17:21:44.480 detox[21946] [90mi[39m 📝 Credentials entered
17:21:44.481 detox[21943] [90mi[39m get
  data: {"type":"invoke","params":{"target":{"type":"Class","value":"com.wix.detox.espresso.EspressoDetox"},"method":"perform","args":[{"type":"Invocation","value":{"target":{"type":"Class","value":"com.wix.detox.espresso.DetoxMatcher"},"method":"matcherForTestId","args":["login-button",{"type":"boolean","value":false}]}},{"type":"Invocation","value":{"target":{"type":"Class","value":"com.wix.detox.espresso.DetoxViewActions"},"method":"click","args":[]}}]},"messageId":7}
17:21:44.481 detox[21943] [90mi[39m send
  data: {
    "type": "invoke",
    "params": {
      "target": {
        "type": "Class",
        "value": "com.wix.detox.espresso.EspressoDetox"
      },
      "method": "perform",
      "args": [
        {
          "type": "Invocation",
          "value": {
            "target": {
              "type": "Class",
              "value": "com.wix.detox.espresso.DetoxMatcher"
            },
            "method": "matcherForTestId",
            "args": [
              "login-button",
              {
                "type": "boolean",
                "value": false
              }
            ]
          }
        },
        {
          "type": "Invocation",
          "value": {
            "target": {
              "type": "Class",
              "value": "com.wix.detox.espresso.DetoxViewActions"
            },
            "method": "click",
            "args": []
          }
        }
      ]
    },
    "messageId": 7
  }
17:21:44.481 detox[21946] [90mi[39m send message
  data: {"type":"invoke","params":{"target":{"type":"Class","value":"com.wix.detox.espresso.EspressoDetox"},"method":"perform","args":[{"type":"Invocation","value":{"target":{"type":"Class","value":"com.wix.detox.espresso.DetoxMatcher"},"method":"matcherForTestId","args":["login-button",{"type":"boolean","value":false}]}},{"type":"Invocation","value":{"target":{"type":"Class","value":"com.wix.detox.espresso.DetoxViewActions"},"method":"click","args":[]}}]},"messageId":7}
17:21:44.481 detox[21946] [90mB[39m tap
  data: {
    "target": {
      "type": "Class",
      "value": "com.wix.detox.espresso.EspressoDetox"
    },
    "method": "perform",
    "args": [
      {
        "type": "Invocation",
        "value": {
          "target": {
            "type": "Class",
            "value": "com.wix.detox.espresso.DetoxMatcher"
          },
          "method": "matcherForTestId",
          "args": [
            "login-button",
            {
              "type": "boolean",
              "value": false
            }
          ]
        }
      },
      {
        "type": "Invocation",
        "value": {
          "target": {
            "type": "Class",
            "value": "com.wix.detox.espresso.DetoxViewActions"
          },
          "method": "click",
          "args": []
        }
      }
    ]
  }
17:21:45.623 detox[21943] [90mi[39m get
  data: {"messageId":7,"type":"invokeResult","params":{"result":null}}
17:21:45.623 detox[21943] [90mi[39m send
  data: {
    "messageId": 7,
    "type": "invokeResult",
    "params": {
      "result": null
    }
  }
17:21:45.623 detox[21946] [90mi[39m get message
  data: {"messageId":7,"type":"invokeResult","params":{"result":null}}
   
17:21:45.623 detox[21946] [90mE[39m tap
17:21:45.624 detox[21946] [90mi[39m 🔘 Login button tapped - should trigger network error
17:21:48.627 detox[21943] [90mi[39m get
  data: {"type":"invoke","params":{"target":{"type":"Class","value":"com.wix.detox.espresso.DetoxAssertion"},"method":"waitForAssertMatcher","args":[{"type":"Invocation","value":{"target":{"type":"Class","value":"androidx.test.espresso.Espresso"},"method":"onView","args":[{"type":"Invocation","value":{"target":{"type":"Class","value":"com.wix.detox.espresso.DetoxMatcher"},"method":"matcherForText","args":["Network Error. Please check your internet connection and try again.",{"type":"boolean","value":false}]}}]}},{"type":"Invocation","value":{"target":{"type":"Class","value":"com.wix.detox.espresso.DetoxMatcher"},"method":"matcherForSufficientlyVisible","args":[{"type":"Integer","value":75}]}},{"type":"Double","value":10}]},"messageId":8}
17:21:48.627 detox[21943] [90mi[39m send
  data: {
    "type": "invoke",
    "params": {
      "target": {
        "type": "Class",
        "value": "com.wix.detox.espresso.DetoxAssertion"
      },
      "method": "waitForAssertMatcher",
      "args": [
        {
          "type": "Invocation",
          "value": {
            "target": {
              "type": "Class",
              "value": "androidx.test.espresso.Espresso"
            },
            "method": "onView",
            "args": [
              {
                "type": "Invocation",
                "value": {
                  "target": {
                    "type": "Class",
                    "value": "com.wix.detox.espresso.DetoxMatcher"
                  },
                  "method": "matcherForText",
                  "args": [
                    "Network Error. Please check your internet connection and try again.",
                    {
                      "type": "boolean",
                      "value": false
                    }
                  ]
                }
              }
            ]
          }
        },
        {
          "type": "Invocation",
          "value": {
            "target": {
              "type": "Class",
              "value": "com.wix.detox.espresso.DetoxMatcher"
            },
            "method": "matcherForSufficientlyVisible",
            "args": [
              {
                "type": "Integer",
                "value": 75
              }
            ]
          }
        },
        {
          "type": "Double",
          "value": 10
        }
      ]
    },
    "messageId": 8
  }
17:21:48.627 detox[21946] [90mi[39m send message
  data: {"type":"invoke","params":{"target":{"type":"Class","value":"com.wix.detox.espresso.DetoxAssertion"},"method":"waitForAssertMatcher","args":[{"type":"Invocation","value":{"target":{"type":"Class","value":"androidx.test.espresso.Espresso"},"method":"onView","args":[{"type":"Invocation","value":{"target":{"type":"Class","value":"com.wix.detox.espresso.DetoxMatcher"},"method":"matcherForText","args":["Network Error. Please check your internet connection and try again.",{"type":"boolean","value":false}]}}]}},{"type":"Invocation","value":{"target":{"type":"Class","value":"com.wix.detox.espresso.DetoxMatcher"},"method":"matcherForSufficientlyVisible","args":[{"type":"Integer","value":75}]}},{"type":"Double","value":10}]},"messageId":8}
17:21:48.627 detox[21946] [90mB[39m undefined with timeout (10000 ms)
  data: {
    "target": {
      "type": "Class",
      "value": "com.wix.detox.espresso.DetoxAssertion"
    },
    "method": "waitForAssertMatcher",
    "args": [
      {
        "type": "Invocation",
        "value": {
          "target": {
            "type": "Class",
            "value": "androidx.test.espresso.Espresso"
          },
          "method": "onView",
          "args": [
            {
              "type": "Invocation",
              "value": {
                "target": {
                  "type": "Class",
                  "value": "com.wix.detox.espresso.DetoxMatcher"
                },
                "method": "matcherForText",
                "args": [
                  "Network Error. Please check your internet connection and try again.",
                  {
                    "type": "boolean",
                    "value": false
                  }
                ]
              }
            }
          ]
        }
      },
      {
        "type": "Invocation",
        "value": {
          "target": {
            "type": "Class",
            "value": "com.wix.detox.espresso.DetoxMatcher"
          },
          "method": "matcherForSufficientlyVisible",
          "args": [
            {
              "type": "Integer",
              "value": 75
            }
          ]
        }
      },
      {
        "type": "Double",
        "value": 10
      }
    ]
  }
17:21:48.695 detox[21943] [90mi[39m get
  data: {"messageId":8,"type":"invokeResult","params":{"result":null}}
17:21:48.696 detox[21943] [90mi[39m send
  data: {
    "messageId": 8,
    "type": "invokeResult",
    "params": {
      "result": null
    }
  }
17:21:48.696 detox[21946] [90mi[39m get message
  data: {"messageId":8,"type":"invokeResult","params":{"result":null}}
   
17:21:48.696 detox[21946] [90mE[39m undefined with timeout (10000 ms)
17:21:48.696 detox[21946] [90mi[39m ✅ Network error message displayed correctly
17:21:48.697 detox[21946] [90mB[39m setURLBlacklist
  args: ([])
17:21:48.698 detox[21943] [90mi[39m get
  data: {"type":"invoke","params":{"target":{"type":"Class","value":"com.wix.detox.espresso.EspressoDetox"},"method":"setURLBlacklist","args":[[]]},"messageId":9}
17:21:48.698 detox[21943] [90mi[39m send
  data: {
    "type": "invoke",
    "params": {
      "target": {
        "type": "Class",
        "value": "com.wix.detox.espresso.EspressoDetox"
      },
      "method": "setURLBlacklist",
      "args": [
        []
      ]
    },
    "messageId": 9
  }
17:21:48.698 detox[21946] [90mi[39m send message
  data: {"type":"invoke","params":{"target":{"type":"Class","value":"com.wix.detox.espresso.EspressoDetox"},"method":"setURLBlacklist","args":[[]]},"messageId":9}
17:21:48.710 detox[21943] [90mi[39m get
  data: {"messageId":9,"type":"invokeResult","params":{"result":null}}
17:21:48.710 detox[21943] [90mi[39m send
  data: {
    "messageId": 9,
    "type": "invokeResult",
    "params": {
      "result": null
    }
  }
17:21:48.710 detox[21946] [90mi[39m get message
  data: {"messageId":9,"type":"invokeResult","params":{"result":null}}
   
17:21:48.711 detox[21946] [90mE[39m setURLBlacklist
17:21:48.711 detox[21946] [90mi[39m 🌐 Network restored
17:21:48.712 detox[21946] [90mE[39m test_fn
17:21:48.712 detox[21946] [90mB[39m afterEach
17:21:48.712 detox[21946] [90mB[39m takeScreenshot
  args: ("offline-test-screenshot")
17:21:48.713 detox[21946] [90mi[39m "/Users/ips-162/Library/Android/sdk/platform-tools/adb" -s ZD22227Q7K shell "screencap /sdcard/172114422_2.png"
17:21:50.016 detox[21946] [90mi[39m 
17:21:50.017 detox[21946] [90mi[39m "/Users/ips-162/Library/Android/sdk/platform-tools/adb" -s ZD22227Q7K pull "/sdcard/172114422_2.png" "/private/var/folders/r0/j9yltjr10ysg22c7l5sx938r0000gn/T/detox-21946-JlJHE4.detox.png"
17:21:50.038 detox[21946] [90mi[39m /sdcard/172114422_2.png: 1 file pulled, 0 skipped. 13.3 MB/s (96894 bytes in 0.007s)

17:21:50.039 detox[21946] [90mi[39m "/Users/ips-162/Library/Android/sdk/platform-tools/adb" -s ZD22227Q7K shell "rm  \"/sdcard/172114422_2.png\""
17:21:50.140 detox[21946] [90mi[39m 
17:21:50.141 detox[21946] [90mB[39m onCreateExternalArtifact
  args: ({"pluginId":"screenshot","artifactName":"offline-test-screenshot","artifactPath":"/private/var/folders/r0/j9yltjr10ysg22c7l5sx938r0000gn/T/detox-21946-JlJHE4.detox.png"})
17:21:50.141 detox[21946] [90mi[39m starting FileArtifact
17:21:50.141 detox[21946] [90mi[39m stopping FileArtifact
17:21:50.141 detox[21946] [90mE[39m onCreateExternalArtifact
17:21:50.141 detox[21946] [90mE[39m takeScreenshot
17:21:50.141 detox[21946] [90mE[39m afterEach
17:21:50.142 detox[21946] [90mB[39m onTestDone
  args: ({"title":"should handle offline login attempt","fullName":"Edge Cases - Offline & Permission Interruptions Network Interruptions should handle offline login attempt","status":"passed","invocations":1})
17:21:50.142 detox[21946] [90mi[39m stopping ADBLogcatRecording
17:21:50.143 detox[21946] [90mi[39m starting ADBScreencapRecording
17:21:50.143 detox[21946] [90mi[39m "/Users/ips-162/Library/Android/sdk/platform-tools/adb" -s ZD22227Q7K shell "screencap /sdcard/172114422_3.png"
17:21:50.144 detox[21946] [90mi[39m "/Users/ips-162/Library/Android/sdk/platform-tools/adb" -s ZD22227Q7K shell "date +\"%m-%d %T.000\""
17:21:50.230 detox[21946] [90mi[39m 12-17 17:22:53.000

17:21:50.232 detox[21946] [90mi[39m sending SIGINT to: /Users/ips-162/Library/Android/sdk/platform-tools/adb -s ZD22227Q7K shell logcat -T "12-17 17:22:39.000" --pid=28071 -f /sdcard/172114422_1.log
17:21:50.234 detox[21946] [90mi[39m /Users/ips-162/Library/Android/sdk/platform-tools/adb -s ZD22227Q7K shell "logcat -T \"12-17 17:22:39.000\" --pid=28071 -f /sdcard/172114422_1.log" terminated with SIGINT
17:21:50.236 detox[21946] [90mi[39m saving ADBLogcatRecording to: artifacts/android.att.debug.2025-12-17 11-51-12Z/✓ Edge Cases - Offline & Permission Interruptions Network Interruptions should handle offline login attempt/device.log
17:21:50.236 detox[21946] [90mi[39m "/Users/ips-162/Library/Android/sdk/platform-tools/adb" -s ZD22227Q7K pull "/sdcard/172114422_1.log" "artifacts/android.att.debug.2025-12-17 11-51-12Z/✓ Edge Cases - Offline & Permission Interruptions Network Interruptions should handle offline login attempt/device.log"
17:21:50.256 detox[21946] [90mi[39m /sdcard/172114422_1.log: 1 file pulled, 0 skipped. 11.9 MB/s (47080 bytes in 0.004s)

17:21:50.256 detox[21946] [90mi[39m "/Users/ips-162/Library/Android/sdk/platform-tools/adb" -s ZD22227Q7K shell "rm  \"/sdcard/172114422_1.log\""
17:21:50.346 detox[21946] [90mi[39m 
17:21:50.346 detox[21946] [90mi[39m saving ADBLogcatRecording to: artifacts/android.att.debug.2025-12-17 11-51-12Z/ZD22227Q7K 2025-12-17 11-51-50Z.startup.log
17:21:50.346 detox[21946] [90mi[39m "/Users/ips-162/Library/Android/sdk/platform-tools/adb" -s ZD22227Q7K pull "/sdcard/172114422_0.log" "artifacts/android.att.debug.2025-12-17 11-51-12Z/ZD22227Q7K 2025-12-17 11-51-50Z.startup.log"
17:21:50.371 detox[21946] [90mi[39m /sdcard/172114422_0.log: 1 file pulled, 0 skipped. 8.1 MB/s (46443 bytes in 0.005s)

17:21:50.371 detox[21946] [90mi[39m "/Users/ips-162/Library/Android/sdk/platform-tools/adb" -s ZD22227Q7K shell "rm  \"/sdcard/172114422_0.log\""
17:21:50.452 detox[21946] [90mi[39m 
17:21:50.680 detox[21946] [90mi[39m 
17:21:50.680 detox[21946] [90mi[39m stopping ADBScreencapRecording
17:21:50.680 detox[21946] [90mE[39m onTestDone
17:21:50.680 detox[21946] [90mE[39m should handle offline login attempt
17:21:50.681 detox[21946] [90mi[39m Edge Cases - Offline & Permission Interruptions > Network Interruptions: should handle offline login attempt [OK]
17:21:50.682 detox[21946] [90mB[39m should handle network recovery and retry
17:21:50.682 detox[21946] [90mi[39m Edge Cases - Offline & Permission Interruptions > Network Interruptions: should handle network recovery and retry
17:21:50.684 detox[21946] [90mB[39m onTestStart
  args: ({"title":"should handle network recovery and retry","fullName":"Edge Cases - Offline & Permission Interruptions Network Interruptions should handle network recovery and retry","status":"running","invocations":1})
17:21:50.684 detox[21946] [90mi[39m starting ADBLogcatRecording
17:21:50.685 detox[21946] [90mi[39m /Users/ips-162/Library/Android/sdk/platform-tools/adb -s ZD22227Q7K shell "logcat -T \"12-17 17:22:53.000\" --pid=28071 -f /sdcard/172114422_4.log"
17:21:50.685 detox[21946] [90mE[39m onTestStart
17:21:50.685 detox[21946] [90mB[39m beforeEach
17:21:50.686 detox[21946] [90mE[39m beforeEach
17:21:50.686 detox[21946] [90mB[39m beforeEach
17:21:50.686 detox[21946] [90mB[39m reloadReactNative
  args: ()
17:21:50.687 detox[21946] [90mi[39m send message
  data: {"type":"reactNativeReload","params":{},"messageId":-1000}
17:21:50.690 detox[21943] [90mi[39m get
  data: {"type":"reactNativeReload","params":{},"messageId":-1000}
17:21:50.690 detox[21943] [90mi[39m send
  data: {
    "type": "reactNativeReload",
    "params": {},
    "messageId": -1000
  }
17:21:50.693 detox[21946] [90mi[39m saving FileArtifact to: artifacts/android.att.debug.2025-12-17 11-51-12Z/✓ Edge Cases - Offline & Permission Interruptions Network Interruptions should handle offline login attempt/offline-test-screenshot.png
17:21:50.696 detox[21946] [90mi[39m moving "/private/var/folders/r0/j9yltjr10ysg22c7l5sx938r0000gn/T/detox-21946-JlJHE4.detox.png" to artifacts/android.att.debug.2025-12-17 11-51-12Z/✓ Edge Cases - Offline & Permission Interruptions Network Interruptions should handle offline login attempt/offline-test-screenshot.png
17:21:50.710 detox[21946] [90mi[39m saving ADBScreencapRecording to: artifacts/android.att.debug.2025-12-17 11-51-12Z/✓ Edge Cases - Offline & Permission Interruptions Network Interruptions should handle offline login attempt/testDone.png
17:21:50.710 detox[21946] [90mi[39m "/Users/ips-162/Library/Android/sdk/platform-tools/adb" -s ZD22227Q7K pull "/sdcard/172114422_3.png" "artifacts/android.att.debug.2025-12-17 11-51-12Z/✓ Edge Cases - Offline & Permission Interruptions Network Interruptions should handle offline login attempt/testDone.png"
17:21:50.745 detox[21946] [90mi[39m /sdcard/172114422_3.png: 1 file pulled, 0 skipped. 13.5 MB/s (96894 bytes in 0.007s)

17:21:50.745 detox[21946] [90mi[39m "/Users/ips-162/Library/Android/sdk/platform-tools/adb" -s ZD22227Q7K shell "rm  \"/sdcard/172114422_3.png\""
17:21:50.848 detox[21946] [90mi[39m 
17:21:50.986 detox[21946] [90mi[39m "/Users/ips-162/Library/Android/sdk/platform-tools/adb" -s ZD22227Q7K shell du /sdcard/172114422_4.log
17:21:51.071 detox[21946] [90mi[39m 0	/sdcard/172114422_4.log

17:21:51.277 detox[21943] [90mi[39m get
  data: {"messageId":-1000,"type":"ready","params":{}}
17:21:51.278 detox[21943] [90mi[39m send
  data: {
    "messageId": -1000,
    "type": "ready",
    "params": {}
  }
17:21:51.278 detox[21946] [90mi[39m get message
  data: {"messageId":-1000,"type":"ready","params":{}}
   
17:21:51.278 detox[21946] [90mE[39m reloadReactNative
17:21:51.279 detox[21946] [90mB[39m disableSynchronization
  args: ()
17:21:51.279 detox[21946] [90mi[39m send message
  data: {"type":"invoke","params":{"target":{"type":"Class","value":"com.wix.detox.espresso.EspressoDetox"},"method":"setSynchronization","args":[{"type":"boolean","value":false}]},"messageId":10}
17:21:51.280 detox[21943] [90mi[39m get
  data: {"type":"invoke","params":{"target":{"type":"Class","value":"com.wix.detox.espresso.EspressoDetox"},"method":"setSynchronization","args":[{"type":"boolean","value":false}]},"messageId":10}
17:21:51.280 detox[21943] [90mi[39m send
  data: {
    "type": "invoke",
    "params": {
      "target": {
        "type": "Class",
        "value": "com.wix.detox.espresso.EspressoDetox"
      },
      "method": "setSynchronization",
      "args": [
        {
          "type": "boolean",
          "value": false
        }
      ]
    },
    "messageId": 10
  }
17:21:51.289 detox[21943] [90mi[39m get
  data: {"messageId":10,"type":"invokeResult","params":{"result":null}}
17:21:51.290 detox[21943] [90mi[39m send
  data: {
    "messageId": 10,
    "type": "invokeResult",
    "params": {
      "result": null
    }
  }
17:21:51.290 detox[21946] [90mi[39m get message
  data: {"messageId":10,"type":"invokeResult","params":{"result":null}}
   
17:21:51.290 detox[21946] [90mE[39m disableSynchronization
17:21:54.294 detox[21946] [90mB[39m enableSynchronization
  args: ()
17:21:54.294 detox[21946] [90mi[39m send message
  data: {"type":"invoke","params":{"target":{"type":"Class","value":"com.wix.detox.espresso.EspressoDetox"},"method":"setSynchronization","args":[{"type":"boolean","value":true}]},"messageId":11}
17:21:54.296 detox[21943] [90mi[39m get
  data: {"type":"invoke","params":{"target":{"type":"Class","value":"com.wix.detox.espresso.EspressoDetox"},"method":"setSynchronization","args":[{"type":"boolean","value":true}]},"messageId":11}
17:21:54.296 detox[21943] [90mi[39m send
  data: {
    "type": "invoke",
    "params": {
      "target": {
        "type": "Class",
        "value": "com.wix.detox.espresso.EspressoDetox"
      },
      "method": "setSynchronization",
      "args": [
        {
          "type": "boolean",
          "value": true
        }
      ]
    },
    "messageId": 11
  }
17:21:54.333 detox[21943] [90mi[39m get
  data: {"messageId":11,"type":"invokeResult","params":{"result":null}}
17:21:54.334 detox[21943] [90mi[39m send
  data: {
    "messageId": 11,
    "type": "invokeResult",
    "params": {
      "result": null
    }
  }
17:21:54.334 detox[21946] [90mi[39m get message
  data: {"messageId":11,"type":"invokeResult","params":{"result":null}}
   
17:21:54.334 detox[21946] [90mE[39m enableSynchronization
17:21:54.334 detox[21946] [90mi[39m send message
  data: {"type":"invoke","params":{"target":{"type":"Class","value":"com.wix.detox.espresso.DetoxAssertion"},"method":"waitForAssertMatcher","args":[{"type":"Invocation","value":{"target":{"type":"Class","value":"androidx.test.espresso.Espresso"},"method":"onView","args":[{"type":"Invocation","value":{"target":{"type":"Class","value":"com.wix.detox.espresso.DetoxMatcher"},"method":"matcherForTestId","args":["login-root",{"type":"boolean","value":false}]}}]}},{"type":"Invocation","value":{"target":{"type":"Class","value":"com.wix.detox.espresso.DetoxMatcher"},"method":"matcherForSufficientlyVisible","args":[{"type":"Integer","value":75}]}},{"type":"Double","value":10}]},"messageId":12}
17:21:54.335 detox[21943] [90mi[39m get
  data: {"type":"invoke","params":{"target":{"type":"Class","value":"com.wix.detox.espresso.DetoxAssertion"},"method":"waitForAssertMatcher","args":[{"type":"Invocation","value":{"target":{"type":"Class","value":"androidx.test.espresso.Espresso"},"method":"onView","args":[{"type":"Invocation","value":{"target":{"type":"Class","value":"com.wix.detox.espresso.DetoxMatcher"},"method":"matcherForTestId","args":["login-root",{"type":"boolean","value":false}]}}]}},{"type":"Invocation","value":{"target":{"type":"Class","value":"com.wix.detox.espresso.DetoxMatcher"},"method":"matcherForSufficientlyVisible","args":[{"type":"Integer","value":75}]}},{"type":"Double","value":10}]},"messageId":12}
17:21:54.335 detox[21943] [90mi[39m send
  data: {
    "type": "invoke",
    "params": {
      "target": {
        "type": "Class",
        "value": "com.wix.detox.espresso.DetoxAssertion"
      },
      "method": "waitForAssertMatcher",
      "args": [
        {
          "type": "Invocation",
          "value": {
            "target": {
              "type": "Class",
              "value": "androidx.test.espresso.Espresso"
            },
            "method": "onView",
            "args": [
              {
                "type": "Invocation",
                "value": {
                  "target": {
                    "type": "Class",
                    "value": "com.wix.detox.espresso.DetoxMatcher"
                  },
                  "method": "matcherForTestId",
                  "args": [
                    "login-root",
                    {
                      "type": "boolean",
                      "value": false
                    }
                  ]
                }
              }
            ]
          }
        },
        {
          "type": "Invocation",
          "value": {
            "target": {
              "type": "Class",
              "value": "com.wix.detox.espresso.DetoxMatcher"
            },
            "method": "matcherForSufficientlyVisible",
            "args": [
              {
                "type": "Integer",
                "value": 75
              }
            ]
          }
        },
        {
          "type": "Double",
          "value": 10
        }
      ]
    },
    "messageId": 12
  }
17:21:54.335 detox[21946] [90mB[39m undefined with timeout (10000 ms)
  data: {
    "target": {
      "type": "Class",
      "value": "com.wix.detox.espresso.DetoxAssertion"
    },
    "method": "waitForAssertMatcher",
    "args": [
      {
        "type": "Invocation",
        "value": {
          "target": {
            "type": "Class",
            "value": "androidx.test.espresso.Espresso"
          },
          "method": "onView",
          "args": [
            {
              "type": "Invocation",
              "value": {
                "target": {
                  "type": "Class",
                  "value": "com.wix.detox.espresso.DetoxMatcher"
                },
                "method": "matcherForTestId",
                "args": [
                  "login-root",
                  {
                    "type": "boolean",
                    "value": false
                  }
                ]
              }
            }
          ]
        }
      },
      {
        "type": "Invocation",
        "value": {
          "target": {
            "type": "Class",
            "value": "com.wix.detox.espresso.DetoxMatcher"
          },
          "method": "matcherForSufficientlyVisible",
          "args": [
            {
              "type": "Integer",
              "value": 75
            }
          ]
        }
      },
      {
        "type": "Double",
        "value": 10
      }
    ]
  }
17:21:59.392 detox[21943] [90mi[39m get
  data: {"messageId":12,"type":"invokeResult","params":{"result":null}}
17:21:59.393 detox[21943] [90mi[39m send
  data: {
    "messageId": 12,
    "type": "invokeResult",
    "params": {
      "result": null
    }
  }
17:21:59.393 detox[21946] [90mi[39m get message
  data: {"messageId":12,"type":"invokeResult","params":{"result":null}}
   
17:21:59.394 detox[21946] [90mE[39m undefined with timeout (10000 ms)
17:21:59.394 detox[21946] [90mE[39m beforeEach
17:21:59.394 detox[21946] [90mB[39m test_fn
17:21:59.407 detox[21946] [90mi[39m 🔄 Testing network recovery scenario...
17:21:59.407 detox[21946] [90mB[39m setURLBlacklist
  args: ([".*"])
17:21:59.411 detox[21946] [90mi[39m send message
  data: {"type":"invoke","params":{"target":{"type":"Class","value":"com.wix.detox.espresso.EspressoDetox"},"method":"setURLBlacklist","args":[[".*"]]},"messageId":13}
17:21:59.412 detox[21943] [90mi[39m get
  data: {"type":"invoke","params":{"target":{"type":"Class","value":"com.wix.detox.espresso.EspressoDetox"},"method":"setURLBlacklist","args":[[".*"]]},"messageId":13}
17:21:59.412 detox[21943] [90mi[39m send
  data: {
    "type": "invoke",
    "params": {
      "target": {
        "type": "Class",
        "value": "com.wix.detox.espresso.EspressoDetox"
      },
      "method": "setURLBlacklist",
      "args": [
        [
          ".*"
        ]
      ]
    },
    "messageId": 13
  }
17:21:59.425 detox[21943] [90mi[39m get
  data: {"messageId":13,"type":"invokeResult","params":{"result":null}}
17:21:59.426 detox[21943] [90mi[39m send
  data: {
    "messageId": 13,
    "type": "invokeResult",
    "params": {
      "result": null
    }
  }
17:21:59.426 detox[21946] [90mi[39m get message
  data: {"messageId":13,"type":"invokeResult","params":{"result":null}}
   
17:21:59.427 detox[21946] [90mE[39m setURLBlacklist
17:21:59.427 detox[21946] [90mi[39m 📱 Starting offline
17:21:59.431 detox[21946] [90mi[39m send message
  data: {"type":"invoke","params":{"target":{"type":"Class","value":"com.wix.detox.espresso.EspressoDetox"},"method":"perform","args":[{"type":"Invocation","value":{"target":{"type":"Class","value":"com.wix.detox.espresso.DetoxMatcher"},"method":"matcherForTestId","args":["email-input",{"type":"boolean","value":false}]}},{"type":"Invocation","value":{"target":{"type":"Class","value":"androidx.test.espresso.action.ViewActions"},"method":"replaceText","args":["john@gmail.com"]}}]},"messageId":14}
17:21:59.432 detox[21943] [90mi[39m get
  data: {"type":"invoke","params":{"target":{"type":"Class","value":"com.wix.detox.espresso.EspressoDetox"},"method":"perform","args":[{"type":"Invocation","value":{"target":{"type":"Class","value":"com.wix.detox.espresso.DetoxMatcher"},"method":"matcherForTestId","args":["email-input",{"type":"boolean","value":false}]}},{"type":"Invocation","value":{"target":{"type":"Class","value":"androidx.test.espresso.action.ViewActions"},"method":"replaceText","args":["john@gmail.com"]}}]},"messageId":14}
17:21:59.432 detox[21946] [90mB[39m replace input text: "john@gmail.com"
  data: {
    "target": {
      "type": "Class",
      "value": "com.wix.detox.espresso.EspressoDetox"
    },
    "method": "perform",
    "args": [
      {
        "type": "Invocation",
        "value": {
          "target": {
            "type": "Class",
            "value": "com.wix.detox.espresso.DetoxMatcher"
          },
          "method": "matcherForTestId",
          "args": [
            "email-input",
            {
              "type": "boolean",
              "value": false
            }
          ]
        }
      },
      {
        "type": "Invocation",
        "value": {
          "target": {
            "type": "Class",
            "value": "androidx.test.espresso.action.ViewActions"
          },
          "method": "replaceText",
          "args": [
            "john@gmail.com"
          ]
        }
      }
    ]
  }
17:21:59.433 detox[21943] [90mi[39m send
  data: {
    "type": "invoke",
    "params": {
      "target": {
        "type": "Class",
        "value": "com.wix.detox.espresso.EspressoDetox"
      },
      "method": "perform",
      "args": [
        {
          "type": "Invocation",
          "value": {
            "target": {
              "type": "Class",
              "value": "com.wix.detox.espresso.DetoxMatcher"
            },
            "method": "matcherForTestId",
            "args": [
              "email-input",
              {
                "type": "boolean",
                "value": false
              }
            ]
          }
        },
        {
          "type": "Invocation",
          "value": {
            "target": {
              "type": "Class",
              "value": "androidx.test.espresso.action.ViewActions"
            },
            "method": "replaceText",
            "args": [
              "john@gmail.com"
            ]
          }
        }
      ]
    },
    "messageId": 14
  }
17:21:59.507 detox[21943] [90mi[39m get
  data: {"messageId":14,"type":"invokeResult","params":{"result":null}}
17:21:59.507 detox[21943] [90mi[39m send
  data: {
    "messageId": 14,
    "type": "invokeResult",
    "params": {
      "result": null
    }
  }
17:21:59.507 detox[21946] [90mi[39m get message
  data: {"messageId":14,"type":"invokeResult","params":{"result":null}}
   
17:21:59.508 detox[21946] [90mE[39m replace input text: "john@gmail.com"
17:21:59.511 detox[21943] [90mi[39m get
  data: {"type":"invoke","params":{"target":{"type":"Class","value":"com.wix.detox.espresso.EspressoDetox"},"method":"perform","args":[{"type":"Invocation","value":{"target":{"type":"Class","value":"com.wix.detox.espresso.DetoxMatcher"},"method":"matcherForTestId","args":["password-input",{"type":"boolean","value":false}]}},{"type":"Invocation","value":{"target":{"type":"Class","value":"androidx.test.espresso.action.ViewActions"},"method":"replaceText","args":["Password123!"]}}]},"messageId":15}
17:21:59.511 detox[21946] [90mi[39m send message
  data: {"type":"invoke","params":{"target":{"type":"Class","value":"com.wix.detox.espresso.EspressoDetox"},"method":"perform","args":[{"type":"Invocation","value":{"target":{"type":"Class","value":"com.wix.detox.espresso.DetoxMatcher"},"method":"matcherForTestId","args":["password-input",{"type":"boolean","value":false}]}},{"type":"Invocation","value":{"target":{"type":"Class","value":"androidx.test.espresso.action.ViewActions"},"method":"replaceText","args":["Password123!"]}}]},"messageId":15}
17:21:59.511 detox[21946] [90mB[39m replace input text: "Password123!"
  data: {
    "target": {
      "type": "Class",
      "value": "com.wix.detox.espresso.EspressoDetox"
    },
    "method": "perform",
    "args": [
      {
        "type": "Invocation",
        "value": {
          "target": {
            "type": "Class",
            "value": "com.wix.detox.espresso.DetoxMatcher"
          },
          "method": "matcherForTestId",
          "args": [
            "password-input",
            {
              "type": "boolean",
              "value": false
            }
          ]
        }
      },
      {
        "type": "Invocation",
        "value": {
          "target": {
            "type": "Class",
            "value": "androidx.test.espresso.action.ViewActions"
          },
          "method": "replaceText",
          "args": [
            "Password123!"
          ]
        }
      }
    ]
  }
17:21:59.512 detox[21943] [90mi[39m send
  data: {
    "type": "invoke",
    "params": {
      "target": {
        "type": "Class",
        "value": "com.wix.detox.espresso.EspressoDetox"
      },
      "method": "perform",
      "args": [
        {
          "type": "Invocation",
          "value": {
            "target": {
              "type": "Class",
              "value": "com.wix.detox.espresso.DetoxMatcher"
            },
            "method": "matcherForTestId",
            "args": [
              "password-input",
              {
                "type": "boolean",
                "value": false
              }
            ]
          }
        },
        {
          "type": "Invocation",
          "value": {
            "target": {
              "type": "Class",
              "value": "androidx.test.espresso.action.ViewActions"
            },
            "method": "replaceText",
            "args": [
              "Password123!"
            ]
          }
        }
      ]
    },
    "messageId": 15
  }
17:21:59.651 detox[21943] [90mi[39m get
  data: {"messageId":15,"type":"invokeResult","params":{"result":null}}
17:21:59.651 detox[21943] [90mi[39m send
  data: {
    "messageId": 15,
    "type": "invokeResult",
    "params": {
      "result": null
    }
  }
17:21:59.652 detox[21946] [90mi[39m get message
  data: {"messageId":15,"type":"invokeResult","params":{"result":null}}
   
17:21:59.653 detox[21946] [90mE[39m replace input text: "Password123!"
17:21:59.653 detox[21946] [90mi[39m send message
  data: {"type":"invoke","params":{"target":{"type":"Class","value":"com.wix.detox.espresso.EspressoDetox"},"method":"perform","args":[{"type":"Invocation","value":{"target":{"type":"Class","value":"com.wix.detox.espresso.DetoxMatcher"},"method":"matcherForTestId","args":["login-button",{"type":"boolean","value":false}]}},{"type":"Invocation","value":{"target":{"type":"Class","value":"com.wix.detox.espresso.DetoxViewActions"},"method":"click","args":[]}}]},"messageId":16}
17:21:59.654 detox[21946] [90mB[39m tap
  data: {
    "target": {
      "type": "Class",
      "value": "com.wix.detox.espresso.EspressoDetox"
    },
    "method": "perform",
    "args": [
      {
        "type": "Invocation",
        "value": {
          "target": {
            "type": "Class",
            "value": "com.wix.detox.espresso.DetoxMatcher"
          },
          "method": "matcherForTestId",
          "args": [
            "login-button",
            {
              "type": "boolean",
              "value": false
            }
          ]
        }
      },
      {
        "type": "Invocation",
        "value": {
          "target": {
            "type": "Class",
            "value": "com.wix.detox.espresso.DetoxViewActions"
          },
          "method": "click",
          "args": []
        }
      }
    ]
  }
17:21:59.655 detox[21943] [90mi[39m get
  data: {"type":"invoke","params":{"target":{"type":"Class","value":"com.wix.detox.espresso.EspressoDetox"},"method":"perform","args":[{"type":"Invocation","value":{"target":{"type":"Class","value":"com.wix.detox.espresso.DetoxMatcher"},"method":"matcherForTestId","args":["login-button",{"type":"boolean","value":false}]}},{"type":"Invocation","value":{"target":{"type":"Class","value":"com.wix.detox.espresso.DetoxViewActions"},"method":"click","args":[]}}]},"messageId":16}
17:21:59.657 detox[21943] [90mi[39m send
  data: {
    "type": "invoke",
    "params": {
      "target": {
        "type": "Class",
        "value": "com.wix.detox.espresso.EspressoDetox"
      },
      "method": "perform",
      "args": [
        {
          "type": "Invocation",
          "value": {
            "target": {
              "type": "Class",
              "value": "com.wix.detox.espresso.DetoxMatcher"
            },
            "method": "matcherForTestId",
            "args": [
              "login-button",
              {
                "type": "boolean",
                "value": false
              }
            ]
          }
        },
        {
          "type": "Invocation",
          "value": {
            "target": {
              "type": "Class",
              "value": "com.wix.detox.espresso.DetoxViewActions"
            },
            "method": "click",
            "args": []
          }
        }
      ]
    },
    "messageId": 16
  }
17:22:00.856 detox[21943] [90mi[39m get
  data: {"messageId":16,"type":"invokeResult","params":{"result":null}}
17:22:00.856 detox[21943] [90mi[39m send
  data: {
    "messageId": 16,
    "type": "invokeResult",
    "params": {
      "result": null
    }
  }
17:22:00.857 detox[21946] [90mi[39m get message
  data: {"messageId":16,"type":"invokeResult","params":{"result":null}}
   
17:22:00.857 detox[21946] [90mE[39m tap
17:22:00.857 detox[21946] [90mi[39m send message
  data: {"type":"invoke","params":{"target":{"type":"Class","value":"com.wix.detox.espresso.DetoxAssertion"},"method":"waitForAssertMatcher","args":[{"type":"Invocation","value":{"target":{"type":"Class","value":"androidx.test.espresso.Espresso"},"method":"onView","args":[{"type":"Invocation","value":{"target":{"type":"Class","value":"com.wix.detox.espresso.DetoxMatcher"},"method":"matcherForText","args":["Network Error. Please check your internet connection and try again.",{"type":"boolean","value":false}]}}]}},{"type":"Invocation","value":{"target":{"type":"Class","value":"com.wix.detox.espresso.DetoxMatcher"},"method":"matcherForSufficientlyVisible","args":[{"type":"Integer","value":75}]}},{"type":"Double","value":5}]},"messageId":17}
17:22:00.858 detox[21943] [90mi[39m get
  data: {"type":"invoke","params":{"target":{"type":"Class","value":"com.wix.detox.espresso.DetoxAssertion"},"method":"waitForAssertMatcher","args":[{"type":"Invocation","value":{"target":{"type":"Class","value":"androidx.test.espresso.Espresso"},"method":"onView","args":[{"type":"Invocation","value":{"target":{"type":"Class","value":"com.wix.detox.espresso.DetoxMatcher"},"method":"matcherForText","args":["Network Error. Please check your internet connection and try again.",{"type":"boolean","value":false}]}}]}},{"type":"Invocation","value":{"target":{"type":"Class","value":"com.wix.detox.espresso.DetoxMatcher"},"method":"matcherForSufficientlyVisible","args":[{"type":"Integer","value":75}]}},{"type":"Double","value":5}]},"messageId":17}
17:22:00.858 detox[21943] [90mi[39m send
  data: {
    "type": "invoke",
    "params": {
      "target": {
        "type": "Class",
        "value": "com.wix.detox.espresso.DetoxAssertion"
      },
      "method": "waitForAssertMatcher",
      "args": [
        {
          "type": "Invocation",
          "value": {
            "target": {
              "type": "Class",
              "value": "androidx.test.espresso.Espresso"
            },
            "method": "onView",
            "args": [
              {
                "type": "Invocation",
                "value": {
                  "target": {
                    "type": "Class",
                    "value": "com.wix.detox.espresso.DetoxMatcher"
                  },
                  "method": "matcherForText",
                  "args": [
                    "Network Error. Please check your internet connection and try again.",
                    {
                      "type": "boolean",
                      "value": false
                    }
                  ]
                }
              }
            ]
          }
        },
        {
          "type": "Invocation",
          "value": {
            "target": {
              "type": "Class",
              "value": "com.wix.detox.espresso.DetoxMatcher"
            },
            "method": "matcherForSufficientlyVisible",
            "args": [
              {
                "type": "Integer",
                "value": 75
              }
            ]
          }
        },
        {
          "type": "Double",
          "value": 5
        }
      ]
    },
    "messageId": 17
  }
17:22:00.858 detox[21946] [90mB[39m undefined with timeout (5000 ms)
  data: {
    "target": {
      "type": "Class",
      "value": "com.wix.detox.espresso.DetoxAssertion"
    },
    "method": "waitForAssertMatcher",
    "args": [
      {
        "type": "Invocation",
        "value": {
          "target": {
            "type": "Class",
            "value": "androidx.test.espresso.Espresso"
          },
          "method": "onView",
          "args": [
            {
              "type": "Invocation",
              "value": {
                "target": {
                  "type": "Class",
                  "value": "com.wix.detox.espresso.DetoxMatcher"
                },
                "method": "matcherForText",
                "args": [
                  "Network Error. Please check your internet connection and try again.",
                  {
                    "type": "boolean",
                    "value": false
                  }
                ]
              }
            }
          ]
        }
      },
      {
        "type": "Invocation",
        "value": {
          "target": {
            "type": "Class",
            "value": "com.wix.detox.espresso.DetoxMatcher"
          },
          "method": "matcherForSufficientlyVisible",
          "args": [
            {
              "type": "Integer",
              "value": 75
            }
          ]
        }
      },
      {
        "type": "Double",
        "value": 5
      }
    ]
  }
17:22:00.899 detox[21943] [90mi[39m get
  data: {"messageId":17,"type":"invokeResult","params":{"result":null}}
17:22:00.899 detox[21943] [90mi[39m send
  data: {
    "messageId": 17,
    "type": "invokeResult",
    "params": {
      "result": null
    }
  }
17:22:00.899 detox[21946] [90mi[39m get message
  data: {"messageId":17,"type":"invokeResult","params":{"result":null}}
   
17:22:00.900 detox[21946] [90mE[39m undefined with timeout (5000 ms)
17:22:00.900 detox[21946] [90mi[39m ✅ Network error appeared as expected
17:22:00.900 detox[21946] [90mB[39m setURLBlacklist
  args: ([])
17:22:00.901 detox[21946] [90mi[39m send message
  data: {"type":"invoke","params":{"target":{"type":"Class","value":"com.wix.detox.espresso.EspressoDetox"},"method":"setURLBlacklist","args":[[]]},"messageId":18}
17:22:00.904 detox[21943] [90mi[39m get
  data: {"type":"invoke","params":{"target":{"type":"Class","value":"com.wix.detox.espresso.EspressoDetox"},"method":"setURLBlacklist","args":[[]]},"messageId":18}
17:22:00.904 detox[21943] [90mi[39m send
  data: {
    "type": "invoke",
    "params": {
      "target": {
        "type": "Class",
        "value": "com.wix.detox.espresso.EspressoDetox"
      },
      "method": "setURLBlacklist",
      "args": [
        []
      ]
    },
    "messageId": 18
  }
17:22:00.924 detox[21943] [90mi[39m get
  data: {"messageId":18,"type":"invokeResult","params":{"result":null}}
17:22:00.924 detox[21943] [90mi[39m send
  data: {
    "messageId": 18,
    "type": "invokeResult",
    "params": {
      "result": null
    }
  }
17:22:00.926 detox[21946] [90mi[39m get message
  data: {"messageId":18,"type":"invokeResult","params":{"result":null}}
   
17:22:00.928 detox[21946] [90mE[39m setURLBlacklist
17:22:00.929 detox[21946] [90mi[39m 🌐 Network restored
17:22:02.936 detox[21946] [90mi[39m send message
  data: {"type":"invoke","params":{"target":{"type":"Class","value":"com.wix.detox.espresso.EspressoDetox"},"method":"perform","args":[{"type":"Invocation","value":{"target":{"type":"Class","value":"com.wix.detox.espresso.DetoxMatcher"},"method":"matcherForTestId","args":["login-button",{"type":"boolean","value":false}]}},{"type":"Invocation","value":{"target":{"type":"Class","value":"com.wix.detox.espresso.DetoxViewActions"},"method":"click","args":[]}}]},"messageId":19}
17:22:02.936 detox[21946] [90mB[39m tap
  data: {
    "target": {
      "type": "Class",
      "value": "com.wix.detox.espresso.EspressoDetox"
    },
    "method": "perform",
    "args": [
      {
        "type": "Invocation",
        "value": {
          "target": {
            "type": "Class",
            "value": "com.wix.detox.espresso.DetoxMatcher"
          },
          "method": "matcherForTestId",
          "args": [
            "login-button",
            {
              "type": "boolean",
              "value": false
            }
          ]
        }
      },
      {
        "type": "Invocation",
        "value": {
          "target": {
            "type": "Class",
            "value": "com.wix.detox.espresso.DetoxViewActions"
          },
          "method": "click",
          "args": []
        }
      }
    ]
  }
17:22:02.937 detox[21943] [90mi[39m get
  data: {"type":"invoke","params":{"target":{"type":"Class","value":"com.wix.detox.espresso.EspressoDetox"},"method":"perform","args":[{"type":"Invocation","value":{"target":{"type":"Class","value":"com.wix.detox.espresso.DetoxMatcher"},"method":"matcherForTestId","args":["login-button",{"type":"boolean","value":false}]}},{"type":"Invocation","value":{"target":{"type":"Class","value":"com.wix.detox.espresso.DetoxViewActions"},"method":"click","args":[]}}]},"messageId":19}
17:22:02.937 detox[21943] [90mi[39m send
  data: {
    "type": "invoke",
    "params": {
      "target": {
        "type": "Class",
        "value": "com.wix.detox.espresso.EspressoDetox"
      },
      "method": "perform",
      "args": [
        {
          "type": "Invocation",
          "value": {
            "target": {
              "type": "Class",
              "value": "com.wix.detox.espresso.DetoxMatcher"
            },
            "method": "matcherForTestId",
            "args": [
              "login-button",
              {
                "type": "boolean",
                "value": false
              }
            ]
          }
        },
        {
          "type": "Invocation",
          "value": {
            "target": {
              "type": "Class",
              "value": "com.wix.detox.espresso.DetoxViewActions"
            },
            "method": "click",
            "args": []
          }
        }
      ]
    },
    "messageId": 19
  }
17:22:03.725 detox[21943] [90mi[39m get
  data: {"messageId":19,"type":"invokeResult","params":{"result":null}}
17:22:03.725 detox[21943] [90mi[39m send
  data: {
    "messageId": 19,
    "type": "invokeResult",
    "params": {
      "result": null
    }
  }
17:22:03.725 detox[21946] [90mi[39m get message
  data: {"messageId":19,"type":"invokeResult","params":{"result":null}}
   
17:22:03.726 detox[21946] [90mE[39m tap
17:22:03.726 detox[21946] [90mi[39m 🔘 Retry login with network restored
17:22:03.726 detox[21946] [90mi[39m send message
  data: {"type":"invoke","params":{"target":{"type":"Class","value":"com.wix.detox.espresso.DetoxAssertion"},"method":"waitForAssertMatcher","args":[{"type":"Invocation","value":{"target":{"type":"Class","value":"androidx.test.espresso.Espresso"},"method":"onView","args":[{"type":"Invocation","value":{"target":{"type":"Class","value":"com.wix.detox.espresso.DetoxMatcher"},"method":"matcherForText","args":["Home",{"type":"boolean","value":false}]}}]}},{"type":"Invocation","value":{"target":{"type":"Class","value":"com.wix.detox.espresso.DetoxMatcher"},"method":"matcherForSufficientlyVisible","args":[{"type":"Integer","value":75}]}},{"type":"Double","value":10}]},"messageId":20}
17:22:03.727 detox[21943] [90mi[39m get
  data: {"type":"invoke","params":{"target":{"type":"Class","value":"com.wix.detox.espresso.DetoxAssertion"},"method":"waitForAssertMatcher","args":[{"type":"Invocation","value":{"target":{"type":"Class","value":"androidx.test.espresso.Espresso"},"method":"onView","args":[{"type":"Invocation","value":{"target":{"type":"Class","value":"com.wix.detox.espresso.DetoxMatcher"},"method":"matcherForText","args":["Home",{"type":"boolean","value":false}]}}]}},{"type":"Invocation","value":{"target":{"type":"Class","value":"com.wix.detox.espresso.DetoxMatcher"},"method":"matcherForSufficientlyVisible","args":[{"type":"Integer","value":75}]}},{"type":"Double","value":10}]},"messageId":20}
17:22:03.727 detox[21943] [90mi[39m send
  data: {
    "type": "invoke",
    "params": {
      "target": {
        "type": "Class",
        "value": "com.wix.detox.espresso.DetoxAssertion"
      },
      "method": "waitForAssertMatcher",
      "args": [
        {
          "type": "Invocation",
          "value": {
            "target": {
              "type": "Class",
              "value": "androidx.test.espresso.Espresso"
            },
            "method": "onView",
            "args": [
              {
                "type": "Invocation",
                "value": {
                  "target": {
                    "type": "Class",
                    "value": "com.wix.detox.espresso.DetoxMatcher"
                  },
                  "method": "matcherForText",
                  "args": [
                    "Home",
                    {
                      "type": "boolean",
                      "value": false
                    }
                  ]
                }
              }
            ]
          }
        },
        {
          "type": "Invocation",
          "value": {
            "target": {
              "type": "Class",
              "value": "com.wix.detox.espresso.DetoxMatcher"
            },
            "method": "matcherForSufficientlyVisible",
            "args": [
              {
                "type": "Integer",
                "value": 75
              }
            ]
          }
        },
        {
          "type": "Double",
          "value": 10
        }
      ]
    },
    "messageId": 20
  }
17:22:03.727 detox[21946] [90mB[39m undefined with timeout (10000 ms)
  data: {
    "target": {
      "type": "Class",
      "value": "com.wix.detox.espresso.DetoxAssertion"
    },
    "method": "waitForAssertMatcher",
    "args": [
      {
        "type": "Invocation",
        "value": {
          "target": {
            "type": "Class",
            "value": "androidx.test.espresso.Espresso"
          },
          "method": "onView",
          "args": [
            {
              "type": "Invocation",
              "value": {
                "target": {
                  "type": "Class",
                  "value": "com.wix.detox.espresso.DetoxMatcher"
                },
                "method": "matcherForText",
                "args": [
                  "Home",
                  {
                    "type": "boolean",
                    "value": false
                  }
                ]
              }
            }
          ]
        }
      },
      {
        "type": "Invocation",
        "value": {
          "target": {
            "type": "Class",
            "value": "com.wix.detox.espresso.DetoxMatcher"
          },
          "method": "matcherForSufficientlyVisible",
          "args": [
            {
              "type": "Integer",
              "value": 75
            }
          ]
        }
      },
      {
        "type": "Double",
        "value": 10
      }
    ]
  }
17:22:13.733 detox[21943] [90mi[39m get
  data: {"type":"currentStatus","params":{},"messageId":21}
17:22:13.733 detox[21943] [90mi[39m send
  data: {
    "type": "currentStatus",
    "params": {},
    "messageId": 21
  }
17:22:13.733 detox[21946] [90mi[39m send message
  data: {"type":"currentStatus","params":{},"messageId":21}
17:22:13.768 detox[21943] [90mi[39m get
  data: {"messageId":21,"type":"currentStatusResult","params":{"status":{"app_status":"idle"}}}
17:22:13.768 detox[21943] [90mi[39m send
  data: {
    "messageId": 21,
    "type": "currentStatusResult",
    "params": {
      "status": {
        "app_status": "idle"
      }
    }
  }
17:22:13.769 detox[21946] [90mi[39m get message
  data: {"messageId":21,"type":"currentStatusResult","params":{"status":{"app_status":"idle"}}}
   
17:22:13.772 detox[21946] [90mi[39m The app seems to be idle
17:22:13.808 detox[21943] [90mi[39m get
  data: {"messageId":20,"type":"testFailed","params":{"details":"10.0sec timeout expired without matching of given matcher: (view has effective visibility <VISIBLE> and view.getGlobalVisibleRect() covers at least <75> percent of the view's area)\n","viewHierarchy":null}}
17:22:13.809 detox[21943] [90mi[39m send
  data: {
    "messageId": 20,
    "type": "testFailed",
    "params": {
      "details": "10.0sec timeout expired without matching of given matcher: (view has effective visibility <VISIBLE> and view.getGlobalVisibleRect() covers at least <75> percent of the view's area)\n",
      "viewHierarchy": null
    }
  }
17:22:13.809 detox[21946] [90mi[39m get message
  data: {"messageId":20,"type":"testFailed","params":{"details":"10.0sec timeout expired without matching of given matcher: (view has effective visibility <VISIBLE> and view.getGlobalVisibleRect() covers at least <75> percent of the view's area)\n","viewHierarchy":null}}
   
17:22:13.809 detox[21946] [90mE[39m undefined with timeout (10000 ms)
  error: Test Failed: 10.0sec timeout expired without matching of given matcher: (view has effective visibility <VISIBLE> and view.getGlobalVisibleRect() covers at least <75> percent of the view's area)
  
17:22:13.810 detox[21946] [90mB[39m onTestFnFailure
  args: ({"error":{"name":"DetoxRuntimeError"}})
17:22:13.810 detox[21946] [90mi[39m starting ADBScreencapRecording
17:22:13.810 detox[21946] [90mi[39m "/Users/ips-162/Library/Android/sdk/platform-tools/adb" -s ZD22227Q7K shell "screencap /sdcard/172114422_5.png"
17:22:14.415 detox[21946] [90mi[39m 
17:22:14.415 detox[21946] [90mi[39m stopping ADBScreencapRecording
17:22:14.416 detox[21946] [90mE[39m onTestFnFailure
17:22:14.416 detox[21946] [90mE[39m test_fn
  error: Test Failed: 10.0sec timeout expired without matching of given matcher: (view has effective visibility <VISIBLE> and view.getGlobalVisibleRect() covers at least <75> percent of the view's area)
  
17:22:14.416 detox[21946] [90mB[39m afterEach
17:22:14.416 detox[21946] [90mB[39m takeScreenshot
  args: ("offline-test-screenshot")
17:22:14.416 detox[21946] [90mi[39m "/Users/ips-162/Library/Android/sdk/platform-tools/adb" -s ZD22227Q7K shell "screencap /sdcard/172114422_6.png"
17:22:15.004 detox[21946] [90mi[39m 
17:22:15.005 detox[21946] [90mi[39m "/Users/ips-162/Library/Android/sdk/platform-tools/adb" -s ZD22227Q7K pull "/sdcard/172114422_6.png" "/private/var/folders/r0/j9yltjr10ysg22c7l5sx938r0000gn/T/detox-21946-Rx3Hfn.detox.png"
17:22:15.029 detox[21946] [90mi[39m /sdcard/172114422_6.png: 1 file pulled, 0 skipped. 16.3 MB/s (103787 bytes in 0.006s)

17:22:15.029 detox[21946] [90mi[39m "/Users/ips-162/Library/Android/sdk/platform-tools/adb" -s ZD22227Q7K shell "rm  \"/sdcard/172114422_6.png\""
17:22:15.124 detox[21946] [90mi[39m 
17:22:15.124 detox[21946] [90mB[39m onCreateExternalArtifact
  args: ({"pluginId":"screenshot","artifactName":"offline-test-screenshot","artifactPath":"/private/var/folders/r0/j9yltjr10ysg22c7l5sx938r0000gn/T/detox-21946-Rx3Hfn.detox.png"})
17:22:15.124 detox[21946] [90mi[39m starting FileArtifact
17:22:15.124 detox[21946] [90mi[39m stopping FileArtifact
17:22:15.124 detox[21946] [90mE[39m onCreateExternalArtifact
17:22:15.124 detox[21946] [90mE[39m takeScreenshot
17:22:15.125 detox[21946] [90mE[39m afterEach
17:22:15.125 detox[21946] [90mB[39m onTestDone
  args: ({"title":"should handle network recovery and retry","fullName":"Edge Cases - Offline & Permission Interruptions Network Interruptions should handle network recovery and retry","status":"failed","invocations":1,"timedOut":false})
17:22:15.126 detox[21946] [90mi[39m stopping ADBLogcatRecording
17:22:15.126 detox[21946] [90mi[39m starting ADBScreencapRecording
17:22:15.126 detox[21946] [90mi[39m "/Users/ips-162/Library/Android/sdk/platform-tools/adb" -s ZD22227Q7K shell "screencap /sdcard/172114422_7.png"
17:22:15.127 detox[21946] [90mi[39m "/Users/ips-162/Library/Android/sdk/platform-tools/adb" -s ZD22227Q7K shell "date +\"%m-%d %T.000\""
17:22:15.209 detox[21946] [90mi[39m 12-17 17:23:18.000

17:22:15.210 detox[21946] [90mi[39m sending SIGINT to: /Users/ips-162/Library/Android/sdk/platform-tools/adb -s ZD22227Q7K shell logcat -T "12-17 17:22:53.000" --pid=28071 -f /sdcard/172114422_4.log
17:22:15.212 detox[21946] [90mi[39m /Users/ips-162/Library/Android/sdk/platform-tools/adb -s ZD22227Q7K shell "logcat -T \"12-17 17:22:53.000\" --pid=28071 -f /sdcard/172114422_4.log" terminated with SIGINT
17:22:15.212 detox[21946] [90mi[39m saving ADBLogcatRecording to: artifacts/android.att.debug.2025-12-17 11-51-12Z/✗ Edge Cases - Offline & Permission Interruptions Network Interruptions should handle network recovery and retry/device.log
17:22:15.213 detox[21946] [90mi[39m "/Users/ips-162/Library/Android/sdk/platform-tools/adb" -s ZD22227Q7K pull "/sdcard/172114422_4.log" "artifacts/android.att.debug.2025-12-17 11-51-12Z/✗ Edge Cases - Offline & Permission Interruptions Network Interruptions should handle network recovery and retry/device.log"
17:22:15.234 detox[21946] [90mi[39m /sdcard/172114422_4.log: 1 file pulled, 0 skipped. 17.9 MB/s (110011 bytes in 0.006s)

17:22:15.234 detox[21946] [90mi[39m "/Users/ips-162/Library/Android/sdk/platform-tools/adb" -s ZD22227Q7K shell "rm  \"/sdcard/172114422_4.log\""
17:22:15.319 detox[21946] [90mi[39m 
17:22:15.649 detox[21946] [90mi[39m 
17:22:15.649 detox[21946] [90mi[39m stopping ADBScreencapRecording
17:22:15.650 detox[21946] [90mE[39m onTestDone
17:22:15.650 detox[21946] [90mE[39m should handle network recovery and retry
17:22:15.650 detox[21946] [90mi[39m Edge Cases - Offline & Permission Interruptions > Network Interruptions: should handle network recovery and retry [FAIL]
17:22:15.651 detox[21946] [90mB[39m onRunDescribeFinish
  args: ({"name":"Network Interruptions"})
17:22:15.651 detox[21946] [90mE[39m onRunDescribeFinish
17:22:15.651 detox[21946] [90mE[39m Network Interruptions
17:22:15.651 detox[21946] [90mB[39m App State Interruptions
17:22:15.651 detox[21946] [90mB[39m onRunDescribeStart
  args: ({"name":"App State Interruptions"})
17:22:15.652 detox[21946] [90mE[39m onRunDescribeStart
17:22:15.652 detox[21946] [90mB[39m should handle app backgrounding during login
17:22:15.652 detox[21946] [90mi[39m Edge Cases - Offline & Permission Interruptions > App State Interruptions: should handle app backgrounding during login
17:22:15.652 detox[21946] [90mB[39m onTestStart
  args: ({"title":"should handle app backgrounding during login","fullName":"Edge Cases - Offline & Permission Interruptions App State Interruptions should handle app backgrounding during login","status":"running","invocations":1})
17:22:15.653 detox[21946] [90mi[39m starting ADBLogcatRecording
17:22:15.654 detox[21946] [90mi[39m /Users/ips-162/Library/Android/sdk/platform-tools/adb -s ZD22227Q7K shell "logcat -T \"12-17 17:23:18.000\" --pid=28071 -f /sdcard/172114422_8.log"
17:22:15.654 detox[21946] [90mE[39m onTestStart
17:22:15.654 detox[21946] [90mB[39m beforeEach
17:22:15.654 detox[21946] [90mE[39m beforeEach
17:22:15.654 detox[21946] [90mB[39m beforeEach
17:22:15.656 detox[21946] [90mB[39m reloadReactNative
  args: ()
17:22:15.658 detox[21943] [90mi[39m get
  data: {"type":"reactNativeReload","params":{},"messageId":-1000}
17:22:15.658 detox[21943] [90mi[39m send
  data: {
    "type": "reactNativeReload",
    "params": {},
    "messageId": -1000
  }
17:22:15.658 detox[21946] [90mi[39m send message
  data: {"type":"reactNativeReload","params":{},"messageId":-1000}
17:22:15.659 detox[21946] [90mi[39m saving FileArtifact to: artifacts/android.att.debug.2025-12-17 11-51-12Z/✗ Edge Cases - Offline & Permission Interruptions Network Interruptions should handle network recovery and retry/offline-test-screenshot.png
17:22:15.659 detox[21946] [90mi[39m moving "/private/var/folders/r0/j9yltjr10ysg22c7l5sx938r0000gn/T/detox-21946-Rx3Hfn.detox.png" to artifacts/android.att.debug.2025-12-17 11-51-12Z/✗ Edge Cases - Offline & Permission Interruptions Network Interruptions should handle network recovery and retry/offline-test-screenshot.png
17:22:15.661 detox[21946] [90mi[39m saving ADBScreencapRecording to: artifacts/android.att.debug.2025-12-17 11-51-12Z/✗ Edge Cases - Offline & Permission Interruptions Network Interruptions should handle network recovery and retry/testDone.png
17:22:15.661 detox[21946] [90mi[39m "/Users/ips-162/Library/Android/sdk/platform-tools/adb" -s ZD22227Q7K pull "/sdcard/172114422_7.png" "artifacts/android.att.debug.2025-12-17 11-51-12Z/✗ Edge Cases - Offline & Permission Interruptions Network Interruptions should handle network recovery and retry/testDone.png"
17:22:15.695 detox[21946] [90mi[39m /sdcard/172114422_7.png: 1 file pulled, 0 skipped. 14.7 MB/s (103787 bytes in 0.007s)

17:22:15.695 detox[21946] [90mi[39m "/Users/ips-162/Library/Android/sdk/platform-tools/adb" -s ZD22227Q7K shell "rm  \"/sdcard/172114422_7.png\""
17:22:15.798 detox[21946] [90mi[39m 
17:22:15.807 detox[21946] [90mi[39m saving ADBScreencapRecording to: artifacts/android.att.debug.2025-12-17 11-51-12Z/✗ Edge Cases - Offline & Permission Interruptions Network Interruptions should handle network recovery and retry/testFnFailure.png
17:22:15.812 detox[21946] [90mi[39m "/Users/ips-162/Library/Android/sdk/platform-tools/adb" -s ZD22227Q7K pull "/sdcard/172114422_5.png" "artifacts/android.att.debug.2025-12-17 11-51-12Z/✗ Edge Cases - Offline & Permission Interruptions Network Interruptions should handle network recovery and retry/testFnFailure.png"
17:22:15.893 detox[21946] [90mi[39m /sdcard/172114422_5.png: 1 file pulled, 0 skipped. 3.5 MB/s (103787 bytes in 0.028s)

17:22:15.893 detox[21946] [90mi[39m "/Users/ips-162/Library/Android/sdk/platform-tools/adb" -s ZD22227Q7K shell "rm  \"/sdcard/172114422_5.png\""
17:22:15.958 detox[21946] [90mi[39m "/Users/ips-162/Library/Android/sdk/platform-tools/adb" -s ZD22227Q7K shell du /sdcard/172114422_8.log
17:22:15.991 detox[21946] [90mi[39m 
17:22:16.114 detox[21946] [90mi[39m 0	/sdcard/172114422_8.log

17:22:16.296 detox[21943] [90mi[39m get
  data: {"messageId":-1000,"type":"ready","params":{}}
17:22:16.296 detox[21943] [90mi[39m send
  data: {
    "messageId": -1000,
    "type": "ready",
    "params": {}
  }
17:22:16.296 detox[21946] [90mi[39m get message
  data: {"messageId":-1000,"type":"ready","params":{}}
   
17:22:16.296 detox[21946] [90mE[39m reloadReactNative
17:22:16.296 detox[21946] [90mB[39m disableSynchronization
  args: ()
17:22:16.297 detox[21943] [90mi[39m get
  data: {"type":"invoke","params":{"target":{"type":"Class","value":"com.wix.detox.espresso.EspressoDetox"},"method":"setSynchronization","args":[{"type":"boolean","value":false}]},"messageId":22}
17:22:16.297 detox[21943] [90mi[39m send
  data: {
    "type": "invoke",
    "params": {
      "target": {
        "type": "Class",
        "value": "com.wix.detox.espresso.EspressoDetox"
      },
      "method": "setSynchronization",
      "args": [
        {
          "type": "boolean",
          "value": false
        }
      ]
    },
    "messageId": 22
  }
17:22:16.297 detox[21946] [90mi[39m send message
  data: {"type":"invoke","params":{"target":{"type":"Class","value":"com.wix.detox.espresso.EspressoDetox"},"method":"setSynchronization","args":[{"type":"boolean","value":false}]},"messageId":22}
17:22:16.306 detox[21943] [90mi[39m get
  data: {"messageId":22,"type":"invokeResult","params":{"result":null}}
17:22:16.306 detox[21943] [90mi[39m send
  data: {
    "messageId": 22,
    "type": "invokeResult",
    "params": {
      "result": null
    }
  }
17:22:16.306 detox[21946] [90mi[39m get message
  data: {"messageId":22,"type":"invokeResult","params":{"result":null}}
   
17:22:16.307 detox[21946] [90mE[39m disableSynchronization
17:22:19.309 detox[21946] [90mB[39m enableSynchronization
  args: ()
17:22:19.310 detox[21946] [90mi[39m send message
  data: {"type":"invoke","params":{"target":{"type":"Class","value":"com.wix.detox.espresso.EspressoDetox"},"method":"setSynchronization","args":[{"type":"boolean","value":true}]},"messageId":23}
17:22:19.311 detox[21943] [90mi[39m get
  data: {"type":"invoke","params":{"target":{"type":"Class","value":"com.wix.detox.espresso.EspressoDetox"},"method":"setSynchronization","args":[{"type":"boolean","value":true}]},"messageId":23}
17:22:19.311 detox[21943] [90mi[39m send
  data: {
    "type": "invoke",
    "params": {
      "target": {
        "type": "Class",
        "value": "com.wix.detox.espresso.EspressoDetox"
      },
      "method": "setSynchronization",
      "args": [
        {
          "type": "boolean",
          "value": true
        }
      ]
    },
    "messageId": 23
  }
17:22:19.358 detox[21943] [90mi[39m get
  data: {"messageId":23,"type":"invokeResult","params":{"result":null}}
17:22:19.358 detox[21943] [90mi[39m send
  data: {
    "messageId": 23,
    "type": "invokeResult",
    "params": {
      "result": null
    }
  }
17:22:19.358 detox[21946] [90mi[39m get message
  data: {"messageId":23,"type":"invokeResult","params":{"result":null}}
   
17:22:19.359 detox[21946] [90mE[39m enableSynchronization
17:22:19.359 detox[21946] [90mi[39m send message
  data: {"type":"invoke","params":{"target":{"type":"Class","value":"com.wix.detox.espresso.DetoxAssertion"},"method":"waitForAssertMatcher","args":[{"type":"Invocation","value":{"target":{"type":"Class","value":"androidx.test.espresso.Espresso"},"method":"onView","args":[{"type":"Invocation","value":{"target":{"type":"Class","value":"com.wix.detox.espresso.DetoxMatcher"},"method":"matcherForTestId","args":["login-root",{"type":"boolean","value":false}]}}]}},{"type":"Invocation","value":{"target":{"type":"Class","value":"com.wix.detox.espresso.DetoxMatcher"},"method":"matcherForSufficientlyVisible","args":[{"type":"Integer","value":75}]}},{"type":"Double","value":10}]},"messageId":24}
17:22:19.360 detox[21946] [90mB[39m undefined with timeout (10000 ms)
  data: {
    "target": {
      "type": "Class",
      "value": "com.wix.detox.espresso.DetoxAssertion"
    },
    "method": "waitForAssertMatcher",
    "args": [
      {
        "type": "Invocation",
        "value": {
          "target": {
            "type": "Class",
            "value": "androidx.test.espresso.Espresso"
          },
          "method": "onView",
          "args": [
            {
              "type": "Invocation",
              "value": {
                "target": {
                  "type": "Class",
                  "value": "com.wix.detox.espresso.DetoxMatcher"
                },
                "method": "matcherForTestId",
                "args": [
                  "login-root",
                  {
                    "type": "boolean",
                    "value": false
                  }
                ]
              }
            }
          ]
        }
      },
      {
        "type": "Invocation",
        "value": {
          "target": {
            "type": "Class",
            "value": "com.wix.detox.espresso.DetoxMatcher"
          },
          "method": "matcherForSufficientlyVisible",
          "args": [
            {
              "type": "Integer",
              "value": 75
            }
          ]
        }
      },
      {
        "type": "Double",
        "value": 10
      }
    ]
  }
17:22:19.361 detox[21943] [90mi[39m get
  data: {"type":"invoke","params":{"target":{"type":"Class","value":"com.wix.detox.espresso.DetoxAssertion"},"method":"waitForAssertMatcher","args":[{"type":"Invocation","value":{"target":{"type":"Class","value":"androidx.test.espresso.Espresso"},"method":"onView","args":[{"type":"Invocation","value":{"target":{"type":"Class","value":"com.wix.detox.espresso.DetoxMatcher"},"method":"matcherForTestId","args":["login-root",{"type":"boolean","value":false}]}}]}},{"type":"Invocation","value":{"target":{"type":"Class","value":"com.wix.detox.espresso.DetoxMatcher"},"method":"matcherForSufficientlyVisible","args":[{"type":"Integer","value":75}]}},{"type":"Double","value":10}]},"messageId":24}
17:22:19.361 detox[21943] [90mi[39m send
  data: {
    "type": "invoke",
    "params": {
      "target": {
        "type": "Class",
        "value": "com.wix.detox.espresso.DetoxAssertion"
      },
      "method": "waitForAssertMatcher",
      "args": [
        {
          "type": "Invocation",
          "value": {
            "target": {
              "type": "Class",
              "value": "androidx.test.espresso.Espresso"
            },
            "method": "onView",
            "args": [
              {
                "type": "Invocation",
                "value": {
                  "target": {
                    "type": "Class",
                    "value": "com.wix.detox.espresso.DetoxMatcher"
                  },
                  "method": "matcherForTestId",
                  "args": [
                    "login-root",
                    {
                      "type": "boolean",
                      "value": false
                    }
                  ]
                }
              }
            ]
          }
        },
        {
          "type": "Invocation",
          "value": {
            "target": {
              "type": "Class",
              "value": "com.wix.detox.espresso.DetoxMatcher"
            },
            "method": "matcherForSufficientlyVisible",
            "args": [
              {
                "type": "Integer",
                "value": 75
              }
            ]
          }
        },
        {
          "type": "Double",
          "value": 10
        }
      ]
    },
    "messageId": 24
  }
17:22:24.413 detox[21943] [90mi[39m get
  data: {"messageId":24,"type":"invokeResult","params":{"result":null}}
17:22:24.413 detox[21943] [90mi[39m send
  data: {
    "messageId": 24,
    "type": "invokeResult",
    "params": {
      "result": null
    }
  }
17:22:24.413 detox[21946] [90mi[39m get message
  data: {"messageId":24,"type":"invokeResult","params":{"result":null}}
   
17:22:24.413 detox[21946] [90mE[39m undefined with timeout (10000 ms)
17:22:24.413 detox[21946] [90mE[39m beforeEach
17:22:24.414 detox[21943] [90mi[39m get
  data: {"type":"invoke","params":{"target":{"type":"Class","value":"com.wix.detox.espresso.DetoxAssertion"},"method":"waitForAssertMatcher","args":[{"type":"Invocation","value":{"target":{"type":"Class","value":"androidx.test.espresso.Espresso"},"method":"onView","args":[{"type":"Invocation","value":{"target":{"type":"Class","value":"com.wix.detox.espresso.DetoxMatcher"},"method":"matcherForText","args":["Welcome Back",{"type":"boolean","value":false}]}}]}},{"type":"Invocation","value":{"target":{"type":"Class","value":"com.wix.detox.espresso.DetoxMatcher"},"method":"matcherForSufficientlyVisible","args":[{"type":"Integer","value":75}]}},{"type":"Double","value":10}]},"messageId":25}
17:22:24.414 detox[21946] [90mB[39m test_fn
17:22:24.414 detox[21946] [90mi[39m send message
  data: {"type":"invoke","params":{"target":{"type":"Class","value":"com.wix.detox.espresso.DetoxAssertion"},"method":"waitForAssertMatcher","args":[{"type":"Invocation","value":{"target":{"type":"Class","value":"androidx.test.espresso.Espresso"},"method":"onView","args":[{"type":"Invocation","value":{"target":{"type":"Class","value":"com.wix.detox.espresso.DetoxMatcher"},"method":"matcherForText","args":["Welcome Back",{"type":"boolean","value":false}]}}]}},{"type":"Invocation","value":{"target":{"type":"Class","value":"com.wix.detox.espresso.DetoxMatcher"},"method":"matcherForSufficientlyVisible","args":[{"type":"Integer","value":75}]}},{"type":"Double","value":10}]},"messageId":25}
17:22:24.415 detox[21943] [90mi[39m send
  data: {
    "type": "invoke",
    "params": {
      "target": {
        "type": "Class",
        "value": "com.wix.detox.espresso.DetoxAssertion"
      },
      "method": "waitForAssertMatcher",
      "args": [
        {
          "type": "Invocation",
          "value": {
            "target": {
              "type": "Class",
              "value": "androidx.test.espresso.Espresso"
            },
            "method": "onView",
            "args": [
              {
                "type": "Invocation",
                "value": {
                  "target": {
                    "type": "Class",
                    "value": "com.wix.detox.espresso.DetoxMatcher"
                  },
                  "method": "matcherForText",
                  "args": [
                    "Welcome Back",
                    {
                      "type": "boolean",
                      "value": false
                    }
                  ]
                }
              }
            ]
          }
        },
        {
          "type": "Invocation",
          "value": {
            "target": {
              "type": "Class",
              "value": "com.wix.detox.espresso.DetoxMatcher"
            },
            "method": "matcherForSufficientlyVisible",
            "args": [
              {
                "type": "Integer",
                "value": 75
              }
            ]
          }
        },
        {
          "type": "Double",
          "value": 10
        }
      ]
    },
    "messageId": 25
  }
17:22:24.415 detox[21946] [90mB[39m undefined with timeout (10000 ms)
  data: {
    "target": {
      "type": "Class",
      "value": "com.wix.detox.espresso.DetoxAssertion"
    },
    "method": "waitForAssertMatcher",
    "args": [
      {
        "type": "Invocation",
        "value": {
          "target": {
            "type": "Class",
            "value": "androidx.test.espresso.Espresso"
          },
          "method": "onView",
          "args": [
            {
              "type": "Invocation",
              "value": {
                "target": {
                  "type": "Class",
                  "value": "com.wix.detox.espresso.DetoxMatcher"
                },
                "method": "matcherForText",
                "args": [
                  "Welcome Back",
                  {
                    "type": "boolean",
                    "value": false
                  }
                ]
              }
            }
          ]
        }
      },
      {
        "type": "Invocation",
        "value": {
          "target": {
            "type": "Class",
            "value": "com.wix.detox.espresso.DetoxMatcher"
          },
          "method": "matcherForSufficientlyVisible",
          "args": [
            {
              "type": "Integer",
              "value": 75
            }
          ]
        }
      },
      {
        "type": "Double",
        "value": 10
      }
    ]
  }
17:22:24.460 detox[21943] [90mi[39m get
  data: {"messageId":25,"type":"invokeResult","params":{"result":null}}
17:22:24.460 detox[21943] [90mi[39m send
  data: {
    "messageId": 25,
    "type": "invokeResult",
    "params": {
      "result": null
    }
  }
17:22:24.460 detox[21946] [90mi[39m get message
  data: {"messageId":25,"type":"invokeResult","params":{"result":null}}
   
17:22:24.460 detox[21946] [90mE[39m undefined with timeout (10000 ms)
17:22:24.461 detox[21946] [90mi[39m send message
  data: {"type":"invoke","params":{"target":{"type":"Class","value":"com.wix.detox.espresso.EspressoDetox"},"method":"perform","args":[{"type":"Invocation","value":{"target":{"type":"Class","value":"com.wix.detox.espresso.DetoxMatcher"},"method":"matcherForTestId","args":["email-input",{"type":"boolean","value":false}]}},{"type":"Invocation","value":{"target":{"type":"Class","value":"com.wix.detox.espresso.DetoxViewActions"},"method":"typeText","args":["john@gmail.com"]}}]},"messageId":26}
17:22:24.462 detox[21943] [90mi[39m get
  data: {"type":"invoke","params":{"target":{"type":"Class","value":"com.wix.detox.espresso.EspressoDetox"},"method":"perform","args":[{"type":"Invocation","value":{"target":{"type":"Class","value":"com.wix.detox.espresso.DetoxMatcher"},"method":"matcherForTestId","args":["email-input",{"type":"boolean","value":false}]}},{"type":"Invocation","value":{"target":{"type":"Class","value":"com.wix.detox.espresso.DetoxViewActions"},"method":"typeText","args":["john@gmail.com"]}}]},"messageId":26}
17:22:24.462 detox[21943] [90mi[39m send
  data: {
    "type": "invoke",
    "params": {
      "target": {
        "type": "Class",
        "value": "com.wix.detox.espresso.EspressoDetox"
      },
      "method": "perform",
      "args": [
        {
          "type": "Invocation",
          "value": {
            "target": {
              "type": "Class",
              "value": "com.wix.detox.espresso.DetoxMatcher"
            },
            "method": "matcherForTestId",
            "args": [
              "email-input",
              {
                "type": "boolean",
                "value": false
              }
            ]
          }
        },
        {
          "type": "Invocation",
          "value": {
            "target": {
              "type": "Class",
              "value": "com.wix.detox.espresso.DetoxViewActions"
            },
            "method": "typeText",
            "args": [
              "john@gmail.com"
            ]
          }
        }
      ]
    },
    "messageId": 26
  }
17:22:24.462 detox[21946] [90mB[39m type input text: "john@gmail.com"
  data: {
    "target": {
      "type": "Class",
      "value": "com.wix.detox.espresso.EspressoDetox"
    },
    "method": "perform",
    "args": [
      {
        "type": "Invocation",
        "value": {
          "target": {
            "type": "Class",
            "value": "com.wix.detox.espresso.DetoxMatcher"
          },
          "method": "matcherForTestId",
          "args": [
            "email-input",
            {
              "type": "boolean",
              "value": false
            }
          ]
        }
      },
      {
        "type": "Invocation",
        "value": {
          "target": {
            "type": "Class",
            "value": "com.wix.detox.espresso.DetoxViewActions"
          },
          "method": "typeText",
          "args": [
            "john@gmail.com"
          ]
        }
      }
    ]
  }
17:22:25.788 detox[21943] [90mi[39m get
  data: {"messageId":26,"type":"invokeResult","params":{"result":null}}
17:22:25.788 detox[21943] [90mi[39m send
  data: {
    "messageId": 26,
    "type": "invokeResult",
    "params": {
      "result": null
    }
  }
17:22:25.788 detox[21946] [90mi[39m get message
  data: {"messageId":26,"type":"invokeResult","params":{"result":null}}
   
17:22:25.789 detox[21943] [90mi[39m get
  data: {"type":"invoke","params":{"target":{"type":"Class","value":"com.wix.detox.espresso.EspressoDetox"},"method":"perform","args":[{"type":"Invocation","value":{"target":{"type":"Class","value":"com.wix.detox.espresso.DetoxMatcher"},"method":"matcherForTestId","args":["password-input",{"type":"boolean","value":false}]}},{"type":"Invocation","value":{"target":{"type":"Class","value":"com.wix.detox.espresso.DetoxViewActions"},"method":"typeText","args":["Pass"]}}]},"messageId":27}
17:22:25.789 detox[21943] [90mi[39m send
  data: {
    "type": "invoke",
    "params": {
      "target": {
        "type": "Class",
        "value": "com.wix.detox.espresso.EspressoDetox"
      },
      "method": "perform",
      "args": [
        {
          "type": "Invocation",
          "value": {
            "target": {
              "type": "Class",
              "value": "com.wix.detox.espresso.DetoxMatcher"
            },
            "method": "matcherForTestId",
            "args": [
              "password-input",
              {
                "type": "boolean",
                "value": false
              }
            ]
          }
        },
        {
          "type": "Invocation",
          "value": {
            "target": {
              "type": "Class",
              "value": "com.wix.detox.espresso.DetoxViewActions"
            },
            "method": "typeText",
            "args": [
              "Pass"
            ]
          }
        }
      ]
    },
    "messageId": 27
  }
17:22:25.789 detox[21946] [90mE[39m type input text: "john@gmail.com"
17:22:25.789 detox[21946] [90mi[39m send message
  data: {"type":"invoke","params":{"target":{"type":"Class","value":"com.wix.detox.espresso.EspressoDetox"},"method":"perform","args":[{"type":"Invocation","value":{"target":{"type":"Class","value":"com.wix.detox.espresso.DetoxMatcher"},"method":"matcherForTestId","args":["password-input",{"type":"boolean","value":false}]}},{"type":"Invocation","value":{"target":{"type":"Class","value":"com.wix.detox.espresso.DetoxViewActions"},"method":"typeText","args":["Pass"]}}]},"messageId":27}
17:22:25.789 detox[21946] [90mB[39m type input text: "Pass"
  data: {
    "target": {
      "type": "Class",
      "value": "com.wix.detox.espresso.EspressoDetox"
    },
    "method": "perform",
    "args": [
      {
        "type": "Invocation",
        "value": {
          "target": {
            "type": "Class",
            "value": "com.wix.detox.espresso.DetoxMatcher"
          },
          "method": "matcherForTestId",
          "args": [
            "password-input",
            {
              "type": "boolean",
              "value": false
            }
          ]
        }
      },
      {
        "type": "Invocation",
        "value": {
          "target": {
            "type": "Class",
            "value": "com.wix.detox.espresso.DetoxViewActions"
          },
          "method": "typeText",
          "args": [
            "Pass"
          ]
        }
      }
    ]
  }
17:22:26.621 detox[21943] [90mi[39m get
  data: {"messageId":27,"type":"invokeResult","params":{"result":null}}
17:22:26.621 detox[21943] [90mi[39m send
  data: {
    "messageId": 27,
    "type": "invokeResult",
    "params": {
      "result": null
    }
  }
17:22:26.621 detox[21946] [90mi[39m get message
  data: {"messageId":27,"type":"invokeResult","params":{"result":null}}
   
17:22:26.621 detox[21946] [90mE[39m type input text: "Pass"
17:22:26.621 detox[21946] [90mB[39m sendToHome
  args: ()
17:22:26.623 detox[21943] [90mi[39m get
  data: {"type":"invoke","params":{"target":{"type":"Invocation","value":{"target":{"type":"Class","value":"com.wix.detox.uiautomator.UiAutomator"},"method":"uiDevice","args":[]}},"method":"pressHome","args":[]},"messageId":28}
17:22:26.623 detox[21943] [90mi[39m send
  data: {
    "type": "invoke",
    "params": {
      "target": {
        "type": "Invocation",
        "value": {
          "target": {
            "type": "Class",
            "value": "com.wix.detox.uiautomator.UiAutomator"
          },
          "method": "uiDevice",
          "args": []
        }
      },
      "method": "pressHome",
      "args": []
    },
    "messageId": 28
  }
17:22:26.623 detox[21946] [90mi[39m send message
  data: {"type":"invoke","params":{"target":{"type":"Invocation","value":{"target":{"type":"Class","value":"com.wix.detox.uiautomator.UiAutomator"},"method":"uiDevice","args":[]}},"method":"pressHome","args":[]},"messageId":28}
17:22:27.213 detox[21943] [90mi[39m get
  data: {"messageId":28,"type":"invokeResult","params":{"result":true}}
17:22:27.213 detox[21943] [90mi[39m send
  data: {
    "messageId": 28,
    "type": "invokeResult",
    "params": {
      "result": true
    }
  }
17:22:27.213 detox[21946] [90mi[39m get message
  data: {"messageId":28,"type":"invokeResult","params":{"result":true}}
   
17:22:27.214 detox[21946] [90mE[39m sendToHome
17:22:27.214 detox[21946] [90mB[39m launchApp
  args: ({"newInstance":false})
17:22:27.214 detox[21946] [90mB[39m onBeforeLaunchApp
  args: ({"deviceId":"ZD22227Q7K","bundleId":"com.detoxtest","launchArgs":{"detoxServer":"ws://localhost:53648","detoxSessionId":"0f6d3262-986a-c978-cec8-15471fb94d7f"}})
17:22:27.214 detox[21946] [90mi[39m "/Users/ips-162/Library/Android/sdk/platform-tools/adb" -s ZD22227Q7K shell "date +\"%m-%d %T.000\""
17:22:27.308 detox[21946] [90mi[39m 12-17 17:23:30.000

17:22:27.308 detox[21946] [90mE[39m onBeforeLaunchApp
17:22:27.309 detox[21943] [90mi[39m get
  data: {"type":"invoke","params":{"target":{"type":"Class","value":"com.wix.detox.Detox"},"method":"launchMainActivity","args":[]},"messageId":29}
17:22:27.309 detox[21943] [90mi[39m send
  data: {
    "type": "invoke",
    "params": {
      "target": {
        "type": "Class",
        "value": "com.wix.detox.Detox"
      },
      "method": "launchMainActivity",
      "args": []
    },
    "messageId": 29
  }
17:22:27.309 detox[21946] [90mi[39m send message
  data: {"type":"invoke","params":{"target":{"type":"Class","value":"com.wix.detox.Detox"},"method":"launchMainActivity","args":[]},"messageId":29}
17:22:27.410 detox[21943] [90mi[39m get
  data: {"messageId":29,"type":"invokeResult","params":{"result":null}}
17:22:27.411 detox[21943] [90mi[39m send
  data: {
    "messageId": 29,
    "type": "invokeResult",
    "params": {
      "result": null
    }
  }
17:22:27.411 detox[21946] [90mi[39m get message
  data: {"messageId":29,"type":"invokeResult","params":{"result":null}}
   
17:22:27.411 detox[21946] [90mi[39m "/Users/ips-162/Library/Android/sdk/platform-tools/adb" -s ZD22227Q7K shell "ps | grep \"com\.detoxtest$\""
17:22:27.906 detox[21946] [90mi[39m u0_a952      28071  1235 37228292 316816 0                  0 S com.detoxtest

17:22:27.906 detox[21946] [90mB[39m onLaunchApp
  args: ({"deviceId":"ZD22227Q7K","bundleId":"com.detoxtest","launchArgs":{"detoxServer":"ws://localhost:53648","detoxSessionId":"0f6d3262-986a-c978-cec8-15471fb94d7f"},"pid":28071})
17:22:27.906 detox[21946] [90mi[39m starting ADBLogcatRecording
17:22:27.906 detox[21946] [90mi[39m stopping ADBLogcatRecording
17:22:27.906 detox[21946] [90mi[39m "/Users/ips-162/Library/Android/sdk/platform-tools/adb" -s ZD22227Q7K shell "date +\"%m-%d %T.000\""
17:22:27.961 detox[21946] [90mi[39m 12-17 17:23:31.000

17:22:27.962 detox[21946] [90mi[39m sending SIGINT to: /Users/ips-162/Library/Android/sdk/platform-tools/adb -s ZD22227Q7K shell logcat -T "12-17 17:23:18.000" --pid=28071 -f /sdcard/172114422_8.log
17:22:27.963 detox[21946] [90mi[39m /Users/ips-162/Library/Android/sdk/platform-tools/adb -s ZD22227Q7K shell "logcat -T \"12-17 17:23:18.000\" --pid=28071 -f /sdcard/172114422_8.log" terminated with SIGINT
17:22:27.964 detox[21946] [90mi[39m /Users/ips-162/Library/Android/sdk/platform-tools/adb -s ZD22227Q7K shell "logcat -T \"12-17 17:23:31.000\" --pid=28071 -f /sdcard/172114422_8.log"
17:22:27.965 detox[21946] [90mE[39m onLaunchApp
17:22:27.965 detox[21946] [90mB[39m onAppReady
  args: ({"deviceId":"ZD22227Q7K","bundleId":"com.detoxtest","pid":28071})
17:22:27.965 detox[21946] [90mE[39m onAppReady
17:22:27.965 detox[21946] [90mE[39m launchApp
17:22:27.967 detox[21946] [90mi[39m send message
  data: {"type":"invoke","params":{"target":{"type":"Class","value":"com.wix.detox.espresso.DetoxAssertion"},"method":"assertMatcher","args":[{"type":"Invocation","value":{"target":{"type":"Class","value":"androidx.test.espresso.Espresso"},"method":"onView","args":[{"type":"Invocation","value":{"target":{"type":"Class","value":"com.wix.detox.espresso.DetoxMatcher"},"method":"matcherForText","args":["Welcome Back",{"type":"boolean","value":false}]}}]}},{"type":"Invocation","value":{"target":{"type":"Class","value":"com.wix.detox.espresso.DetoxMatcher"},"method":"matcherForSufficientlyVisible","args":[{"type":"Integer","value":75}]}}]},"messageId":30}
17:22:27.968 detox[21943] [90mi[39m get
  data: {"type":"invoke","params":{"target":{"type":"Class","value":"com.wix.detox.espresso.DetoxAssertion"},"method":"assertMatcher","args":[{"type":"Invocation","value":{"target":{"type":"Class","value":"androidx.test.espresso.Espresso"},"method":"onView","args":[{"type":"Invocation","value":{"target":{"type":"Class","value":"com.wix.detox.espresso.DetoxMatcher"},"method":"matcherForText","args":["Welcome Back",{"type":"boolean","value":false}]}}]}},{"type":"Invocation","value":{"target":{"type":"Class","value":"com.wix.detox.espresso.DetoxMatcher"},"method":"matcherForSufficientlyVisible","args":[{"type":"Integer","value":75}]}}]},"messageId":30}
17:22:27.968 detox[21943] [90mi[39m send
  data: {
    "type": "invoke",
    "params": {
      "target": {
        "type": "Class",
        "value": "com.wix.detox.espresso.DetoxAssertion"
      },
      "method": "assertMatcher",
      "args": [
        {
          "type": "Invocation",
          "value": {
            "target": {
              "type": "Class",
              "value": "androidx.test.espresso.Espresso"
            },
            "method": "onView",
            "args": [
              {
                "type": "Invocation",
                "value": {
                  "target": {
                    "type": "Class",
                    "value": "com.wix.detox.espresso.DetoxMatcher"
                  },
                  "method": "matcherForText",
                  "args": [
                    "Welcome Back",
                    {
                      "type": "boolean",
                      "value": false
                    }
                  ]
                }
              }
            ]
          }
        },
        {
          "type": "Invocation",
          "value": {
            "target": {
              "type": "Class",
              "value": "com.wix.detox.espresso.DetoxMatcher"
            },
            "method": "matcherForSufficientlyVisible",
            "args": [
              {
                "type": "Integer",
                "value": 75
              }
            ]
          }
        }
      ]
    },
    "messageId": 30
  }
17:22:27.968 detox[21946] [90mB[39m expect element to be visible
  data: {
    "target": {
      "type": "Class",
      "value": "com.wix.detox.espresso.DetoxAssertion"
    },
    "method": "assertMatcher",
    "args": [
      {
        "type": "Invocation",
        "value": {
          "target": {
            "type": "Class",
            "value": "androidx.test.espresso.Espresso"
          },
          "method": "onView",
          "args": [
            {
              "type": "Invocation",
              "value": {
                "target": {
                  "type": "Class",
                  "value": "com.wix.detox.espresso.DetoxMatcher"
                },
                "method": "matcherForText",
                "args": [
                  "Welcome Back",
                  {
                    "type": "boolean",
                    "value": false
                  }
                ]
              }
            }
          ]
        }
      },
      {
        "type": "Invocation",
        "value": {
          "target": {
            "type": "Class",
            "value": "com.wix.detox.espresso.DetoxMatcher"
          },
          "method": "matcherForSufficientlyVisible",
          "args": [
            {
              "type": "Integer",
              "value": 75
            }
          ]
        }
      }
    ]
  }
17:22:27.987 detox[21943] [90mi[39m get
  data: {"messageId":30,"type":"invokeResult","params":{"result":null}}
17:22:27.988 detox[21943] [90mi[39m send
  data: {
    "messageId": 30,
    "type": "invokeResult",
    "params": {
      "result": null
    }
  }
17:22:27.988 detox[21946] [90mi[39m get message
  data: {"messageId":30,"type":"invokeResult","params":{"result":null}}
   
17:22:27.988 detox[21946] [90mE[39m expect element to be visible
17:22:27.988 detox[21946] [90mi[39m send message
  data: {"type":"invoke","params":{"target":{"type":"Class","value":"com.wix.detox.espresso.EspressoDetox"},"method":"perform","args":[{"type":"Invocation","value":{"target":{"type":"Class","value":"com.wix.detox.espresso.DetoxMatcher"},"method":"matcherForTestId","args":["password-input",{"type":"boolean","value":false}]}},{"type":"Invocation","value":{"target":{"type":"Class","value":"com.wix.detox.espresso.DetoxViewActions"},"method":"typeText","args":["word123!"]}}]},"messageId":31}
17:22:27.989 detox[21943] [90mi[39m get
  data: {"type":"invoke","params":{"target":{"type":"Class","value":"com.wix.detox.espresso.EspressoDetox"},"method":"perform","args":[{"type":"Invocation","value":{"target":{"type":"Class","value":"com.wix.detox.espresso.DetoxMatcher"},"method":"matcherForTestId","args":["password-input",{"type":"boolean","value":false}]}},{"type":"Invocation","value":{"target":{"type":"Class","value":"com.wix.detox.espresso.DetoxViewActions"},"method":"typeText","args":["word123!"]}}]},"messageId":31}
17:22:27.989 detox[21943] [90mi[39m send
  data: {
    "type": "invoke",
    "params": {
      "target": {
        "type": "Class",
        "value": "com.wix.detox.espresso.EspressoDetox"
      },
      "method": "perform",
      "args": [
        {
          "type": "Invocation",
          "value": {
            "target": {
              "type": "Class",
              "value": "com.wix.detox.espresso.DetoxMatcher"
            },
            "method": "matcherForTestId",
            "args": [
              "password-input",
              {
                "type": "boolean",
                "value": false
              }
            ]
          }
        },
        {
          "type": "Invocation",
          "value": {
            "target": {
              "type": "Class",
              "value": "com.wix.detox.espresso.DetoxViewActions"
            },
            "method": "typeText",
            "args": [
              "word123!"
            ]
          }
        }
      ]
    },
    "messageId": 31
  }
17:22:27.989 detox[21946] [90mB[39m type input text: "word123!"
  data: {
    "target": {
      "type": "Class",
      "value": "com.wix.detox.espresso.EspressoDetox"
    },
    "method": "perform",
    "args": [
      {
        "type": "Invocation",
        "value": {
          "target": {
            "type": "Class",
            "value": "com.wix.detox.espresso.DetoxMatcher"
          },
          "method": "matcherForTestId",
          "args": [
            "password-input",
            {
              "type": "boolean",
              "value": false
            }
          ]
        }
      },
      {
        "type": "Invocation",
        "value": {
          "target": {
            "type": "Class",
            "value": "com.wix.detox.espresso.DetoxViewActions"
          },
          "method": "typeText",
          "args": [
            "word123!"
          ]
        }
      }
    ]
  }
17:22:28.267 detox[21946] [90mi[39m "/Users/ips-162/Library/Android/sdk/platform-tools/adb" -s ZD22227Q7K shell du /sdcard/172114422_8.log
17:22:28.309 detox[21946] [90mi[39m 0	/sdcard/172114422_8.log

17:22:28.865 detox[21943] [90mi[39m get
  data: {"messageId":31,"type":"invokeResult","params":{"result":null}}
17:22:28.865 detox[21943] [90mi[39m send
  data: {
    "messageId": 31,
    "type": "invokeResult",
    "params": {
      "result": null
    }
  }
17:22:28.865 detox[21946] [90mi[39m get message
  data: {"messageId":31,"type":"invokeResult","params":{"result":null}}
   
17:22:28.866 detox[21943] [90mi[39m get
  data: {"type":"invoke","params":{"target":{"type":"Class","value":"com.wix.detox.espresso.EspressoDetox"},"method":"perform","args":[{"type":"Invocation","value":{"target":{"type":"Class","value":"com.wix.detox.espresso.DetoxMatcher"},"method":"matcherForTestId","args":["login-button",{"type":"boolean","value":false}]}},{"type":"Invocation","value":{"target":{"type":"Class","value":"com.wix.detox.espresso.DetoxViewActions"},"method":"click","args":[]}}]},"messageId":32}
17:22:28.866 detox[21943] [90mi[39m send
  data: {
    "type": "invoke",
    "params": {
      "target": {
        "type": "Class",
        "value": "com.wix.detox.espresso.EspressoDetox"
      },
      "method": "perform",
      "args": [
        {
          "type": "Invocation",
          "value": {
            "target": {
              "type": "Class",
              "value": "com.wix.detox.espresso.DetoxMatcher"
            },
            "method": "matcherForTestId",
            "args": [
              "login-button",
              {
                "type": "boolean",
                "value": false
              }
            ]
          }
        },
        {
          "type": "Invocation",
          "value": {
            "target": {
              "type": "Class",
              "value": "com.wix.detox.espresso.DetoxViewActions"
            },
            "method": "click",
            "args": []
          }
        }
      ]
    },
    "messageId": 32
  }
17:22:28.866 detox[21946] [90mE[39m type input text: "word123!"
17:22:28.866 detox[21946] [90mi[39m send message
  data: {"type":"invoke","params":{"target":{"type":"Class","value":"com.wix.detox.espresso.EspressoDetox"},"method":"perform","args":[{"type":"Invocation","value":{"target":{"type":"Class","value":"com.wix.detox.espresso.DetoxMatcher"},"method":"matcherForTestId","args":["login-button",{"type":"boolean","value":false}]}},{"type":"Invocation","value":{"target":{"type":"Class","value":"com.wix.detox.espresso.DetoxViewActions"},"method":"click","args":[]}}]},"messageId":32}
17:22:28.866 detox[21946] [90mB[39m tap
  data: {
    "target": {
      "type": "Class",
      "value": "com.wix.detox.espresso.EspressoDetox"
    },
    "method": "perform",
    "args": [
      {
        "type": "Invocation",
        "value": {
          "target": {
            "type": "Class",
            "value": "com.wix.detox.espresso.DetoxMatcher"
          },
          "method": "matcherForTestId",
          "args": [
            "login-button",
            {
              "type": "boolean",
              "value": false
            }
          ]
        }
      },
      {
        "type": "Invocation",
        "value": {
          "target": {
            "type": "Class",
            "value": "com.wix.detox.espresso.DetoxViewActions"
          },
          "method": "click",
          "args": []
        }
      }
    ]
  }
17:22:28.877 detox[21943] [90mi[39m get
  data: {"messageId":32,"type":"testFailed","params":{"details":"Action will not be performed because the target view does not match one or more of the following constraints:\n(view has effective visibility <VISIBLE> and view.getGlobalVisibleRect() covers at least <75> percent of the view's area)\nTarget view: \"ReactViewGroup{id=72, visibility=VISIBLE, width=956, height=176, has-focus=false, has-focusable=true, has-window-focus=true, is-clickable=true, is-enabled=true, is-focused=false, is-focusable=true, is-layout-requested=false, is-selected=false, layout-params=android.view.ViewGroup$LayoutParams@YYYYYY, tag=login-button, root-is-layout-requested=false, has-input-connection=false, x=62.0, y=1485.0, child-count=1}\"\n","viewHierarchy":null}}
17:22:28.877 detox[21943] [90mi[39m send
  data: {
    "messageId": 32,
    "type": "testFailed",
    "params": {
      "details": "Action will not be performed because the target view does not match one or more of the following constraints:\n(view has effective visibility <VISIBLE> and view.getGlobalVisibleRect() covers at least <75> percent of the view's area)\nTarget view: \"ReactViewGroup{id=72, visibility=VISIBLE, width=956, height=176, has-focus=false, has-focusable=true, has-window-focus=true, is-clickable=true, is-enabled=true, is-focused=false, is-focusable=true, is-layout-requested=false, is-selected=false, layout-params=android.view.ViewGroup$LayoutParams@YYYYYY, tag=login-button, root-is-layout-requested=false, has-input-connection=false, x=62.0, y=1485.0, child-count=1}\"\n",
      "viewHierarchy": null
    }
  }
17:22:28.877 detox[21946] [90mi[39m get message
  data: {"messageId":32,"type":"testFailed","params":{"details":"Action will not be performed because the target view does not match one or more of the following constraints:\n(view has effective visibility <VISIBLE> and view.getGlobalVisibleRect() covers at least <75> percent of the view's area)\nTarget view: \"ReactViewGroup{id=72, visibility=VISIBLE, width=956, height=176, has-focus=false, has-focusable=true, has-window-focus=true, is-clickable=true, is-enabled=true, is-focused=false, is-focusable=true, is-layout-requested=false, is-selected=false, layout-params=android.view.ViewGroup$LayoutParams@YYYYYY, tag=login-button, root-is-layout-requested=false, has-input-connection=false, x=62.0, y=1485.0, child-count=1}\"\n","viewHierarchy":null}}
   
17:22:28.878 detox[21946] [90mE[39m tap
  error: Test Failed: Action will not be performed because the target view does not match one or more of the following constraints:
  (view has effective visibility <VISIBLE> and view.getGlobalVisibleRect() covers at least <75> percent of the view's area)
  Target view: "ReactViewGroup{id=72, visibility=VISIBLE, width=956, height=176, has-focus=false, has-focusable=true, has-window-focus=true, is-clickable=true, is-enabled=true, is-focused=false, is-focusable=true, is-layout-requested=false, is-selected=false, layout-params=android.view.ViewGroup$LayoutParams@YYYYYY, tag=login-button, root-is-layout-requested=false, has-input-connection=false, x=62.0, y=1485.0, child-count=1}"
  
17:22:28.878 detox[21946] [90mB[39m onTestFnFailure
  args: ({"error":{"name":"DetoxRuntimeError"}})
17:22:28.878 detox[21946] [90mi[39m starting ADBScreencapRecording
17:22:28.878 detox[21946] [90mi[39m "/Users/ips-162/Library/Android/sdk/platform-tools/adb" -s ZD22227Q7K shell "screencap /sdcard/172114422_9.png"
17:22:29.300 detox[21946] [90mi[39m 
17:22:29.300 detox[21946] [90mi[39m stopping ADBScreencapRecording
17:22:29.300 detox[21946] [90mE[39m onTestFnFailure
17:22:29.300 detox[21946] [90mE[39m test_fn
  error: Test Failed: Action will not be performed because the target view does not match one or more of the following constraints:
  (view has effective visibility <VISIBLE> and view.getGlobalVisibleRect() covers at least <75> percent of the view's area)
  Target view: "ReactViewGroup{id=72, visibility=VISIBLE, width=956, height=176, has-focus=false, has-focusable=true, has-window-focus=true, is-clickable=true, is-enabled=true, is-focused=false, is-focusable=true, is-layout-requested=false, is-selected=false, layout-params=android.view.ViewGroup$LayoutParams@YYYYYY, tag=login-button, root-is-layout-requested=false, has-input-connection=false, x=62.0, y=1485.0, child-count=1}"
  
17:22:29.300 detox[21946] [90mB[39m afterEach
17:22:29.301 detox[21946] [90mB[39m takeScreenshot
  args: ("offline-test-screenshot")
17:22:29.301 detox[21946] [90mi[39m "/Users/ips-162/Library/Android/sdk/platform-tools/adb" -s ZD22227Q7K shell "screencap /sdcard/172114422_10.png"
17:22:29.734 detox[21946] [90mi[39m 
17:22:29.735 detox[21946] [90mi[39m "/Users/ips-162/Library/Android/sdk/platform-tools/adb" -s ZD22227Q7K pull "/sdcard/172114422_10.png" "/private/var/folders/r0/j9yltjr10ysg22c7l5sx938r0000gn/T/detox-21946-KhFv3j.detox.png"
17:22:29.760 detox[21946] [90mi[39m /sdcard/172114422_10.png: 1 file pulled, 0 skipped. 15.4 MB/s (140721 bytes in 0.009s)

17:22:29.760 detox[21946] [90mi[39m "/Users/ips-162/Library/Android/sdk/platform-tools/adb" -s ZD22227Q7K shell "rm  \"/sdcard/172114422_10.png\""
17:22:29.821 detox[21946] [90mi[39m 
17:22:29.821 detox[21946] [90mB[39m onCreateExternalArtifact
  args: ({"pluginId":"screenshot","artifactName":"offline-test-screenshot","artifactPath":"/private/var/folders/r0/j9yltjr10ysg22c7l5sx938r0000gn/T/detox-21946-KhFv3j.detox.png"})
17:22:29.822 detox[21946] [90mi[39m starting FileArtifact
17:22:29.822 detox[21946] [90mi[39m stopping FileArtifact
17:22:29.823 detox[21946] [90mE[39m onCreateExternalArtifact
17:22:29.823 detox[21946] [90mE[39m takeScreenshot
17:22:29.823 detox[21946] [90mE[39m afterEach
17:22:29.823 detox[21946] [90mB[39m onTestDone
  args: ({"title":"should handle app backgrounding during login","fullName":"Edge Cases - Offline & Permission Interruptions App State Interruptions should handle app backgrounding during login","status":"failed","invocations":1,"timedOut":false})
17:22:29.823 detox[21946] [90mi[39m stopping ADBLogcatRecording
17:22:29.823 detox[21946] [90mi[39m starting ADBScreencapRecording
17:22:29.823 detox[21946] [90mi[39m "/Users/ips-162/Library/Android/sdk/platform-tools/adb" -s ZD22227Q7K shell "screencap /sdcard/172114422_11.png"
17:22:29.824 detox[21946] [90mi[39m "/Users/ips-162/Library/Android/sdk/platform-tools/adb" -s ZD22227Q7K shell "date +\"%m-%d %T.000\""
17:22:29.891 detox[21946] [90mi[39m 12-17 17:23:33.000

17:22:29.892 detox[21946] [90mi[39m sending SIGINT to: /Users/ips-162/Library/Android/sdk/platform-tools/adb -s ZD22227Q7K shell logcat -T "12-17 17:23:31.000" --pid=28071 -f /sdcard/172114422_8.log
17:22:29.893 detox[21946] [90mi[39m /Users/ips-162/Library/Android/sdk/platform-tools/adb -s ZD22227Q7K shell "logcat -T \"12-17 17:23:31.000\" --pid=28071 -f /sdcard/172114422_8.log" terminated with SIGINT
17:22:29.894 detox[21946] [90mi[39m saving ADBLogcatRecording to: artifacts/android.att.debug.2025-12-17 11-51-12Z/✗ Edge Cases - Offline & Permission Interruptions App State Interruptions should handle app backgrounding during login/device.log
17:22:29.894 detox[21946] [90mi[39m "/Users/ips-162/Library/Android/sdk/platform-tools/adb" -s ZD22227Q7K pull "/sdcard/172114422_8.log" "artifacts/android.att.debug.2025-12-17 11-51-12Z/✗ Edge Cases - Offline & Permission Interruptions App State Interruptions should handle app backgrounding during login/device.log"
17:22:29.917 detox[21946] [90mi[39m /sdcard/172114422_8.log: 1 file pulled, 0 skipped. 10.5 MB/s (61752 bytes in 0.006s)

17:22:29.917 detox[21946] [90mi[39m "/Users/ips-162/Library/Android/sdk/platform-tools/adb" -s ZD22227Q7K shell "rm  \"/sdcard/172114422_8.log\""
17:22:29.978 detox[21946] [90mi[39m 
17:22:30.239 detox[21946] [90mi[39m 
17:22:30.239 detox[21946] [90mi[39m stopping ADBScreencapRecording
17:22:30.239 detox[21946] [90mE[39m onTestDone
17:22:30.239 detox[21946] [90mE[39m should handle app backgrounding during login
17:22:30.239 detox[21946] [90mi[39m Edge Cases - Offline & Permission Interruptions > App State Interruptions: should handle app backgrounding during login [FAIL]
17:22:30.241 detox[21946] [90mB[39m should handle device orientation changes
17:22:30.241 detox[21946] [90mi[39m Edge Cases - Offline & Permission Interruptions > App State Interruptions: should handle device orientation changes
17:22:30.241 detox[21946] [90mB[39m onTestStart
  args: ({"title":"should handle device orientation changes","fullName":"Edge Cases - Offline & Permission Interruptions App State Interruptions should handle device orientation changes","status":"running","invocations":1})
17:22:30.242 detox[21946] [90mi[39m starting ADBLogcatRecording
17:22:30.243 detox[21946] [90mi[39m /Users/ips-162/Library/Android/sdk/platform-tools/adb -s ZD22227Q7K shell "logcat -T \"12-17 17:23:33.000\" --pid=28071 -f /sdcard/172114422_12.log"
17:22:30.243 detox[21946] [90mE[39m onTestStart
17:22:30.243 detox[21946] [90mB[39m beforeEach
17:22:30.243 detox[21946] [90mE[39m beforeEach
17:22:30.243 detox[21946] [90mB[39m beforeEach
17:22:30.244 detox[21946] [90mB[39m reloadReactNative
  args: ()
17:22:30.245 detox[21946] [90mi[39m send message
  data: {"type":"reactNativeReload","params":{},"messageId":-1000}
17:22:30.246 detox[21943] [90mi[39m get
  data: {"type":"reactNativeReload","params":{},"messageId":-1000}
17:22:30.246 detox[21943] [90mi[39m send
  data: {
    "type": "reactNativeReload",
    "params": {},
    "messageId": -1000
  }
17:22:30.246 detox[21946] [90mi[39m saving FileArtifact to: artifacts/android.att.debug.2025-12-17 11-51-12Z/✗ Edge Cases - Offline & Permission Interruptions App State Interruptions should handle app backgrounding during login/offline-test-screenshot.png
17:22:30.246 detox[21946] [90mi[39m moving "/private/var/folders/r0/j9yltjr10ysg22c7l5sx938r0000gn/T/detox-21946-KhFv3j.detox.png" to artifacts/android.att.debug.2025-12-17 11-51-12Z/✗ Edge Cases - Offline & Permission Interruptions App State Interruptions should handle app backgrounding during login/offline-test-screenshot.png
17:22:30.249 detox[21946] [90mi[39m saving ADBScreencapRecording to: artifacts/android.att.debug.2025-12-17 11-51-12Z/✗ Edge Cases - Offline & Permission Interruptions App State Interruptions should handle app backgrounding during login/testDone.png
17:22:30.249 detox[21946] [90mi[39m "/Users/ips-162/Library/Android/sdk/platform-tools/adb" -s ZD22227Q7K pull "/sdcard/172114422_11.png" "artifacts/android.att.debug.2025-12-17 11-51-12Z/✗ Edge Cases - Offline & Permission Interruptions App State Interruptions should handle app backgrounding during login/testDone.png"
17:22:30.281 detox[21946] [90mi[39m /sdcard/172114422_11.png: 1 file pulled, 0 skipped. 13.6 MB/s (140789 bytes in 0.010s)

17:22:30.281 detox[21946] [90mi[39m "/Users/ips-162/Library/Android/sdk/platform-tools/adb" -s ZD22227Q7K shell "rm  \"/sdcard/172114422_11.png\""
17:22:30.371 detox[21946] [90mi[39m 
17:22:30.372 detox[21946] [90mi[39m saving ADBScreencapRecording to: artifacts/android.att.debug.2025-12-17 11-51-12Z/✗ Edge Cases - Offline & Permission Interruptions App State Interruptions should handle app backgrounding during login/testFnFailure.png
17:22:30.372 detox[21946] [90mi[39m "/Users/ips-162/Library/Android/sdk/platform-tools/adb" -s ZD22227Q7K pull "/sdcard/172114422_9.png" "artifacts/android.att.debug.2025-12-17 11-51-12Z/✗ Edge Cases - Offline & Permission Interruptions App State Interruptions should handle app backgrounding during login/testFnFailure.png"
17:22:30.442 detox[21946] [90mi[39m /sdcard/172114422_9.png: 1 file pulled, 0 skipped. 4.4 MB/s (140789 bytes in 0.031s)

17:22:30.442 detox[21946] [90mi[39m "/Users/ips-162/Library/Android/sdk/platform-tools/adb" -s ZD22227Q7K shell "rm  \"/sdcard/172114422_9.png\""
17:22:30.536 detox[21946] [90mi[39m 
17:22:30.544 detox[21946] [90mi[39m "/Users/ips-162/Library/Android/sdk/platform-tools/adb" -s ZD22227Q7K shell du /sdcard/172114422_12.log
17:22:30.606 detox[21946] [90mi[39m 0	/sdcard/172114422_12.log

17:22:30.826 detox[21943] [90mi[39m get
  data: {"messageId":-1000,"type":"ready","params":{}}
17:22:30.826 detox[21943] [90mi[39m send
  data: {
    "messageId": -1000,
    "type": "ready",
    "params": {}
  }
17:22:30.827 detox[21946] [90mi[39m get message
  data: {"messageId":-1000,"type":"ready","params":{}}
   
17:22:30.827 detox[21946] [90mE[39m reloadReactNative
17:22:30.827 detox[21946] [90mB[39m disableSynchronization
  args: ()
17:22:30.827 detox[21946] [90mi[39m send message
  data: {"type":"invoke","params":{"target":{"type":"Class","value":"com.wix.detox.espresso.EspressoDetox"},"method":"setSynchronization","args":[{"type":"boolean","value":false}]},"messageId":33}
17:22:30.828 detox[21943] [90mi[39m get
  data: {"type":"invoke","params":{"target":{"type":"Class","value":"com.wix.detox.espresso.EspressoDetox"},"method":"setSynchronization","args":[{"type":"boolean","value":false}]},"messageId":33}
17:22:30.828 detox[21943] [90mi[39m send
  data: {
    "type": "invoke",
    "params": {
      "target": {
        "type": "Class",
        "value": "com.wix.detox.espresso.EspressoDetox"
      },
      "method": "setSynchronization",
      "args": [
        {
          "type": "boolean",
          "value": false
        }
      ]
    },
    "messageId": 33
  }
17:22:30.838 detox[21943] [90mi[39m get
  data: {"messageId":33,"type":"invokeResult","params":{"result":null}}
17:22:30.838 detox[21943] [90mi[39m send
  data: {
    "messageId": 33,
    "type": "invokeResult",
    "params": {
      "result": null
    }
  }
17:22:30.838 detox[21946] [90mi[39m get message
  data: {"messageId":33,"type":"invokeResult","params":{"result":null}}
   
17:22:30.838 detox[21946] [90mE[39m disableSynchronization
17:22:33.839 detox[21946] [90mB[39m enableSynchronization
  args: ()
17:22:33.840 detox[21943] [90mi[39m get
  data: {"type":"invoke","params":{"target":{"type":"Class","value":"com.wix.detox.espresso.EspressoDetox"},"method":"setSynchronization","args":[{"type":"boolean","value":true}]},"messageId":34}
17:22:33.840 detox[21943] [90mi[39m send
  data: {
    "type": "invoke",
    "params": {
      "target": {
        "type": "Class",
        "value": "com.wix.detox.espresso.EspressoDetox"
      },
      "method": "setSynchronization",
      "args": [
        {
          "type": "boolean",
          "value": true
        }
      ]
    },
    "messageId": 34
  }
17:22:33.840 detox[21946] [90mi[39m send message
  data: {"type":"invoke","params":{"target":{"type":"Class","value":"com.wix.detox.espresso.EspressoDetox"},"method":"setSynchronization","args":[{"type":"boolean","value":true}]},"messageId":34}
17:22:33.870 detox[21943] [90mi[39m get
  data: {"messageId":34,"type":"invokeResult","params":{"result":null}}
17:22:33.870 detox[21943] [90mi[39m send
  data: {
    "messageId": 34,
    "type": "invokeResult",
    "params": {
      "result": null
    }
  }
17:22:33.871 detox[21946] [90mi[39m get message
  data: {"messageId":34,"type":"invokeResult","params":{"result":null}}
   
17:22:33.871 detox[21946] [90mE[39m enableSynchronization
17:22:33.871 detox[21946] [90mi[39m send message
  data: {"type":"invoke","params":{"target":{"type":"Class","value":"com.wix.detox.espresso.DetoxAssertion"},"method":"waitForAssertMatcher","args":[{"type":"Invocation","value":{"target":{"type":"Class","value":"androidx.test.espresso.Espresso"},"method":"onView","args":[{"type":"Invocation","value":{"target":{"type":"Class","value":"com.wix.detox.espresso.DetoxMatcher"},"method":"matcherForTestId","args":["login-root",{"type":"boolean","value":false}]}}]}},{"type":"Invocation","value":{"target":{"type":"Class","value":"com.wix.detox.espresso.DetoxMatcher"},"method":"matcherForSufficientlyVisible","args":[{"type":"Integer","value":75}]}},{"type":"Double","value":10}]},"messageId":35}
17:22:33.872 detox[21943] [90mi[39m get
  data: {"type":"invoke","params":{"target":{"type":"Class","value":"com.wix.detox.espresso.DetoxAssertion"},"method":"waitForAssertMatcher","args":[{"type":"Invocation","value":{"target":{"type":"Class","value":"androidx.test.espresso.Espresso"},"method":"onView","args":[{"type":"Invocation","value":{"target":{"type":"Class","value":"com.wix.detox.espresso.DetoxMatcher"},"method":"matcherForTestId","args":["login-root",{"type":"boolean","value":false}]}}]}},{"type":"Invocation","value":{"target":{"type":"Class","value":"com.wix.detox.espresso.DetoxMatcher"},"method":"matcherForSufficientlyVisible","args":[{"type":"Integer","value":75}]}},{"type":"Double","value":10}]},"messageId":35}
17:22:33.872 detox[21943] [90mi[39m send
  data: {
    "type": "invoke",
    "params": {
      "target": {
        "type": "Class",
        "value": "com.wix.detox.espresso.DetoxAssertion"
      },
      "method": "waitForAssertMatcher",
      "args": [
        {
          "type": "Invocation",
          "value": {
            "target": {
              "type": "Class",
              "value": "androidx.test.espresso.Espresso"
            },
            "method": "onView",
            "args": [
              {
                "type": "Invocation",
                "value": {
                  "target": {
                    "type": "Class",
                    "value": "com.wix.detox.espresso.DetoxMatcher"
                  },
                  "method": "matcherForTestId",
                  "args": [
                    "login-root",
                    {
                      "type": "boolean",
                      "value": false
                    }
                  ]
                }
              }
            ]
          }
        },
        {
          "type": "Invocation",
          "value": {
            "target": {
              "type": "Class",
              "value": "com.wix.detox.espresso.DetoxMatcher"
            },
            "method": "matcherForSufficientlyVisible",
            "args": [
              {
                "type": "Integer",
                "value": 75
              }
            ]
          }
        },
        {
          "type": "Double",
          "value": 10
        }
      ]
    },
    "messageId": 35
  }
17:22:33.872 detox[21946] [90mB[39m undefined with timeout (10000 ms)
  data: {
    "target": {
      "type": "Class",
      "value": "com.wix.detox.espresso.DetoxAssertion"
    },
    "method": "waitForAssertMatcher",
    "args": [
      {
        "type": "Invocation",
        "value": {
          "target": {
            "type": "Class",
            "value": "androidx.test.espresso.Espresso"
          },
          "method": "onView",
          "args": [
            {
              "type": "Invocation",
              "value": {
                "target": {
                  "type": "Class",
                  "value": "com.wix.detox.espresso.DetoxMatcher"
                },
                "method": "matcherForTestId",
                "args": [
                  "login-root",
                  {
                    "type": "boolean",
                    "value": false
                  }
                ]
              }
            }
          ]
        }
      },
      {
        "type": "Invocation",
        "value": {
          "target": {
            "type": "Class",
            "value": "com.wix.detox.espresso.DetoxMatcher"
          },
          "method": "matcherForSufficientlyVisible",
          "args": [
            {
              "type": "Integer",
              "value": 75
            }
          ]
        }
      },
      {
        "type": "Double",
        "value": 10
      }
    ]
  }
17:22:38.911 detox[21943] [90mi[39m get
  data: {"messageId":35,"type":"invokeResult","params":{"result":null}}
17:22:38.911 detox[21943] [90mi[39m send
  data: {
    "messageId": 35,
    "type": "invokeResult",
    "params": {
      "result": null
    }
  }
17:22:38.911 detox[21946] [90mi[39m get message
  data: {"messageId":35,"type":"invokeResult","params":{"result":null}}
   
17:22:38.911 detox[21946] [90mE[39m undefined with timeout (10000 ms)
17:22:38.912 detox[21946] [90mE[39m beforeEach
17:22:38.912 detox[21946] [90mB[39m test_fn
17:22:38.912 detox[21946] [90mi[39m send message
  data: {"type":"invoke","params":{"target":{"type":"Class","value":"com.wix.detox.espresso.DetoxAssertion"},"method":"waitForAssertMatcher","args":[{"type":"Invocation","value":{"target":{"type":"Class","value":"androidx.test.espresso.Espresso"},"method":"onView","args":[{"type":"Invocation","value":{"target":{"type":"Class","value":"com.wix.detox.espresso.DetoxMatcher"},"method":"matcherForText","args":["Welcome Back",{"type":"boolean","value":false}]}}]}},{"type":"Invocation","value":{"target":{"type":"Class","value":"com.wix.detox.espresso.DetoxMatcher"},"method":"matcherForSufficientlyVisible","args":[{"type":"Integer","value":75}]}},{"type":"Double","value":10}]},"messageId":36}
17:22:38.913 detox[21943] [90mi[39m get
  data: {"type":"invoke","params":{"target":{"type":"Class","value":"com.wix.detox.espresso.DetoxAssertion"},"method":"waitForAssertMatcher","args":[{"type":"Invocation","value":{"target":{"type":"Class","value":"androidx.test.espresso.Espresso"},"method":"onView","args":[{"type":"Invocation","value":{"target":{"type":"Class","value":"com.wix.detox.espresso.DetoxMatcher"},"method":"matcherForText","args":["Welcome Back",{"type":"boolean","value":false}]}}]}},{"type":"Invocation","value":{"target":{"type":"Class","value":"com.wix.detox.espresso.DetoxMatcher"},"method":"matcherForSufficientlyVisible","args":[{"type":"Integer","value":75}]}},{"type":"Double","value":10}]},"messageId":36}
17:22:38.913 detox[21943] [90mi[39m send
  data: {
    "type": "invoke",
    "params": {
      "target": {
        "type": "Class",
        "value": "com.wix.detox.espresso.DetoxAssertion"
      },
      "method": "waitForAssertMatcher",
      "args": [
        {
          "type": "Invocation",
          "value": {
            "target": {
              "type": "Class",
              "value": "androidx.test.espresso.Espresso"
            },
            "method": "onView",
            "args": [
              {
                "type": "Invocation",
                "value": {
                  "target": {
                    "type": "Class",
                    "value": "com.wix.detox.espresso.DetoxMatcher"
                  },
                  "method": "matcherForText",
                  "args": [
                    "Welcome Back",
                    {
                      "type": "boolean",
                      "value": false
                    }
                  ]
                }
              }
            ]
          }
        },
        {
          "type": "Invocation",
          "value": {
            "target": {
              "type": "Class",
              "value": "com.wix.detox.espresso.DetoxMatcher"
            },
            "method": "matcherForSufficientlyVisible",
            "args": [
              {
                "type": "Integer",
                "value": 75
              }
            ]
          }
        },
        {
          "type": "Double",
          "value": 10
        }
      ]
    },
    "messageId": 36
  }
17:22:38.913 detox[21946] [90mB[39m undefined with timeout (10000 ms)
  data: {
    "target": {
      "type": "Class",
      "value": "com.wix.detox.espresso.DetoxAssertion"
    },
    "method": "waitForAssertMatcher",
    "args": [
      {
        "type": "Invocation",
        "value": {
          "target": {
            "type": "Class",
            "value": "androidx.test.espresso.Espresso"
          },
          "method": "onView",
          "args": [
            {
              "type": "Invocation",
              "value": {
                "target": {
                  "type": "Class",
                  "value": "com.wix.detox.espresso.DetoxMatcher"
                },
                "method": "matcherForText",
                "args": [
                  "Welcome Back",
                  {
                    "type": "boolean",
                    "value": false
                  }
                ]
              }
            }
          ]
        }
      },
      {
        "type": "Invocation",
        "value": {
          "target": {
            "type": "Class",
            "value": "com.wix.detox.espresso.DetoxMatcher"
          },
          "method": "matcherForSufficientlyVisible",
          "args": [
            {
              "type": "Integer",
              "value": 75
            }
          ]
        }
      },
      {
        "type": "Double",
        "value": 10
      }
    ]
  }
17:22:38.940 detox[21943] [90mi[39m get
  data: {"messageId":36,"type":"invokeResult","params":{"result":null}}
17:22:38.940 detox[21943] [90mi[39m send
  data: {
    "messageId": 36,
    "type": "invokeResult",
    "params": {
      "result": null
    }
  }
17:22:38.940 detox[21946] [90mi[39m get message
  data: {"messageId":36,"type":"invokeResult","params":{"result":null}}
   
17:22:38.940 detox[21946] [90mE[39m undefined with timeout (10000 ms)
17:22:38.941 detox[21943] [90mi[39m get
  data: {"type":"invoke","params":{"target":{"type":"Class","value":"com.wix.detox.espresso.EspressoDetox"},"method":"changeOrientation","args":[{"type":"Integer","value":1}]},"messageId":37}
17:22:38.941 detox[21943] [90mi[39m send
  data: {
    "type": "invoke",
    "params": {
      "target": {
        "type": "Class",
        "value": "com.wix.detox.espresso.EspressoDetox"
      },
      "method": "changeOrientation",
      "args": [
        {
          "type": "Integer",
          "value": 1
        }
      ]
    },
    "messageId": 37
  }
17:22:38.941 detox[21946] [90mB[39m setOrientation
  args: ("landscape")
17:22:38.941 detox[21946] [90mi[39m send message
  data: {"type":"invoke","params":{"target":{"type":"Class","value":"com.wix.detox.espresso.EspressoDetox"},"method":"changeOrientation","args":[{"type":"Integer","value":1}]},"messageId":37}
17:22:39.260 detox[21943] [90mi[39m get
  data: {"messageId":37,"type":"invokeResult","params":{"result":null}}
17:22:39.260 detox[21943] [90mi[39m send
  data: {
    "messageId": 37,
    "type": "invokeResult",
    "params": {
      "result": null
    }
  }
17:22:39.260 detox[21946] [90mi[39m get message
  data: {"messageId":37,"type":"invokeResult","params":{"result":null}}
   
17:22:39.260 detox[21946] [90mE[39m setOrientation
17:22:39.260 detox[21946] [90mi[39m send message
  data: {"type":"invoke","params":{"target":{"type":"Class","value":"com.wix.detox.espresso.DetoxAssertion"},"method":"assertMatcher","args":[{"type":"Invocation","value":{"target":{"type":"Class","value":"androidx.test.espresso.Espresso"},"method":"onView","args":[{"type":"Invocation","value":{"target":{"type":"Class","value":"com.wix.detox.espresso.DetoxMatcher"},"method":"matcherForText","args":["Welcome Back",{"type":"boolean","value":false}]}}]}},{"type":"Invocation","value":{"target":{"type":"Class","value":"com.wix.detox.espresso.DetoxMatcher"},"method":"matcherForSufficientlyVisible","args":[{"type":"Integer","value":75}]}}]},"messageId":38}
17:22:39.261 detox[21943] [90mi[39m get
  data: {"type":"invoke","params":{"target":{"type":"Class","value":"com.wix.detox.espresso.DetoxAssertion"},"method":"assertMatcher","args":[{"type":"Invocation","value":{"target":{"type":"Class","value":"androidx.test.espresso.Espresso"},"method":"onView","args":[{"type":"Invocation","value":{"target":{"type":"Class","value":"com.wix.detox.espresso.DetoxMatcher"},"method":"matcherForText","args":["Welcome Back",{"type":"boolean","value":false}]}}]}},{"type":"Invocation","value":{"target":{"type":"Class","value":"com.wix.detox.espresso.DetoxMatcher"},"method":"matcherForSufficientlyVisible","args":[{"type":"Integer","value":75}]}}]},"messageId":38}
17:22:39.261 detox[21943] [90mi[39m send
  data: {
    "type": "invoke",
    "params": {
      "target": {
        "type": "Class",
        "value": "com.wix.detox.espresso.DetoxAssertion"
      },
      "method": "assertMatcher",
      "args": [
        {
          "type": "Invocation",
          "value": {
            "target": {
              "type": "Class",
              "value": "androidx.test.espresso.Espresso"
            },
            "method": "onView",
            "args": [
              {
                "type": "Invocation",
                "value": {
                  "target": {
                    "type": "Class",
                    "value": "com.wix.detox.espresso.DetoxMatcher"
                  },
                  "method": "matcherForText",
                  "args": [
                    "Welcome Back",
                    {
                      "type": "boolean",
                      "value": false
                    }
                  ]
                }
              }
            ]
          }
        },
        {
          "type": "Invocation",
          "value": {
            "target": {
              "type": "Class",
              "value": "com.wix.detox.espresso.DetoxMatcher"
            },
            "method": "matcherForSufficientlyVisible",
            "args": [
              {
                "type": "Integer",
                "value": 75
              }
            ]
          }
        }
      ]
    },
    "messageId": 38
  }
17:22:39.261 detox[21946] [90mB[39m expect element to be visible
  data: {
    "target": {
      "type": "Class",
      "value": "com.wix.detox.espresso.DetoxAssertion"
    },
    "method": "assertMatcher",
    "args": [
      {
        "type": "Invocation",
        "value": {
          "target": {
            "type": "Class",
            "value": "androidx.test.espresso.Espresso"
          },
          "method": "onView",
          "args": [
            {
              "type": "Invocation",
              "value": {
                "target": {
                  "type": "Class",
                  "value": "com.wix.detox.espresso.DetoxMatcher"
                },
                "method": "matcherForText",
                "args": [
                  "Welcome Back",
                  {
                    "type": "boolean",
                    "value": false
                  }
                ]
              }
            }
          ]
        }
      },
      {
        "type": "Invocation",
        "value": {
          "target": {
            "type": "Class",
            "value": "com.wix.detox.espresso.DetoxMatcher"
          },
          "method": "matcherForSufficientlyVisible",
          "args": [
            {
              "type": "Integer",
              "value": 75
            }
          ]
        }
      }
    ]
  }
17:22:39.289 detox[21943] [90mi[39m get
  data: {"messageId":38,"type":"invokeResult","params":{"result":null}}
17:22:39.289 detox[21943] [90mi[39m send
  data: {
    "messageId": 38,
    "type": "invokeResult",
    "params": {
      "result": null
    }
  }
17:22:39.289 detox[21946] [90mi[39m get message
  data: {"messageId":38,"type":"invokeResult","params":{"result":null}}
   
17:22:39.290 detox[21946] [90mE[39m expect element to be visible
17:22:39.291 detox[21946] [90mi[39m send message
  data: {"type":"invoke","params":{"target":{"type":"Class","value":"com.wix.detox.espresso.DetoxAssertion"},"method":"assertMatcher","args":[{"type":"Invocation","value":{"target":{"type":"Class","value":"androidx.test.espresso.Espresso"},"method":"onView","args":[{"type":"Invocation","value":{"target":{"type":"Class","value":"com.wix.detox.espresso.DetoxMatcher"},"method":"matcherForTestId","args":["email-input",{"type":"boolean","value":false}]}}]}},{"type":"Invocation","value":{"target":{"type":"Class","value":"com.wix.detox.espresso.DetoxMatcher"},"method":"matcherForSufficientlyVisible","args":[{"type":"Integer","value":75}]}}]},"messageId":39}
17:22:39.292 detox[21943] [90mi[39m get
  data: {"type":"invoke","params":{"target":{"type":"Class","value":"com.wix.detox.espresso.DetoxAssertion"},"method":"assertMatcher","args":[{"type":"Invocation","value":{"target":{"type":"Class","value":"androidx.test.espresso.Espresso"},"method":"onView","args":[{"type":"Invocation","value":{"target":{"type":"Class","value":"com.wix.detox.espresso.DetoxMatcher"},"method":"matcherForTestId","args":["email-input",{"type":"boolean","value":false}]}}]}},{"type":"Invocation","value":{"target":{"type":"Class","value":"com.wix.detox.espresso.DetoxMatcher"},"method":"matcherForSufficientlyVisible","args":[{"type":"Integer","value":75}]}}]},"messageId":39}
17:22:39.292 detox[21943] [90mi[39m send
  data: {
    "type": "invoke",
    "params": {
      "target": {
        "type": "Class",
        "value": "com.wix.detox.espresso.DetoxAssertion"
      },
      "method": "assertMatcher",
      "args": [
        {
          "type": "Invocation",
          "value": {
            "target": {
              "type": "Class",
              "value": "androidx.test.espresso.Espresso"
            },
            "method": "onView",
            "args": [
              {
                "type": "Invocation",
                "value": {
                  "target": {
                    "type": "Class",
                    "value": "com.wix.detox.espresso.DetoxMatcher"
                  },
                  "method": "matcherForTestId",
                  "args": [
                    "email-input",
                    {
                      "type": "boolean",
                      "value": false
                    }
                  ]
                }
              }
            ]
          }
        },
        {
          "type": "Invocation",
          "value": {
            "target": {
              "type": "Class",
              "value": "com.wix.detox.espresso.DetoxMatcher"
            },
            "method": "matcherForSufficientlyVisible",
            "args": [
              {
                "type": "Integer",
                "value": 75
              }
            ]
          }
        }
      ]
    },
    "messageId": 39
  }
17:22:39.292 detox[21946] [90mB[39m expect element to be visible
  data: {
    "target": {
      "type": "Class",
      "value": "com.wix.detox.espresso.DetoxAssertion"
    },
    "method": "assertMatcher",
    "args": [
      {
        "type": "Invocation",
        "value": {
          "target": {
            "type": "Class",
            "value": "androidx.test.espresso.Espresso"
          },
          "method": "onView",
          "args": [
            {
              "type": "Invocation",
              "value": {
                "target": {
                  "type": "Class",
                  "value": "com.wix.detox.espresso.DetoxMatcher"
                },
                "method": "matcherForTestId",
                "args": [
                  "email-input",
                  {
                    "type": "boolean",
                    "value": false
                  }
                ]
              }
            }
          ]
        }
      },
      {
        "type": "Invocation",
        "value": {
          "target": {
            "type": "Class",
            "value": "com.wix.detox.espresso.DetoxMatcher"
          },
          "method": "matcherForSufficientlyVisible",
          "args": [
            {
              "type": "Integer",
              "value": 75
            }
          ]
        }
      }
    ]
  }
17:22:39.315 detox[21943] [90mi[39m get
  data: {"messageId":39,"type":"invokeResult","params":{"result":null}}
17:22:39.315 detox[21943] [90mi[39m send
  data: {
    "messageId": 39,
    "type": "invokeResult",
    "params": {
      "result": null
    }
  }
17:22:39.315 detox[21946] [90mi[39m get message
  data: {"messageId":39,"type":"invokeResult","params":{"result":null}}
   
17:22:39.315 detox[21946] [90mE[39m expect element to be visible
17:22:39.316 detox[21943] [90mi[39m get
  data: {"type":"invoke","params":{"target":{"type":"Class","value":"com.wix.detox.espresso.DetoxAssertion"},"method":"assertMatcher","args":[{"type":"Invocation","value":{"target":{"type":"Class","value":"androidx.test.espresso.Espresso"},"method":"onView","args":[{"type":"Invocation","value":{"target":{"type":"Class","value":"com.wix.detox.espresso.DetoxMatcher"},"method":"matcherForTestId","args":["password-input",{"type":"boolean","value":false}]}}]}},{"type":"Invocation","value":{"target":{"type":"Class","value":"com.wix.detox.espresso.DetoxMatcher"},"method":"matcherForSufficientlyVisible","args":[{"type":"Integer","value":75}]}}]},"messageId":40}
17:22:39.316 detox[21943] [90mi[39m send
  data: {
    "type": "invoke",
    "params": {
      "target": {
        "type": "Class",
        "value": "com.wix.detox.espresso.DetoxAssertion"
      },
      "method": "assertMatcher",
      "args": [
        {
          "type": "Invocation",
          "value": {
            "target": {
              "type": "Class",
              "value": "androidx.test.espresso.Espresso"
            },
            "method": "onView",
            "args": [
              {
                "type": "Invocation",
                "value": {
                  "target": {
                    "type": "Class",
                    "value": "com.wix.detox.espresso.DetoxMatcher"
                  },
                  "method": "matcherForTestId",
                  "args": [
                    "password-input",
                    {
                      "type": "boolean",
                      "value": false
                    }
                  ]
                }
              }
            ]
          }
        },
        {
          "type": "Invocation",
          "value": {
            "target": {
              "type": "Class",
              "value": "com.wix.detox.espresso.DetoxMatcher"
            },
            "method": "matcherForSufficientlyVisible",
            "args": [
              {
                "type": "Integer",
                "value": 75
              }
            ]
          }
        }
      ]
    },
    "messageId": 40
  }
17:22:39.316 detox[21946] [90mi[39m send message
  data: {"type":"invoke","params":{"target":{"type":"Class","value":"com.wix.detox.espresso.DetoxAssertion"},"method":"assertMatcher","args":[{"type":"Invocation","value":{"target":{"type":"Class","value":"androidx.test.espresso.Espresso"},"method":"onView","args":[{"type":"Invocation","value":{"target":{"type":"Class","value":"com.wix.detox.espresso.DetoxMatcher"},"method":"matcherForTestId","args":["password-input",{"type":"boolean","value":false}]}}]}},{"type":"Invocation","value":{"target":{"type":"Class","value":"com.wix.detox.espresso.DetoxMatcher"},"method":"matcherForSufficientlyVisible","args":[{"type":"Integer","value":75}]}}]},"messageId":40}
17:22:39.316 detox[21946] [90mB[39m expect element to be visible
  data: {
    "target": {
      "type": "Class",
      "value": "com.wix.detox.espresso.DetoxAssertion"
    },
    "method": "assertMatcher",
    "args": [
      {
        "type": "Invocation",
        "value": {
          "target": {
            "type": "Class",
            "value": "androidx.test.espresso.Espresso"
          },
          "method": "onView",
          "args": [
            {
              "type": "Invocation",
              "value": {
                "target": {
                  "type": "Class",
                  "value": "com.wix.detox.espresso.DetoxMatcher"
                },
                "method": "matcherForTestId",
                "args": [
                  "password-input",
                  {
                    "type": "boolean",
                    "value": false
                  }
                ]
              }
            }
          ]
        }
      },
      {
        "type": "Invocation",
        "value": {
          "target": {
            "type": "Class",
            "value": "com.wix.detox.espresso.DetoxMatcher"
          },
          "method": "matcherForSufficientlyVisible",
          "args": [
            {
              "type": "Integer",
              "value": 75
            }
          ]
        }
      }
    ]
  }
17:22:39.339 detox[21943] [90mi[39m get
  data: {"messageId":40,"type":"testFailed","params":{"details":"'(view has effective visibility <VISIBLE> and view.getGlobalVisibleRect() covers at least <75> percent of the view's area)' doesn't match the selected view.\nExpected: (view has effective visibility <VISIBLE> and view.getGlobalVisibleRect() covers at least <75> percent of the view's area)\n     Got: com.facebook.react.views.textinput.ReactEditText{126c67a VFED..CL. ........ 64,930-2038,1081 #34 aid=1073741878}\nView Details: ReactEditText{id=52, desc=Password input field, visibility=VISIBLE, width=1974, height=151, has-focus=false, has-focusable=true, has-window-focus=true, is-clickable=true, is-enabled=true, is-focused=false, is-focusable=true, is-layout-requested=false, is-selected=false, layout-params=android.view.ViewGroup$LayoutParams@YYYYYY, tag=password-input, root-is-layout-requested=false, has-input-connection=true, editor-info=[inputType=0x80081 imeOptions=0x4000006 privateImeOptions=null actionLabel=null actionId=0 initialSelStart=0 initialSelEnd=0 initialCapsMode=0x0 hintText=Enter your password label=null packageName=null autofillId=null fieldId=0 fieldName=null extras=Bundle[{android.support.text.emoji.emojiCompat_metadataVersion=11, android.support.text.emoji.emojiCompat_replaceAll=false}] hintLocales=null contentMimeTypes=null ], x=64.0, y=930.0, text=, hint=Enter your password, input-type=524417, ime-target=false, has-links=false}\n\n","viewHierarchy":null}}
17:22:39.339 detox[21943] [90mi[39m send
  data: {
    "messageId": 40,
    "type": "testFailed",
    "params": {
      "details": "'(view has effective visibility <VISIBLE> and view.getGlobalVisibleRect() covers at least <75> percent of the view's area)' doesn't match the selected view.\nExpected: (view has effective visibility <VISIBLE> and view.getGlobalVisibleRect() covers at least <75> percent of the view's area)\n     Got: com.facebook.react.views.textinput.ReactEditText{126c67a VFED..CL. ........ 64,930-2038,1081 #34 aid=1073741878}\nView Details: ReactEditText{id=52, desc=Password input field, visibility=VISIBLE, width=1974, height=151, has-focus=false, has-focusable=true, has-window-focus=true, is-clickable=true, is-enabled=true, is-focused=false, is-focusable=true, is-layout-requested=false, is-selected=false, layout-params=android.view.ViewGroup$LayoutParams@YYYYYY, tag=password-input, root-is-layout-requested=false, has-input-connection=true, editor-info=[inputType=0x80081 imeOptions=0x4000006 privateImeOptions=null actionLabel=null actionId=0 initialSelStart=0 initialSelEnd=0 initialCapsMode=0x0 hintText=Enter your password label=null packageName=null autofillId=null fieldId=0 fieldName=null extras=Bundle[{android.support.text.emoji.emojiCompat_metadataVersion=11, android.support.text.emoji.emojiCompat_replaceAll=false}] hintLocales=null contentMimeTypes=null ], x=64.0, y=930.0, text=, hint=Enter your password, input-type=524417, ime-target=false, has-links=false}\n\n",
      "viewHierarchy": null
    }
  }
17:22:39.342 detox[21946] [90mi[39m get message
  data: {"messageId":40,"type":"testFailed","params":{"details":"'(view has effective visibility <VISIBLE> and view.getGlobalVisibleRect() covers at least <75> percent of the view's area)' doesn't match the selected view.\nExpected: (view has effective visibility <VISIBLE> and view.getGlobalVisibleRect() covers at least <75> percent of the view's area)\n     Got: com.facebook.react.views.textinput.ReactEditText{126c67a VFED..CL. ........ 64,930-2038,1081 #34 aid=1073741878}\nView Details: ReactEditText{id=52, desc=Password input field, visibility=VISIBLE, width=1974, height=151, has-focus=false, has-focusable=true, has-window-focus=true, is-clickable=true, is-enabled=true, is-focused=false, is-focusable=true, is-layout-requested=false, is-selected=false, layout-params=android.view.ViewGroup$LayoutParams@YYYYYY, tag=password-input, root-is-layout-requested=false, has-input-connection=true, editor-info=[inputType=0x80081 imeOptions=0x4000006 privateImeOptions=null actionLabel=null actionId=0 initialSelStart=0 initialSelEnd=0 initialCapsMode=0x0 hintText=Enter your password label=null packageName=null autofillId=null fieldId=0 fieldName=null extras=Bundle[{android.support.text.emoji.emojiCompat_metadataVersion=11, android.support.text.emoji.emojiCompat_replaceAll=false}] hintLocales=null contentMimeTypes=null ], x=64.0, y=930.0, text=, hint=Enter your password, input-type=524417, ime-target=false, has-links=false}\n\n","viewHierarchy":null}}
   
17:22:39.342 detox[21946] [90mE[39m expect element to be visible
  error: Test Failed: '(view has effective visibility <VISIBLE> and view.getGlobalVisibleRect() covers at least <75> percent of the view's area)' doesn't match the selected view.
  Expected: (view has effective visibility <VISIBLE> and view.getGlobalVisibleRect() covers at least <75> percent of the view's area)
       Got: com.facebook.react.views.textinput.ReactEditText{126c67a VFED..CL. ........ 64,930-2038,1081 #34 aid=1073741878}
  View Details: ReactEditText{id=52, desc=Password input field, visibility=VISIBLE, width=1974, height=151, has-focus=false, has-focusable=true, has-window-focus=true, is-clickable=true, is-enabled=true, is-focused=false, is-focusable=true, is-layout-requested=false, is-selected=false, layout-params=android.view.ViewGroup$LayoutParams@YYYYYY, tag=password-input, root-is-layout-requested=false, has-input-connection=true, editor-info=[inputType=0x80081 imeOptions=0x4000006 privateImeOptions=null actionLabel=null actionId=0 initialSelStart=0 initialSelEnd=0 initialCapsMode=0x0 hintText=Enter your password label=null packageName=null autofillId=null fieldId=0 fieldName=null extras=Bundle[{android.support.text.emoji.emojiCompat_metadataVersion=11, android.support.text.emoji.emojiCompat_replaceAll=false}] hintLocales=null contentMimeTypes=null ], x=64.0, y=930.0, text=, hint=Enter your password, input-type=524417, ime-target=false, has-links=false}
  
  
17:22:39.342 detox[21946] [90mB[39m onTestFnFailure
  args: ({"error":{"name":"DetoxRuntimeError"}})
17:22:39.342 detox[21946] [90mi[39m starting ADBScreencapRecording
17:22:39.342 detox[21946] [90mi[39m "/Users/ips-162/Library/Android/sdk/platform-tools/adb" -s ZD22227Q7K shell "screencap /sdcard/172114422_13.png"
17:22:39.802 detox[21946] [90mi[39m 
17:22:39.802 detox[21946] [90mi[39m stopping ADBScreencapRecording
17:22:39.803 detox[21946] [90mE[39m onTestFnFailure
17:22:39.803 detox[21946] [90mE[39m test_fn
  error: Test Failed: '(view has effective visibility <VISIBLE> and view.getGlobalVisibleRect() covers at least <75> percent of the view's area)' doesn't match the selected view.
  Expected: (view has effective visibility <VISIBLE> and view.getGlobalVisibleRect() covers at least <75> percent of the view's area)
       Got: com.facebook.react.views.textinput.ReactEditText{126c67a VFED..CL. ........ 64,930-2038,1081 #34 aid=1073741878}
  View Details: ReactEditText{id=52, desc=Password input field, visibility=VISIBLE, width=1974, height=151, has-focus=false, has-focusable=true, has-window-focus=true, is-clickable=true, is-enabled=true, is-focused=false, is-focusable=true, is-layout-requested=false, is-selected=false, layout-params=android.view.ViewGroup$LayoutParams@YYYYYY, tag=password-input, root-is-layout-requested=false, has-input-connection=true, editor-info=[inputType=0x80081 imeOptions=0x4000006 privateImeOptions=null actionLabel=null actionId=0 initialSelStart=0 initialSelEnd=0 initialCapsMode=0x0 hintText=Enter your password label=null packageName=null autofillId=null fieldId=0 fieldName=null extras=Bundle[{android.support.text.emoji.emojiCompat_metadataVersion=11, android.support.text.emoji.emojiCompat_replaceAll=false}] hintLocales=null contentMimeTypes=null ], x=64.0, y=930.0, text=, hint=Enter your password, input-type=524417, ime-target=false, has-links=false}
  
  
17:22:39.803 detox[21946] [90mB[39m afterEach
17:22:39.804 detox[21946] [90mB[39m takeScreenshot
  args: ("offline-test-screenshot")
17:22:39.804 detox[21946] [90mi[39m "/Users/ips-162/Library/Android/sdk/platform-tools/adb" -s ZD22227Q7K shell "screencap /sdcard/172114422_14.png"
17:22:40.207 detox[21946] [90mi[39m 
17:22:40.207 detox[21946] [90mi[39m "/Users/ips-162/Library/Android/sdk/platform-tools/adb" -s ZD22227Q7K pull "/sdcard/172114422_14.png" "/private/var/folders/r0/j9yltjr10ysg22c7l5sx938r0000gn/T/detox-21946-t8T4JL.detox.png"
17:22:40.230 detox[21946] [90mi[39m /sdcard/172114422_14.png: 1 file pulled, 0 skipped. 14.1 MB/s (69693 bytes in 0.005s)

17:22:40.230 detox[21946] [90mi[39m "/Users/ips-162/Library/Android/sdk/platform-tools/adb" -s ZD22227Q7K shell "rm  \"/sdcard/172114422_14.png\""
17:22:40.294 detox[21946] [90mi[39m 
17:22:40.295 detox[21946] [90mB[39m onCreateExternalArtifact
  args: ({"pluginId":"screenshot","artifactName":"offline-test-screenshot","artifactPath":"/private/var/folders/r0/j9yltjr10ysg22c7l5sx938r0000gn/T/detox-21946-t8T4JL.detox.png"})
17:22:40.295 detox[21946] [90mi[39m starting FileArtifact
17:22:40.295 detox[21946] [90mi[39m stopping FileArtifact
17:22:40.295 detox[21946] [90mE[39m onCreateExternalArtifact
17:22:40.295 detox[21946] [90mE[39m takeScreenshot
17:22:40.295 detox[21946] [90mE[39m afterEach
17:22:40.295 detox[21946] [90mB[39m onTestDone
  args: ({"title":"should handle device orientation changes","fullName":"Edge Cases - Offline & Permission Interruptions App State Interruptions should handle device orientation changes","status":"failed","invocations":1,"timedOut":false})
17:22:40.295 detox[21946] [90mi[39m stopping ADBLogcatRecording
17:22:40.295 detox[21946] [90mi[39m starting ADBScreencapRecording
17:22:40.295 detox[21946] [90mi[39m "/Users/ips-162/Library/Android/sdk/platform-tools/adb" -s ZD22227Q7K shell "screencap /sdcard/172114422_15.png"
17:22:40.296 detox[21946] [90mi[39m "/Users/ips-162/Library/Android/sdk/platform-tools/adb" -s ZD22227Q7K shell "date +\"%m-%d %T.000\""
17:22:40.355 detox[21946] [90mi[39m 12-17 17:23:44.000

17:22:40.357 detox[21946] [90mi[39m sending SIGINT to: /Users/ips-162/Library/Android/sdk/platform-tools/adb -s ZD22227Q7K shell logcat -T "12-17 17:23:33.000" --pid=28071 -f /sdcard/172114422_12.log
17:22:40.358 detox[21946] [90mi[39m /Users/ips-162/Library/Android/sdk/platform-tools/adb -s ZD22227Q7K shell "logcat -T \"12-17 17:23:33.000\" --pid=28071 -f /sdcard/172114422_12.log" terminated with SIGINT
17:22:40.358 detox[21946] [90mi[39m saving ADBLogcatRecording to: artifacts/android.att.debug.2025-12-17 11-51-12Z/✗ Edge Cases - Offline & Permission Interruptions App State Interruptions should handle device orientation changes/device.log
17:22:40.360 detox[21946] [90mi[39m "/Users/ips-162/Library/Android/sdk/platform-tools/adb" -s ZD22227Q7K pull "/sdcard/172114422_12.log" "artifacts/android.att.debug.2025-12-17 11-51-12Z/✗ Edge Cases - Offline & Permission Interruptions App State Interruptions should handle device orientation changes/device.log"
17:22:40.380 detox[21946] [90mi[39m /sdcard/172114422_12.log: 1 file pulled, 0 skipped. 11.5 MB/s (51872 bytes in 0.004s)

17:22:40.380 detox[21946] [90mi[39m "/Users/ips-162/Library/Android/sdk/platform-tools/adb" -s ZD22227Q7K shell "rm  \"/sdcard/172114422_12.log\""
17:22:40.444 detox[21946] [90mi[39m 
17:22:40.721 detox[21946] [90mi[39m 
17:22:40.721 detox[21946] [90mi[39m stopping ADBScreencapRecording
17:22:40.721 detox[21946] [90mE[39m onTestDone
17:22:40.721 detox[21946] [90mE[39m should handle device orientation changes
17:22:40.721 detox[21946] [90mi[39m Edge Cases - Offline & Permission Interruptions > App State Interruptions: should handle device orientation changes [FAIL]
17:22:40.722 detox[21946] [90mB[39m onRunDescribeFinish
  args: ({"name":"App State Interruptions"})
17:22:40.722 detox[21946] [90mE[39m onRunDescribeFinish
17:22:40.722 detox[21946] [90mE[39m App State Interruptions
17:22:40.723 detox[21946] [90mB[39m Memory & Performance Edge Cases
17:22:40.723 detox[21946] [90mB[39m onRunDescribeStart
  args: ({"name":"Memory & Performance Edge Cases"})
17:22:40.723 detox[21946] [90mE[39m onRunDescribeStart
17:22:40.723 detox[21946] [90mB[39m should handle rapid navigation without crashes
17:22:40.723 detox[21946] [90mi[39m Edge Cases - Offline & Permission Interruptions > Memory & Performance Edge Cases: should handle rapid navigation without crashes
17:22:40.724 detox[21946] [90mB[39m onTestStart
  args: ({"title":"should handle rapid navigation without crashes","fullName":"Edge Cases - Offline & Permission Interruptions Memory & Performance Edge Cases should handle rapid navigation without crashes","status":"running","invocations":1})
17:22:40.724 detox[21946] [90mi[39m starting ADBLogcatRecording
17:22:40.725 detox[21946] [90mi[39m /Users/ips-162/Library/Android/sdk/platform-tools/adb -s ZD22227Q7K shell "logcat -T \"12-17 17:23:44.000\" --pid=28071 -f /sdcard/172114422_16.log"
17:22:40.725 detox[21946] [90mE[39m onTestStart
17:22:40.725 detox[21946] [90mB[39m beforeEach
17:22:40.725 detox[21946] [90mE[39m beforeEach
17:22:40.726 detox[21946] [90mB[39m beforeEach
17:22:40.726 detox[21946] [90mB[39m reloadReactNative
  args: ()
17:22:40.727 detox[21946] [90mi[39m send message
  data: {"type":"reactNativeReload","params":{},"messageId":-1000}
17:22:40.728 detox[21943] [90mi[39m get
  data: {"type":"reactNativeReload","params":{},"messageId":-1000}
17:22:40.728 detox[21943] [90mi[39m send
  data: {
    "type": "reactNativeReload",
    "params": {},
    "messageId": -1000
  }
17:22:40.729 detox[21946] [90mi[39m saving FileArtifact to: artifacts/android.att.debug.2025-12-17 11-51-12Z/✗ Edge Cases - Offline & Permission Interruptions App State Interruptions should handle device orientation changes/offline-test-screenshot.png
17:22:40.730 detox[21946] [90mi[39m moving "/private/var/folders/r0/j9yltjr10ysg22c7l5sx938r0000gn/T/detox-21946-t8T4JL.detox.png" to artifacts/android.att.debug.2025-12-17 11-51-12Z/✗ Edge Cases - Offline & Permission Interruptions App State Interruptions should handle device orientation changes/offline-test-screenshot.png
17:22:40.737 detox[21946] [90mi[39m saving ADBScreencapRecording to: artifacts/android.att.debug.2025-12-17 11-51-12Z/✗ Edge Cases - Offline & Permission Interruptions App State Interruptions should handle device orientation changes/testDone.png
17:22:40.737 detox[21946] [90mi[39m "/Users/ips-162/Library/Android/sdk/platform-tools/adb" -s ZD22227Q7K pull "/sdcard/172114422_15.png" "artifacts/android.att.debug.2025-12-17 11-51-12Z/✗ Edge Cases - Offline & Permission Interruptions App State Interruptions should handle device orientation changes/testDone.png"
17:22:40.765 detox[21946] [90mi[39m /sdcard/172114422_15.png: 1 file pulled, 0 skipped. 7.4 MB/s (69732 bytes in 0.009s)

17:22:40.765 detox[21946] [90mi[39m "/Users/ips-162/Library/Android/sdk/platform-tools/adb" -s ZD22227Q7K shell "rm  \"/sdcard/172114422_15.png\""
17:22:40.882 detox[21946] [90mi[39m 
17:22:40.892 detox[21946] [90mi[39m saving ADBScreencapRecording to: artifacts/android.att.debug.2025-12-17 11-51-12Z/✗ Edge Cases - Offline & Permission Interruptions App State Interruptions should handle device orientation changes/testFnFailure.png
17:22:40.892 detox[21946] [90mi[39m "/Users/ips-162/Library/Android/sdk/platform-tools/adb" -s ZD22227Q7K pull "/sdcard/172114422_13.png" "artifacts/android.att.debug.2025-12-17 11-51-12Z/✗ Edge Cases - Offline & Permission Interruptions App State Interruptions should handle device orientation changes/testFnFailure.png"
17:22:41.030 detox[21946] [90mi[39m "/Users/ips-162/Library/Android/sdk/platform-tools/adb" -s ZD22227Q7K shell du /sdcard/172114422_16.log
17:22:41.106 detox[21946] [90mi[39m /sdcard/172114422_13.png: 1 file pulled, 0 skipped. 1.8 MB/s (110656 bytes in 0.058s)

17:22:41.106 detox[21946] [90mi[39m "/Users/ips-162/Library/Android/sdk/platform-tools/adb" -s ZD22227Q7K shell "rm  \"/sdcard/172114422_13.png\""
17:22:41.128 detox[21946] [90mi[39m 0	/sdcard/172114422_16.log

17:22:41.169 detox[21943] [90mi[39m get
  data: {"messageId":-1000,"type":"ready","params":{}}
17:22:41.169 detox[21943] [90mi[39m send
  data: {
    "messageId": -1000,
    "type": "ready",
    "params": {}
  }
17:22:41.169 detox[21946] [90mi[39m get message
  data: {"messageId":-1000,"type":"ready","params":{}}
   
17:22:41.169 detox[21946] [90mE[39m reloadReactNative
17:22:41.170 detox[21946] [90mB[39m disableSynchronization
  args: ()
17:22:41.171 detox[21946] [90mi[39m send message
  data: {"type":"invoke","params":{"target":{"type":"Class","value":"com.wix.detox.espresso.EspressoDetox"},"method":"setSynchronization","args":[{"type":"boolean","value":false}]},"messageId":41}
17:22:41.172 detox[21943] [90mi[39m get
  data: {"type":"invoke","params":{"target":{"type":"Class","value":"com.wix.detox.espresso.EspressoDetox"},"method":"setSynchronization","args":[{"type":"boolean","value":false}]},"messageId":41}
17:22:41.172 detox[21943] [90mi[39m send
  data: {
    "type": "invoke",
    "params": {
      "target": {
        "type": "Class",
        "value": "com.wix.detox.espresso.EspressoDetox"
      },
      "method": "setSynchronization",
      "args": [
        {
          "type": "boolean",
          "value": false
        }
      ]
    },
    "messageId": 41
  }
17:22:41.177 detox[21943] [90mi[39m get
  data: {"messageId":41,"type":"invokeResult","params":{"result":null}}
17:22:41.177 detox[21943] [90mi[39m send
  data: {
    "messageId": 41,
    "type": "invokeResult",
    "params": {
      "result": null
    }
  }
17:22:41.177 detox[21946] [90mi[39m get message
  data: {"messageId":41,"type":"invokeResult","params":{"result":null}}
   
17:22:41.177 detox[21946] [90mE[39m disableSynchronization
17:22:41.181 detox[21946] [90mi[39m 
17:22:44.181 detox[21946] [90mB[39m enableSynchronization
  args: ()
17:22:44.181 detox[21946] [90mi[39m send message
  data: {"type":"invoke","params":{"target":{"type":"Class","value":"com.wix.detox.espresso.EspressoDetox"},"method":"setSynchronization","args":[{"type":"boolean","value":true}]},"messageId":42}
17:22:44.182 detox[21943] [90mi[39m get
  data: {"type":"invoke","params":{"target":{"type":"Class","value":"com.wix.detox.espresso.EspressoDetox"},"method":"setSynchronization","args":[{"type":"boolean","value":true}]},"messageId":42}
17:22:44.182 detox[21943] [90mi[39m send
  data: {
    "type": "invoke",
    "params": {
      "target": {
        "type": "Class",
        "value": "com.wix.detox.espresso.EspressoDetox"
      },
      "method": "setSynchronization",
      "args": [
        {
          "type": "boolean",
          "value": true
        }
      ]
    },
    "messageId": 42
  }
17:22:44.219 detox[21943] [90mi[39m get
  data: {"messageId":42,"type":"invokeResult","params":{"result":null}}
17:22:44.219 detox[21943] [90mi[39m send
  data: {
    "messageId": 42,
    "type": "invokeResult",
    "params": {
      "result": null
    }
  }
17:22:44.219 detox[21946] [90mi[39m get message
  data: {"messageId":42,"type":"invokeResult","params":{"result":null}}
   
17:22:44.220 detox[21943] [90mi[39m get
  data: {"type":"invoke","params":{"target":{"type":"Class","value":"com.wix.detox.espresso.DetoxAssertion"},"method":"waitForAssertMatcher","args":[{"type":"Invocation","value":{"target":{"type":"Class","value":"androidx.test.espresso.Espresso"},"method":"onView","args":[{"type":"Invocation","value":{"target":{"type":"Class","value":"com.wix.detox.espresso.DetoxMatcher"},"method":"matcherForTestId","args":["login-root",{"type":"boolean","value":false}]}}]}},{"type":"Invocation","value":{"target":{"type":"Class","value":"com.wix.detox.espresso.DetoxMatcher"},"method":"matcherForSufficientlyVisible","args":[{"type":"Integer","value":75}]}},{"type":"Double","value":10}]},"messageId":43}
17:22:44.220 detox[21943] [90mi[39m send
  data: {
    "type": "invoke",
    "params": {
      "target": {
        "type": "Class",
        "value": "com.wix.detox.espresso.DetoxAssertion"
      },
      "method": "waitForAssertMatcher",
      "args": [
        {
          "type": "Invocation",
          "value": {
            "target": {
              "type": "Class",
              "value": "androidx.test.espresso.Espresso"
            },
            "method": "onView",
            "args": [
              {
                "type": "Invocation",
                "value": {
                  "target": {
                    "type": "Class",
                    "value": "com.wix.detox.espresso.DetoxMatcher"
                  },
                  "method": "matcherForTestId",
                  "args": [
                    "login-root",
                    {
                      "type": "boolean",
                      "value": false
                    }
                  ]
                }
              }
            ]
          }
        },
        {
          "type": "Invocation",
          "value": {
            "target": {
              "type": "Class",
              "value": "com.wix.detox.espresso.DetoxMatcher"
            },
            "method": "matcherForSufficientlyVisible",
            "args": [
              {
                "type": "Integer",
                "value": 75
              }
            ]
          }
        },
        {
          "type": "Double",
          "value": 10
        }
      ]
    },
    "messageId": 43
  }
17:22:44.220 detox[21946] [90mE[39m enableSynchronization
17:22:44.220 detox[21946] [90mi[39m send message
  data: {"type":"invoke","params":{"target":{"type":"Class","value":"com.wix.detox.espresso.DetoxAssertion"},"method":"waitForAssertMatcher","args":[{"type":"Invocation","value":{"target":{"type":"Class","value":"androidx.test.espresso.Espresso"},"method":"onView","args":[{"type":"Invocation","value":{"target":{"type":"Class","value":"com.wix.detox.espresso.DetoxMatcher"},"method":"matcherForTestId","args":["login-root",{"type":"boolean","value":false}]}}]}},{"type":"Invocation","value":{"target":{"type":"Class","value":"com.wix.detox.espresso.DetoxMatcher"},"method":"matcherForSufficientlyVisible","args":[{"type":"Integer","value":75}]}},{"type":"Double","value":10}]},"messageId":43}
17:22:44.220 detox[21946] [90mB[39m undefined with timeout (10000 ms)
  data: {
    "target": {
      "type": "Class",
      "value": "com.wix.detox.espresso.DetoxAssertion"
    },
    "method": "waitForAssertMatcher",
    "args": [
      {
        "type": "Invocation",
        "value": {
          "target": {
            "type": "Class",
            "value": "androidx.test.espresso.Espresso"
          },
          "method": "onView",
          "args": [
            {
              "type": "Invocation",
              "value": {
                "target": {
                  "type": "Class",
                  "value": "com.wix.detox.espresso.DetoxMatcher"
                },
                "method": "matcherForTestId",
                "args": [
                  "login-root",
                  {
                    "type": "boolean",
                    "value": false
                  }
                ]
              }
            }
          ]
        }
      },
      {
        "type": "Invocation",
        "value": {
          "target": {
            "type": "Class",
            "value": "com.wix.detox.espresso.DetoxMatcher"
          },
          "method": "matcherForSufficientlyVisible",
          "args": [
            {
              "type": "Integer",
              "value": 75
            }
          ]
        }
      },
      {
        "type": "Double",
        "value": 10
      }
    ]
  }
17:22:49.273 detox[21943] [90mi[39m get
  data: {"messageId":43,"type":"invokeResult","params":{"result":null}}
17:22:49.273 detox[21943] [90mi[39m send
  data: {
    "messageId": 43,
    "type": "invokeResult",
    "params": {
      "result": null
    }
  }
17:22:49.275 detox[21946] [90mi[39m get message
  data: {"messageId":43,"type":"invokeResult","params":{"result":null}}
   
17:22:49.275 detox[21946] [90mE[39m undefined with timeout (10000 ms)
17:22:49.275 detox[21946] [90mE[39m beforeEach
17:22:49.275 detox[21946] [90mB[39m test_fn
17:22:49.276 detox[21946] [90mi[39m send message
  data: {"type":"invoke","params":{"target":{"type":"Class","value":"com.wix.detox.espresso.DetoxAssertion"},"method":"waitForAssertMatcher","args":[{"type":"Invocation","value":{"target":{"type":"Class","value":"androidx.test.espresso.Espresso"},"method":"onView","args":[{"type":"Invocation","value":{"target":{"type":"Class","value":"com.wix.detox.espresso.DetoxMatcher"},"method":"matcherForText","args":["Welcome Back",{"type":"boolean","value":false}]}}]}},{"type":"Invocation","value":{"target":{"type":"Class","value":"com.wix.detox.espresso.DetoxMatcher"},"method":"matcherForSufficientlyVisible","args":[{"type":"Integer","value":75}]}},{"type":"Double","value":10}]},"messageId":44}
17:22:49.277 detox[21943] [90mi[39m get
  data: {"type":"invoke","params":{"target":{"type":"Class","value":"com.wix.detox.espresso.DetoxAssertion"},"method":"waitForAssertMatcher","args":[{"type":"Invocation","value":{"target":{"type":"Class","value":"androidx.test.espresso.Espresso"},"method":"onView","args":[{"type":"Invocation","value":{"target":{"type":"Class","value":"com.wix.detox.espresso.DetoxMatcher"},"method":"matcherForText","args":["Welcome Back",{"type":"boolean","value":false}]}}]}},{"type":"Invocation","value":{"target":{"type":"Class","value":"com.wix.detox.espresso.DetoxMatcher"},"method":"matcherForSufficientlyVisible","args":[{"type":"Integer","value":75}]}},{"type":"Double","value":10}]},"messageId":44}
17:22:49.277 detox[21943] [90mi[39m send
  data: {
    "type": "invoke",
    "params": {
      "target": {
        "type": "Class",
        "value": "com.wix.detox.espresso.DetoxAssertion"
      },
      "method": "waitForAssertMatcher",
      "args": [
        {
          "type": "Invocation",
          "value": {
            "target": {
              "type": "Class",
              "value": "androidx.test.espresso.Espresso"
            },
            "method": "onView",
            "args": [
              {
                "type": "Invocation",
                "value": {
                  "target": {
                    "type": "Class",
                    "value": "com.wix.detox.espresso.DetoxMatcher"
                  },
                  "method": "matcherForText",
                  "args": [
                    "Welcome Back",
                    {
                      "type": "boolean",
                      "value": false
                    }
                  ]
                }
              }
            ]
          }
        },
        {
          "type": "Invocation",
          "value": {
            "target": {
              "type": "Class",
              "value": "com.wix.detox.espresso.DetoxMatcher"
            },
            "method": "matcherForSufficientlyVisible",
            "args": [
              {
                "type": "Integer",
                "value": 75
              }
            ]
          }
        },
        {
          "type": "Double",
          "value": 10
        }
      ]
    },
    "messageId": 44
  }
17:22:49.277 detox[21946] [90mB[39m undefined with timeout (10000 ms)
  data: {
    "target": {
      "type": "Class",
      "value": "com.wix.detox.espresso.DetoxAssertion"
    },
    "method": "waitForAssertMatcher",
    "args": [
      {
        "type": "Invocation",
        "value": {
          "target": {
            "type": "Class",
            "value": "androidx.test.espresso.Espresso"
          },
          "method": "onView",
          "args": [
            {
              "type": "Invocation",
              "value": {
                "target": {
                  "type": "Class",
                  "value": "com.wix.detox.espresso.DetoxMatcher"
                },
                "method": "matcherForText",
                "args": [
                  "Welcome Back",
                  {
                    "type": "boolean",
                    "value": false
                  }
                ]
              }
            }
          ]
        }
      },
      {
        "type": "Invocation",
        "value": {
          "target": {
            "type": "Class",
            "value": "com.wix.detox.espresso.DetoxMatcher"
          },
          "method": "matcherForSufficientlyVisible",
          "args": [
            {
              "type": "Integer",
              "value": 75
            }
          ]
        }
      },
      {
        "type": "Double",
        "value": 10
      }
    ]
  }
17:22:49.326 detox[21943] [90mi[39m get
  data: {"messageId":44,"type":"invokeResult","params":{"result":null}}
17:22:49.326 detox[21943] [90mi[39m send
  data: {
    "messageId": 44,
    "type": "invokeResult",
    "params": {
      "result": null
    }
  }
17:22:49.326 detox[21946] [90mi[39m get message
  data: {"messageId":44,"type":"invokeResult","params":{"result":null}}
   
17:22:49.327 detox[21943] [90mi[39m get
  data: {"type":"invoke","params":{"target":{"type":"Class","value":"com.wix.detox.espresso.EspressoDetox"},"method":"perform","args":[{"type":"Invocation","value":{"target":{"type":"Class","value":"com.wix.detox.espresso.DetoxMatcher"},"method":"matcherForTestId","args":["email-input",{"type":"boolean","value":false}]}},{"type":"Invocation","value":{"target":{"type":"Class","value":"com.wix.detox.espresso.DetoxViewActions"},"method":"typeText","args":["john@gmail.com"]}}]},"messageId":45}
17:22:49.327 detox[21943] [90mi[39m send
  data: {
    "type": "invoke",
    "params": {
      "target": {
        "type": "Class",
        "value": "com.wix.detox.espresso.EspressoDetox"
      },
      "method": "perform",
      "args": [
        {
          "type": "Invocation",
          "value": {
            "target": {
              "type": "Class",
              "value": "com.wix.detox.espresso.DetoxMatcher"
            },
            "method": "matcherForTestId",
            "args": [
              "email-input",
              {
                "type": "boolean",
                "value": false
              }
            ]
          }
        },
        {
          "type": "Invocation",
          "value": {
            "target": {
              "type": "Class",
              "value": "com.wix.detox.espresso.DetoxViewActions"
            },
            "method": "typeText",
            "args": [
              "john@gmail.com"
            ]
          }
        }
      ]
    },
    "messageId": 45
  }
17:22:49.327 detox[21946] [90mE[39m undefined with timeout (10000 ms)
17:22:49.327 detox[21946] [90mi[39m send message
  data: {"type":"invoke","params":{"target":{"type":"Class","value":"com.wix.detox.espresso.EspressoDetox"},"method":"perform","args":[{"type":"Invocation","value":{"target":{"type":"Class","value":"com.wix.detox.espresso.DetoxMatcher"},"method":"matcherForTestId","args":["email-input",{"type":"boolean","value":false}]}},{"type":"Invocation","value":{"target":{"type":"Class","value":"com.wix.detox.espresso.DetoxViewActions"},"method":"typeText","args":["john@gmail.com"]}}]},"messageId":45}
17:22:49.327 detox[21946] [90mB[39m type input text: "john@gmail.com"
  data: {
    "target": {
      "type": "Class",
      "value": "com.wix.detox.espresso.EspressoDetox"
    },
    "method": "perform",
    "args": [
      {
        "type": "Invocation",
        "value": {
          "target": {
            "type": "Class",
            "value": "com.wix.detox.espresso.DetoxMatcher"
          },
          "method": "matcherForTestId",
          "args": [
            "email-input",
            {
              "type": "boolean",
              "value": false
            }
          ]
        }
      },
      {
        "type": "Invocation",
        "value": {
          "target": {
            "type": "Class",
            "value": "com.wix.detox.espresso.DetoxViewActions"
          },
          "method": "typeText",
          "args": [
            "john@gmail.com"
          ]
        }
      }
    ]
  }
17:22:50.659 detox[21943] [90mi[39m get
  data: {"messageId":45,"type":"invokeResult","params":{"result":null}}
17:22:50.659 detox[21943] [90mi[39m send
  data: {
    "messageId": 45,
    "type": "invokeResult",
    "params": {
      "result": null
    }
  }
17:22:50.659 detox[21946] [90mi[39m get message
  data: {"messageId":45,"type":"invokeResult","params":{"result":null}}
   
17:22:50.659 detox[21946] [90mE[39m type input text: "john@gmail.com"
17:22:50.660 detox[21943] [90mi[39m get
  data: {"type":"invoke","params":{"target":{"type":"Class","value":"com.wix.detox.espresso.EspressoDetox"},"method":"perform","args":[{"type":"Invocation","value":{"target":{"type":"Class","value":"com.wix.detox.espresso.DetoxMatcher"},"method":"matcherForTestId","args":["password-input",{"type":"boolean","value":false}]}},{"type":"Invocation","value":{"target":{"type":"Class","value":"com.wix.detox.espresso.DetoxViewActions"},"method":"typeText","args":["Password123!"]}}]},"messageId":46}
17:22:50.660 detox[21943] [90mi[39m send
  data: {
    "type": "invoke",
    "params": {
      "target": {
        "type": "Class",
        "value": "com.wix.detox.espresso.EspressoDetox"
      },
      "method": "perform",
      "args": [
        {
          "type": "Invocation",
          "value": {
            "target": {
              "type": "Class",
              "value": "com.wix.detox.espresso.DetoxMatcher"
            },
            "method": "matcherForTestId",
            "args": [
              "password-input",
              {
                "type": "boolean",
                "value": false
              }
            ]
          }
        },
        {
          "type": "Invocation",
          "value": {
            "target": {
              "type": "Class",
              "value": "com.wix.detox.espresso.DetoxViewActions"
            },
            "method": "typeText",
            "args": [
              "Password123!"
            ]
          }
        }
      ]
    },
    "messageId": 46
  }
17:22:50.660 detox[21946] [90mi[39m send message
  data: {"type":"invoke","params":{"target":{"type":"Class","value":"com.wix.detox.espresso.EspressoDetox"},"method":"perform","args":[{"type":"Invocation","value":{"target":{"type":"Class","value":"com.wix.detox.espresso.DetoxMatcher"},"method":"matcherForTestId","args":["password-input",{"type":"boolean","value":false}]}},{"type":"Invocation","value":{"target":{"type":"Class","value":"com.wix.detox.espresso.DetoxViewActions"},"method":"typeText","args":["Password123!"]}}]},"messageId":46}
17:22:50.660 detox[21946] [90mB[39m type input text: "Password123!"
  data: {
    "target": {
      "type": "Class",
      "value": "com.wix.detox.espresso.EspressoDetox"
    },
    "method": "perform",
    "args": [
      {
        "type": "Invocation",
        "value": {
          "target": {
            "type": "Class",
            "value": "com.wix.detox.espresso.DetoxMatcher"
          },
          "method": "matcherForTestId",
          "args": [
            "password-input",
            {
              "type": "boolean",
              "value": false
            }
          ]
        }
      },
      {
        "type": "Invocation",
        "value": {
          "target": {
            "type": "Class",
            "value": "com.wix.detox.espresso.DetoxViewActions"
          },
          "method": "typeText",
          "args": [
            "Password123!"
          ]
        }
      }
    ]
  }
17:22:50.681 detox[21943] [90mi[39m get
  data: {"messageId":46,"type":"testFailed","params":{"details":"Action will not be performed because the target view does not match one or more of the following constraints:\n((view has effective visibility <VISIBLE> and view.getGlobalVisibleRect() covers at least <75> percent of the view's area) and (((view has effective visibility <VISIBLE> and view.getGlobalVisibleRect() to return non-empty rectangle)) and (view.onCreateInputConnection() is not null or is assignable from class <class android.widget.SearchView>)))\nTarget view: \"ReactEditText{id=52, desc=Password input field, visibility=VISIBLE, width=1974, height=151, has-focus=false, has-focusable=true, has-window-focus=true, is-clickable=true, is-enabled=true, is-focused=false, is-focusable=true, is-layout-requested=false, is-selected=false, layout-params=android.view.ViewGroup$LayoutParams@YYYYYY, tag=password-input, root-is-layout-requested=false, has-input-connection=true, editor-info=[inputType=0x80081 imeOptions=0x4000006 privateImeOptions=null actionLabel=null actionId=0 initialSelStart=0 initialSelEnd=0 initialCapsMode=0x0 hintText=Enter your password label=null packageName=null autofillId=null fieldId=0 fieldName=null extras=Bundle[{android.support.text.emoji.emojiCompat_metadataVersion=11, android.support.text.emoji.emojiCompat_replaceAll=false}] hintLocales=null contentMimeTypes=null ], x=64.0, y=930.0, text=, hint=Enter your password, input-type=524417, ime-target=false, has-links=false}\"\n","viewHierarchy":null}}
17:22:50.681 detox[21943] [90mi[39m send
  data: {
    "messageId": 46,
    "type": "testFailed",
    "params": {
      "details": "Action will not be performed because the target view does not match one or more of the following constraints:\n((view has effective visibility <VISIBLE> and view.getGlobalVisibleRect() covers at least <75> percent of the view's area) and (((view has effective visibility <VISIBLE> and view.getGlobalVisibleRect() to return non-empty rectangle)) and (view.onCreateInputConnection() is not null or is assignable from class <class android.widget.SearchView>)))\nTarget view: \"ReactEditText{id=52, desc=Password input field, visibility=VISIBLE, width=1974, height=151, has-focus=false, has-focusable=true, has-window-focus=true, is-clickable=true, is-enabled=true, is-focused=false, is-focusable=true, is-layout-requested=false, is-selected=false, layout-params=android.view.ViewGroup$LayoutParams@YYYYYY, tag=password-input, root-is-layout-requested=false, has-input-connection=true, editor-info=[inputType=0x80081 imeOptions=0x4000006 privateImeOptions=null actionLabel=null actionId=0 initialSelStart=0 initialSelEnd=0 initialCapsMode=0x0 hintText=Enter your password label=null packageName=null autofillId=null fieldId=0 fieldName=null extras=Bundle[{android.support.text.emoji.emojiCompat_metadataVersion=11, android.support.text.emoji.emojiCompat_replaceAll=false}] hintLocales=null contentMimeTypes=null ], x=64.0, y=930.0, text=, hint=Enter your password, input-type=524417, ime-target=false, has-links=false}\"\n",
      "viewHierarchy": null
    }
  }
17:22:50.682 detox[21946] [90mi[39m get message
  data: {"messageId":46,"type":"testFailed","params":{"details":"Action will not be performed because the target view does not match one or more of the following constraints:\n((view has effective visibility <VISIBLE> and view.getGlobalVisibleRect() covers at least <75> percent of the view's area) and (((view has effective visibility <VISIBLE> and view.getGlobalVisibleRect() to return non-empty rectangle)) and (view.onCreateInputConnection() is not null or is assignable from class <class android.widget.SearchView>)))\nTarget view: \"ReactEditText{id=52, desc=Password input field, visibility=VISIBLE, width=1974, height=151, has-focus=false, has-focusable=true, has-window-focus=true, is-clickable=true, is-enabled=true, is-focused=false, is-focusable=true, is-layout-requested=false, is-selected=false, layout-params=android.view.ViewGroup$LayoutParams@YYYYYY, tag=password-input, root-is-layout-requested=false, has-input-connection=true, editor-info=[inputType=0x80081 imeOptions=0x4000006 privateImeOptions=null actionLabel=null actionId=0 initialSelStart=0 initialSelEnd=0 initialCapsMode=0x0 hintText=Enter your password label=null packageName=null autofillId=null fieldId=0 fieldName=null extras=Bundle[{android.support.text.emoji.emojiCompat_metadataVersion=11, android.support.text.emoji.emojiCompat_replaceAll=false}] hintLocales=null contentMimeTypes=null ], x=64.0, y=930.0, text=, hint=Enter your password, input-type=524417, ime-target=false, has-links=false}\"\n","viewHierarchy":null}}
   
17:22:50.682 detox[21946] [90mE[39m type input text: "Password123!"
  error: Test Failed: Action will not be performed because the target view does not match one or more of the following constraints:
  ((view has effective visibility <VISIBLE> and view.getGlobalVisibleRect() covers at least <75> percent of the view's area) and (((view has effective visibility <VISIBLE> and view.getGlobalVisibleRect() to return non-empty rectangle)) and (view.onCreateInputConnection() is not null or is assignable from class <class android.widget.SearchView>)))
  Target view: "ReactEditText{id=52, desc=Password input field, visibility=VISIBLE, width=1974, height=151, has-focus=false, has-focusable=true, has-window-focus=true, is-clickable=true, is-enabled=true, is-focused=false, is-focusable=true, is-layout-requested=false, is-selected=false, layout-params=android.view.ViewGroup$LayoutParams@YYYYYY, tag=password-input, root-is-layout-requested=false, has-input-connection=true, editor-info=[inputType=0x80081 imeOptions=0x4000006 privateImeOptions=null actionLabel=null actionId=0 initialSelStart=0 initialSelEnd=0 initialCapsMode=0x0 hintText=Enter your password label=null packageName=null autofillId=null fieldId=0 fieldName=null extras=Bundle[{android.support.text.emoji.emojiCompat_metadataVersion=11, android.support.text.emoji.emojiCompat_replaceAll=false}] hintLocales=null contentMimeTypes=null ], x=64.0, y=930.0, text=, hint=Enter your password, input-type=524417, ime-target=false, has-links=false}"
  
17:22:50.682 detox[21946] [90mB[39m onTestFnFailure
  args: ({"error":{"name":"DetoxRuntimeError"}})
17:22:50.682 detox[21946] [90mi[39m starting ADBScreencapRecording
17:22:50.682 detox[21946] [90mi[39m "/Users/ips-162/Library/Android/sdk/platform-tools/adb" -s ZD22227Q7K shell "screencap /sdcard/172114422_17.png"
17:22:51.152 detox[21946] [90mi[39m 
17:22:51.152 detox[21946] [90mi[39m stopping ADBScreencapRecording
17:22:51.152 detox[21946] [90mE[39m onTestFnFailure
17:22:51.152 detox[21946] [90mE[39m test_fn
  error: Test Failed: Action will not be performed because the target view does not match one or more of the following constraints:
  ((view has effective visibility <VISIBLE> and view.getGlobalVisibleRect() covers at least <75> percent of the view's area) and (((view has effective visibility <VISIBLE> and view.getGlobalVisibleRect() to return non-empty rectangle)) and (view.onCreateInputConnection() is not null or is assignable from class <class android.widget.SearchView>)))
  Target view: "ReactEditText{id=52, desc=Password input field, visibility=VISIBLE, width=1974, height=151, has-focus=false, has-focusable=true, has-window-focus=true, is-clickable=true, is-enabled=true, is-focused=false, is-focusable=true, is-layout-requested=false, is-selected=false, layout-params=android.view.ViewGroup$LayoutParams@YYYYYY, tag=password-input, root-is-layout-requested=false, has-input-connection=true, editor-info=[inputType=0x80081 imeOptions=0x4000006 privateImeOptions=null actionLabel=null actionId=0 initialSelStart=0 initialSelEnd=0 initialCapsMode=0x0 hintText=Enter your password label=null packageName=null autofillId=null fieldId=0 fieldName=null extras=Bundle[{android.support.text.emoji.emojiCompat_metadataVersion=11, android.support.text.emoji.emojiCompat_replaceAll=false}] hintLocales=null contentMimeTypes=null ], x=64.0, y=930.0, text=, hint=Enter your password, input-type=524417, ime-target=false, has-links=false}"
  
17:22:51.152 detox[21946] [90mB[39m afterEach
17:22:51.152 detox[21946] [90mB[39m takeScreenshot
  args: ("offline-test-screenshot")
17:22:51.153 detox[21946] [90mi[39m "/Users/ips-162/Library/Android/sdk/platform-tools/adb" -s ZD22227Q7K shell "screencap /sdcard/172114422_18.png"
17:22:51.662 detox[21946] [90mi[39m 
17:22:51.663 detox[21946] [90mi[39m "/Users/ips-162/Library/Android/sdk/platform-tools/adb" -s ZD22227Q7K pull "/sdcard/172114422_18.png" "/private/var/folders/r0/j9yltjr10ysg22c7l5sx938r0000gn/T/detox-21946-znl6Q0.detox.png"
17:22:51.687 detox[21946] [90mi[39m /sdcard/172114422_18.png: 1 file pulled, 0 skipped. 18.5 MB/s (105017 bytes in 0.005s)

17:22:51.687 detox[21946] [90mi[39m "/Users/ips-162/Library/Android/sdk/platform-tools/adb" -s ZD22227Q7K shell "rm  \"/sdcard/172114422_18.png\""
17:22:51.748 detox[21946] [90mi[39m 
17:22:51.748 detox[21946] [90mB[39m onCreateExternalArtifact
  args: ({"pluginId":"screenshot","artifactName":"offline-test-screenshot","artifactPath":"/private/var/folders/r0/j9yltjr10ysg22c7l5sx938r0000gn/T/detox-21946-znl6Q0.detox.png"})
17:22:51.748 detox[21946] [90mi[39m starting FileArtifact
17:22:51.748 detox[21946] [90mi[39m stopping FileArtifact
17:22:51.748 detox[21946] [90mE[39m onCreateExternalArtifact
17:22:51.748 detox[21946] [90mE[39m takeScreenshot
17:22:51.748 detox[21946] [90mE[39m afterEach
17:22:51.748 detox[21946] [90mB[39m onTestDone
  args: ({"title":"should handle rapid navigation without crashes","fullName":"Edge Cases - Offline & Permission Interruptions Memory & Performance Edge Cases should handle rapid navigation without crashes","status":"failed","invocations":1,"timedOut":false})
17:22:51.748 detox[21946] [90mi[39m stopping ADBLogcatRecording
17:22:51.748 detox[21946] [90mi[39m starting ADBScreencapRecording
17:22:51.749 detox[21946] [90mi[39m "/Users/ips-162/Library/Android/sdk/platform-tools/adb" -s ZD22227Q7K shell "screencap /sdcard/172114422_19.png"
17:22:51.749 detox[21946] [90mi[39m "/Users/ips-162/Library/Android/sdk/platform-tools/adb" -s ZD22227Q7K shell "date +\"%m-%d %T.000\""
17:22:51.817 detox[21946] [90mi[39m 12-17 17:23:55.000

17:22:51.818 detox[21946] [90mi[39m sending SIGINT to: /Users/ips-162/Library/Android/sdk/platform-tools/adb -s ZD22227Q7K shell logcat -T "12-17 17:23:44.000" --pid=28071 -f /sdcard/172114422_16.log
17:22:51.819 detox[21946] [90mi[39m /Users/ips-162/Library/Android/sdk/platform-tools/adb -s ZD22227Q7K shell "logcat -T \"12-17 17:23:44.000\" --pid=28071 -f /sdcard/172114422_16.log" terminated with SIGINT
17:22:51.819 detox[21946] [90mi[39m saving ADBLogcatRecording to: artifacts/android.att.debug.2025-12-17 11-51-12Z/✗ Edge Cases - Offline & Permission Interruptions Memory & Performance Edge Cases should handle rapid navigation without crashes/device.log
17:22:51.820 detox[21946] [90mi[39m "/Users/ips-162/Library/Android/sdk/platform-tools/adb" -s ZD22227Q7K pull "/sdcard/172114422_16.log" "artifacts/android.att.debug.2025-12-17 11-51-12Z/✗ Edge Cases - Offline & Permission Interruptions Memory & Performance Edge Cases should handle rapid navigation without crashes/device.log"
17:22:51.842 detox[21946] [90mi[39m /sdcard/172114422_16.log: 1 file pulled, 0 skipped. 11.9 MB/s (48630 bytes in 0.004s)

17:22:51.842 detox[21946] [90mi[39m "/Users/ips-162/Library/Android/sdk/platform-tools/adb" -s ZD22227Q7K shell "rm  \"/sdcard/172114422_16.log\""
17:22:51.914 detox[21946] [90mi[39m 
17:22:52.203 detox[21946] [90mi[39m 
17:22:52.203 detox[21946] [90mi[39m stopping ADBScreencapRecording
17:22:52.203 detox[21946] [90mE[39m onTestDone
17:22:52.203 detox[21946] [90mE[39m should handle rapid navigation without crashes
17:22:52.203 detox[21946] [90mi[39m Edge Cases - Offline & Permission Interruptions > Memory & Performance Edge Cases: should handle rapid navigation without crashes [FAIL]
17:22:52.204 detox[21946] [90mB[39m should handle multiple login attempts
17:22:52.204 detox[21946] [90mi[39m Edge Cases - Offline & Permission Interruptions > Memory & Performance Edge Cases: should handle multiple login attempts
17:22:52.204 detox[21946] [90mB[39m onTestStart
  args: ({"title":"should handle multiple login attempts","fullName":"Edge Cases - Offline & Permission Interruptions Memory & Performance Edge Cases should handle multiple login attempts","status":"running","invocations":1})
17:22:52.205 detox[21946] [90mi[39m starting ADBLogcatRecording
17:22:52.206 detox[21946] [90mi[39m /Users/ips-162/Library/Android/sdk/platform-tools/adb -s ZD22227Q7K shell "logcat -T \"12-17 17:23:55.000\" --pid=28071 -f /sdcard/172114422_20.log"
17:22:52.206 detox[21946] [90mE[39m onTestStart
17:22:52.206 detox[21946] [90mB[39m beforeEach
17:22:52.206 detox[21946] [90mE[39m beforeEach
17:22:52.206 detox[21946] [90mB[39m beforeEach
17:22:52.206 detox[21946] [90mB[39m reloadReactNative
  args: ()
17:22:52.207 detox[21946] [90mi[39m send message
  data: {"type":"reactNativeReload","params":{},"messageId":-1000}
17:22:52.208 detox[21943] [90mi[39m get
  data: {"type":"reactNativeReload","params":{},"messageId":-1000}
17:22:52.208 detox[21943] [90mi[39m send
  data: {
    "type": "reactNativeReload",
    "params": {},
    "messageId": -1000
  }
17:22:52.208 detox[21946] [90mi[39m saving FileArtifact to: artifacts/android.att.debug.2025-12-17 11-51-12Z/✗ Edge Cases - Offline & Permission Interruptions Memory & Performance Edge Cases should handle rapid navigation without crashes/offline-test-screenshot.png
17:22:52.209 detox[21946] [90mi[39m moving "/private/var/folders/r0/j9yltjr10ysg22c7l5sx938r0000gn/T/detox-21946-znl6Q0.detox.png" to artifacts/android.att.debug.2025-12-17 11-51-12Z/✗ Edge Cases - Offline & Permission Interruptions Memory & Performance Edge Cases should handle rapid navigation without crashes/offline-test-screenshot.png
17:22:52.213 detox[21946] [90mi[39m saving ADBScreencapRecording to: artifacts/android.att.debug.2025-12-17 11-51-12Z/✗ Edge Cases - Offline & Permission Interruptions Memory & Performance Edge Cases should handle rapid navigation without crashes/testDone.png
17:22:52.213 detox[21946] [90mi[39m "/Users/ips-162/Library/Android/sdk/platform-tools/adb" -s ZD22227Q7K pull "/sdcard/172114422_19.png" "artifacts/android.att.debug.2025-12-17 11-51-12Z/✗ Edge Cases - Offline & Permission Interruptions Memory & Performance Edge Cases should handle rapid navigation without crashes/testDone.png"
17:22:52.256 detox[21946] [90mi[39m /sdcard/172114422_19.png: 1 file pulled, 0 skipped. 13.7 MB/s (105073 bytes in 0.007s)

17:22:52.256 detox[21946] [90mi[39m "/Users/ips-162/Library/Android/sdk/platform-tools/adb" -s ZD22227Q7K shell "rm  \"/sdcard/172114422_19.png\""
17:22:52.336 detox[21946] [90mi[39m 
17:22:52.336 detox[21946] [90mi[39m saving ADBScreencapRecording to: artifacts/android.att.debug.2025-12-17 11-51-12Z/✗ Edge Cases - Offline & Permission Interruptions Memory & Performance Edge Cases should handle rapid navigation without crashes/testFnFailure.png
17:22:52.336 detox[21946] [90mi[39m "/Users/ips-162/Library/Android/sdk/platform-tools/adb" -s ZD22227Q7K pull "/sdcard/172114422_17.png" "artifacts/android.att.debug.2025-12-17 11-51-12Z/✗ Edge Cases - Offline & Permission Interruptions Memory & Performance Edge Cases should handle rapid navigation without crashes/testFnFailure.png"
17:22:52.436 detox[21946] [90mi[39m /sdcard/172114422_17.png: 1 file pulled, 0 skipped. 5.2 MB/s (105073 bytes in 0.019s)

17:22:52.436 detox[21946] [90mi[39m "/Users/ips-162/Library/Android/sdk/platform-tools/adb" -s ZD22227Q7K shell "rm  \"/sdcard/172114422_17.png\""
17:22:52.508 detox[21946] [90mi[39m "/Users/ips-162/Library/Android/sdk/platform-tools/adb" -s ZD22227Q7K shell du /sdcard/172114422_20.log
17:22:52.515 detox[21946] [90mi[39m 
17:22:52.589 detox[21946] [90mi[39m 0	/sdcard/172114422_20.log

17:22:52.739 detox[21943] [90mi[39m get
  data: {"messageId":-1000,"type":"ready","params":{}}
17:22:52.739 detox[21943] [90mi[39m send
  data: {
    "messageId": -1000,
    "type": "ready",
    "params": {}
  }
17:22:52.739 detox[21946] [90mi[39m get message
  data: {"messageId":-1000,"type":"ready","params":{}}
   
17:22:52.739 detox[21946] [90mE[39m reloadReactNative
17:22:52.739 detox[21946] [90mB[39m disableSynchronization
  args: ()
17:22:52.741 detox[21943] [90mi[39m get
  data: {"type":"invoke","params":{"target":{"type":"Class","value":"com.wix.detox.espresso.EspressoDetox"},"method":"setSynchronization","args":[{"type":"boolean","value":false}]},"messageId":47}
17:22:52.741 detox[21943] [90mi[39m send
  data: {
    "type": "invoke",
    "params": {
      "target": {
        "type": "Class",
        "value": "com.wix.detox.espresso.EspressoDetox"
      },
      "method": "setSynchronization",
      "args": [
        {
          "type": "boolean",
          "value": false
        }
      ]
    },
    "messageId": 47
  }
17:22:52.741 detox[21946] [90mi[39m send message
  data: {"type":"invoke","params":{"target":{"type":"Class","value":"com.wix.detox.espresso.EspressoDetox"},"method":"setSynchronization","args":[{"type":"boolean","value":false}]},"messageId":47}
17:22:52.747 detox[21943] [90mi[39m get
  data: {"messageId":47,"type":"invokeResult","params":{"result":null}}
17:22:52.747 detox[21943] [90mi[39m send
  data: {
    "messageId": 47,
    "type": "invokeResult",
    "params": {
      "result": null
    }
  }
17:22:52.747 detox[21946] [90mi[39m get message
  data: {"messageId":47,"type":"invokeResult","params":{"result":null}}
   
17:22:52.748 detox[21946] [90mE[39m disableSynchronization
17:22:55.749 detox[21946] [90mB[39m enableSynchronization
  args: ()
17:22:55.749 detox[21946] [90mi[39m send message
  data: {"type":"invoke","params":{"target":{"type":"Class","value":"com.wix.detox.espresso.EspressoDetox"},"method":"setSynchronization","args":[{"type":"boolean","value":true}]},"messageId":48}
17:22:55.750 detox[21943] [90mi[39m get
  data: {"type":"invoke","params":{"target":{"type":"Class","value":"com.wix.detox.espresso.EspressoDetox"},"method":"setSynchronization","args":[{"type":"boolean","value":true}]},"messageId":48}
17:22:55.750 detox[21943] [90mi[39m send
  data: {
    "type": "invoke",
    "params": {
      "target": {
        "type": "Class",
        "value": "com.wix.detox.espresso.EspressoDetox"
      },
      "method": "setSynchronization",
      "args": [
        {
          "type": "boolean",
          "value": true
        }
      ]
    },
    "messageId": 48
  }
17:22:55.792 detox[21943] [90mi[39m get
  data: {"messageId":48,"type":"invokeResult","params":{"result":null}}
17:22:55.792 detox[21943] [90mi[39m send
  data: {
    "messageId": 48,
    "type": "invokeResult",
    "params": {
      "result": null
    }
  }
17:22:55.792 detox[21946] [90mi[39m get message
  data: {"messageId":48,"type":"invokeResult","params":{"result":null}}
   
17:22:55.792 detox[21946] [90mE[39m enableSynchronization
17:22:55.793 detox[21943] [90mi[39m get
  data: {"type":"invoke","params":{"target":{"type":"Class","value":"com.wix.detox.espresso.DetoxAssertion"},"method":"waitForAssertMatcher","args":[{"type":"Invocation","value":{"target":{"type":"Class","value":"androidx.test.espresso.Espresso"},"method":"onView","args":[{"type":"Invocation","value":{"target":{"type":"Class","value":"com.wix.detox.espresso.DetoxMatcher"},"method":"matcherForTestId","args":["login-root",{"type":"boolean","value":false}]}}]}},{"type":"Invocation","value":{"target":{"type":"Class","value":"com.wix.detox.espresso.DetoxMatcher"},"method":"matcherForSufficientlyVisible","args":[{"type":"Integer","value":75}]}},{"type":"Double","value":10}]},"messageId":49}
17:22:55.793 detox[21943] [90mi[39m send
  data: {
    "type": "invoke",
    "params": {
      "target": {
        "type": "Class",
        "value": "com.wix.detox.espresso.DetoxAssertion"
      },
      "method": "waitForAssertMatcher",
      "args": [
        {
          "type": "Invocation",
          "value": {
            "target": {
              "type": "Class",
              "value": "androidx.test.espresso.Espresso"
            },
            "method": "onView",
            "args": [
              {
                "type": "Invocation",
                "value": {
                  "target": {
                    "type": "Class",
                    "value": "com.wix.detox.espresso.DetoxMatcher"
                  },
                  "method": "matcherForTestId",
                  "args": [
                    "login-root",
                    {
                      "type": "boolean",
                      "value": false
                    }
                  ]
                }
              }
            ]
          }
        },
        {
          "type": "Invocation",
          "value": {
            "target": {
              "type": "Class",
              "value": "com.wix.detox.espresso.DetoxMatcher"
            },
            "method": "matcherForSufficientlyVisible",
            "args": [
              {
                "type": "Integer",
                "value": 75
              }
            ]
          }
        },
        {
          "type": "Double",
          "value": 10
        }
      ]
    },
    "messageId": 49
  }
17:22:55.793 detox[21946] [90mi[39m send message
  data: {"type":"invoke","params":{"target":{"type":"Class","value":"com.wix.detox.espresso.DetoxAssertion"},"method":"waitForAssertMatcher","args":[{"type":"Invocation","value":{"target":{"type":"Class","value":"androidx.test.espresso.Espresso"},"method":"onView","args":[{"type":"Invocation","value":{"target":{"type":"Class","value":"com.wix.detox.espresso.DetoxMatcher"},"method":"matcherForTestId","args":["login-root",{"type":"boolean","value":false}]}}]}},{"type":"Invocation","value":{"target":{"type":"Class","value":"com.wix.detox.espresso.DetoxMatcher"},"method":"matcherForSufficientlyVisible","args":[{"type":"Integer","value":75}]}},{"type":"Double","value":10}]},"messageId":49}
17:22:55.793 detox[21946] [90mB[39m undefined with timeout (10000 ms)
  data: {
    "target": {
      "type": "Class",
      "value": "com.wix.detox.espresso.DetoxAssertion"
    },
    "method": "waitForAssertMatcher",
    "args": [
      {
        "type": "Invocation",
        "value": {
          "target": {
            "type": "Class",
            "value": "androidx.test.espresso.Espresso"
          },
          "method": "onView",
          "args": [
            {
              "type": "Invocation",
              "value": {
                "target": {
                  "type": "Class",
                  "value": "com.wix.detox.espresso.DetoxMatcher"
                },
                "method": "matcherForTestId",
                "args": [
                  "login-root",
                  {
                    "type": "boolean",
                    "value": false
                  }
                ]
              }
            }
          ]
        }
      },
      {
        "type": "Invocation",
        "value": {
          "target": {
            "type": "Class",
            "value": "com.wix.detox.espresso.DetoxMatcher"
          },
          "method": "matcherForSufficientlyVisible",
          "args": [
            {
              "type": "Integer",
              "value": 75
            }
          ]
        }
      },
      {
        "type": "Double",
        "value": 10
      }
    ]
  }
17:23:00.847 detox[21943] [90mi[39m get
  data: {"messageId":49,"type":"invokeResult","params":{"result":null}}
17:23:00.847 detox[21943] [90mi[39m send
  data: {
    "messageId": 49,
    "type": "invokeResult",
    "params": {
      "result": null
    }
  }
17:23:00.848 detox[21946] [90mi[39m get message
  data: {"messageId":49,"type":"invokeResult","params":{"result":null}}
   
17:23:00.849 detox[21946] [90mE[39m undefined with timeout (10000 ms)
17:23:00.849 detox[21946] [90mE[39m beforeEach
17:23:00.849 detox[21946] [90mB[39m test_fn
17:23:00.850 detox[21946] [90mi[39m send message
  data: {"type":"invoke","params":{"target":{"type":"Class","value":"com.wix.detox.espresso.DetoxAssertion"},"method":"waitForAssertMatcher","args":[{"type":"Invocation","value":{"target":{"type":"Class","value":"androidx.test.espresso.Espresso"},"method":"onView","args":[{"type":"Invocation","value":{"target":{"type":"Class","value":"com.wix.detox.espresso.DetoxMatcher"},"method":"matcherForText","args":["Welcome Back",{"type":"boolean","value":false}]}}]}},{"type":"Invocation","value":{"target":{"type":"Class","value":"com.wix.detox.espresso.DetoxMatcher"},"method":"matcherForSufficientlyVisible","args":[{"type":"Integer","value":75}]}},{"type":"Double","value":10}]},"messageId":50}
17:23:00.851 detox[21943] [90mi[39m get
  data: {"type":"invoke","params":{"target":{"type":"Class","value":"com.wix.detox.espresso.DetoxAssertion"},"method":"waitForAssertMatcher","args":[{"type":"Invocation","value":{"target":{"type":"Class","value":"androidx.test.espresso.Espresso"},"method":"onView","args":[{"type":"Invocation","value":{"target":{"type":"Class","value":"com.wix.detox.espresso.DetoxMatcher"},"method":"matcherForText","args":["Welcome Back",{"type":"boolean","value":false}]}}]}},{"type":"Invocation","value":{"target":{"type":"Class","value":"com.wix.detox.espresso.DetoxMatcher"},"method":"matcherForSufficientlyVisible","args":[{"type":"Integer","value":75}]}},{"type":"Double","value":10}]},"messageId":50}
17:23:00.851 detox[21943] [90mi[39m send
  data: {
    "type": "invoke",
    "params": {
      "target": {
        "type": "Class",
        "value": "com.wix.detox.espresso.DetoxAssertion"
      },
      "method": "waitForAssertMatcher",
      "args": [
        {
          "type": "Invocation",
          "value": {
            "target": {
              "type": "Class",
              "value": "androidx.test.espresso.Espresso"
            },
            "method": "onView",
            "args": [
              {
                "type": "Invocation",
                "value": {
                  "target": {
                    "type": "Class",
                    "value": "com.wix.detox.espresso.DetoxMatcher"
                  },
                  "method": "matcherForText",
                  "args": [
                    "Welcome Back",
                    {
                      "type": "boolean",
                      "value": false
                    }
                  ]
                }
              }
            ]
          }
        },
        {
          "type": "Invocation",
          "value": {
            "target": {
              "type": "Class",
              "value": "com.wix.detox.espresso.DetoxMatcher"
            },
            "method": "matcherForSufficientlyVisible",
            "args": [
              {
                "type": "Integer",
                "value": 75
              }
            ]
          }
        },
        {
          "type": "Double",
          "value": 10
        }
      ]
    },
    "messageId": 50
  }
17:23:00.852 detox[21946] [90mB[39m undefined with timeout (10000 ms)
  data: {
    "target": {
      "type": "Class",
      "value": "com.wix.detox.espresso.DetoxAssertion"
    },
    "method": "waitForAssertMatcher",
    "args": [
      {
        "type": "Invocation",
        "value": {
          "target": {
            "type": "Class",
            "value": "androidx.test.espresso.Espresso"
          },
          "method": "onView",
          "args": [
            {
              "type": "Invocation",
              "value": {
                "target": {
                  "type": "Class",
                  "value": "com.wix.detox.espresso.DetoxMatcher"
                },
                "method": "matcherForText",
                "args": [
                  "Welcome Back",
                  {
                    "type": "boolean",
                    "value": false
                  }
                ]
              }
            }
          ]
        }
      },
      {
        "type": "Invocation",
        "value": {
          "target": {
            "type": "Class",
            "value": "com.wix.detox.espresso.DetoxMatcher"
          },
          "method": "matcherForSufficientlyVisible",
          "args": [
            {
              "type": "Integer",
              "value": 75
            }
          ]
        }
      },
      {
        "type": "Double",
        "value": 10
      }
    ]
  }
17:23:00.907 detox[21943] [90mi[39m get
  data: {"messageId":50,"type":"invokeResult","params":{"result":null}}
17:23:00.908 detox[21943] [90mi[39m send
  data: {
    "messageId": 50,
    "type": "invokeResult",
    "params": {
      "result": null
    }
  }
17:23:00.908 detox[21946] [90mi[39m get message
  data: {"messageId":50,"type":"invokeResult","params":{"result":null}}
   
17:23:00.908 detox[21946] [90mE[39m undefined with timeout (10000 ms)
17:23:00.909 detox[21946] [90mi[39m send message
  data: {"type":"invoke","params":{"target":{"type":"Class","value":"com.wix.detox.espresso.EspressoDetox"},"method":"perform","args":[{"type":"Invocation","value":{"target":{"type":"Class","value":"com.wix.detox.espresso.DetoxMatcher"},"method":"matcherForTestId","args":["email-input",{"type":"boolean","value":false}]}},{"type":"Invocation","value":{"target":{"type":"Class","value":"androidx.test.espresso.action.ViewActions"},"method":"clearText","args":[]}}]},"messageId":51}
17:23:00.909 detox[21946] [90mB[39m clear input text
  data: {
    "target": {
      "type": "Class",
      "value": "com.wix.detox.espresso.EspressoDetox"
    },
    "method": "perform",
    "args": [
      {
        "type": "Invocation",
        "value": {
          "target": {
            "type": "Class",
            "value": "com.wix.detox.espresso.DetoxMatcher"
          },
          "method": "matcherForTestId",
          "args": [
            "email-input",
            {
              "type": "boolean",
              "value": false
            }
          ]
        }
      },
      {
        "type": "Invocation",
        "value": {
          "target": {
            "type": "Class",
            "value": "androidx.test.espresso.action.ViewActions"
          },
          "method": "clearText",
          "args": []
        }
      }
    ]
  }
17:23:00.910 detox[21943] [90mi[39m get
  data: {"type":"invoke","params":{"target":{"type":"Class","value":"com.wix.detox.espresso.EspressoDetox"},"method":"perform","args":[{"type":"Invocation","value":{"target":{"type":"Class","value":"com.wix.detox.espresso.DetoxMatcher"},"method":"matcherForTestId","args":["email-input",{"type":"boolean","value":false}]}},{"type":"Invocation","value":{"target":{"type":"Class","value":"androidx.test.espresso.action.ViewActions"},"method":"clearText","args":[]}}]},"messageId":51}
17:23:00.910 detox[21943] [90mi[39m send
  data: {
    "type": "invoke",
    "params": {
      "target": {
        "type": "Class",
        "value": "com.wix.detox.espresso.EspressoDetox"
      },
      "method": "perform",
      "args": [
        {
          "type": "Invocation",
          "value": {
            "target": {
              "type": "Class",
              "value": "com.wix.detox.espresso.DetoxMatcher"
            },
            "method": "matcherForTestId",
            "args": [
              "email-input",
              {
                "type": "boolean",
                "value": false
              }
            ]
          }
        },
        {
          "type": "Invocation",
          "value": {
            "target": {
              "type": "Class",
              "value": "androidx.test.espresso.action.ViewActions"
            },
            "method": "clearText",
            "args": []
          }
        }
      ]
    },
    "messageId": 51
  }
17:23:00.950 detox[21943] [90mi[39m get
  data: {"messageId":51,"type":"invokeResult","params":{"result":null}}
17:23:00.950 detox[21943] [90mi[39m send
  data: {
    "messageId": 51,
    "type": "invokeResult",
    "params": {
      "result": null
    }
  }
17:23:00.951 detox[21946] [90mi[39m get message
  data: {"messageId":51,"type":"invokeResult","params":{"result":null}}
   
17:23:00.951 detox[21946] [90mE[39m clear input text
17:23:00.952 detox[21943] [90mi[39m get
  data: {"type":"invoke","params":{"target":{"type":"Class","value":"com.wix.detox.espresso.EspressoDetox"},"method":"perform","args":[{"type":"Invocation","value":{"target":{"type":"Class","value":"com.wix.detox.espresso.DetoxMatcher"},"method":"matcherForTestId","args":["password-input",{"type":"boolean","value":false}]}},{"type":"Invocation","value":{"target":{"type":"Class","value":"androidx.test.espresso.action.ViewActions"},"method":"clearText","args":[]}}]},"messageId":52}
17:23:00.952 detox[21946] [90mi[39m send message
  data: {"type":"invoke","params":{"target":{"type":"Class","value":"com.wix.detox.espresso.EspressoDetox"},"method":"perform","args":[{"type":"Invocation","value":{"target":{"type":"Class","value":"com.wix.detox.espresso.DetoxMatcher"},"method":"matcherForTestId","args":["password-input",{"type":"boolean","value":false}]}},{"type":"Invocation","value":{"target":{"type":"Class","value":"androidx.test.espresso.action.ViewActions"},"method":"clearText","args":[]}}]},"messageId":52}
17:23:00.952 detox[21946] [90mB[39m clear input text
  data: {
    "target": {
      "type": "Class",
      "value": "com.wix.detox.espresso.EspressoDetox"
    },
    "method": "perform",
    "args": [
      {
        "type": "Invocation",
        "value": {
          "target": {
            "type": "Class",
            "value": "com.wix.detox.espresso.DetoxMatcher"
          },
          "method": "matcherForTestId",
          "args": [
            "password-input",
            {
              "type": "boolean",
              "value": false
            }
          ]
        }
      },
      {
        "type": "Invocation",
        "value": {
          "target": {
            "type": "Class",
            "value": "androidx.test.espresso.action.ViewActions"
          },
          "method": "clearText",
          "args": []
        }
      }
    ]
  }
17:23:00.953 detox[21943] [90mi[39m send
  data: {
    "type": "invoke",
    "params": {
      "target": {
        "type": "Class",
        "value": "com.wix.detox.espresso.EspressoDetox"
      },
      "method": "perform",
      "args": [
        {
          "type": "Invocation",
          "value": {
            "target": {
              "type": "Class",
              "value": "com.wix.detox.espresso.DetoxMatcher"
            },
            "method": "matcherForTestId",
            "args": [
              "password-input",
              {
                "type": "boolean",
                "value": false
              }
            ]
          }
        },
        {
          "type": "Invocation",
          "value": {
            "target": {
              "type": "Class",
              "value": "androidx.test.espresso.action.ViewActions"
            },
            "method": "clearText",
            "args": []
          }
        }
      ]
    },
    "messageId": 52
  }
17:23:00.981 detox[21943] [90mi[39m get
  data: {"messageId":52,"type":"invokeResult","params":{"result":null}}
17:23:00.981 detox[21943] [90mi[39m send
  data: {
    "messageId": 52,
    "type": "invokeResult",
    "params": {
      "result": null
    }
  }
17:23:00.981 detox[21946] [90mi[39m get message
  data: {"messageId":52,"type":"invokeResult","params":{"result":null}}
   
17:23:00.983 detox[21946] [90mE[39m clear input text
17:23:00.985 detox[21946] [90mi[39m send message
  data: {"type":"invoke","params":{"target":{"type":"Class","value":"com.wix.detox.espresso.EspressoDetox"},"method":"perform","args":[{"type":"Invocation","value":{"target":{"type":"Class","value":"com.wix.detox.espresso.DetoxMatcher"},"method":"matcherForTestId","args":["email-input",{"type":"boolean","value":false}]}},{"type":"Invocation","value":{"target":{"type":"Class","value":"com.wix.detox.espresso.DetoxViewActions"},"method":"typeText","args":["wrong0@email.com"]}}]},"messageId":53}
17:23:00.986 detox[21943] [90mi[39m get
  data: {"type":"invoke","params":{"target":{"type":"Class","value":"com.wix.detox.espresso.EspressoDetox"},"method":"perform","args":[{"type":"Invocation","value":{"target":{"type":"Class","value":"com.wix.detox.espresso.DetoxMatcher"},"method":"matcherForTestId","args":["email-input",{"type":"boolean","value":false}]}},{"type":"Invocation","value":{"target":{"type":"Class","value":"com.wix.detox.espresso.DetoxViewActions"},"method":"typeText","args":["wrong0@email.com"]}}]},"messageId":53}
17:23:00.986 detox[21943] [90mi[39m send
  data: {
    "type": "invoke",
    "params": {
      "target": {
        "type": "Class",
        "value": "com.wix.detox.espresso.EspressoDetox"
      },
      "method": "perform",
      "args": [
        {
          "type": "Invocation",
          "value": {
            "target": {
              "type": "Class",
              "value": "com.wix.detox.espresso.DetoxMatcher"
            },
            "method": "matcherForTestId",
            "args": [
              "email-input",
              {
                "type": "boolean",
                "value": false
              }
            ]
          }
        },
        {
          "type": "Invocation",
          "value": {
            "target": {
              "type": "Class",
              "value": "com.wix.detox.espresso.DetoxViewActions"
            },
            "method": "typeText",
            "args": [
              "wrong0@email.com"
            ]
          }
        }
      ]
    },
    "messageId": 53
  }
17:23:00.986 detox[21946] [90mB[39m type input text: "wrong0@email.com"
  data: {
    "target": {
      "type": "Class",
      "value": "com.wix.detox.espresso.EspressoDetox"
    },
    "method": "perform",
    "args": [
      {
        "type": "Invocation",
        "value": {
          "target": {
            "type": "Class",
            "value": "com.wix.detox.espresso.DetoxMatcher"
          },
          "method": "matcherForTestId",
          "args": [
            "email-input",
            {
              "type": "boolean",
              "value": false
            }
          ]
        }
      },
      {
        "type": "Invocation",
        "value": {
          "target": {
            "type": "Class",
            "value": "com.wix.detox.espresso.DetoxViewActions"
          },
          "method": "typeText",
          "args": [
            "wrong0@email.com"
          ]
        }
      }
    ]
  }
17:23:02.299 detox[21943] [90mi[39m get
  data: {"messageId":53,"type":"testFailed","params":{"details":"Remote stack trace:\n\tat com.android.server.input.InputManagerService.injectInputEventInternal(InputManagerService.java:962)\n\tat com.android.server.input.InputManagerService.injectInputEvent(InputManagerService.java:914)\n\tat android.hardware.input.IInputManager$Stub.onTransact(IInputManager.java:644)\n\tat android.os.Binder.execTransactInternal(Binder.java:1192)\n\tat android.os.Binder.execTransact(Binder.java:1151)\n\n","viewHierarchy":null}}
17:23:02.299 detox[21943] [90mi[39m send
  data: {
    "messageId": 53,
    "type": "testFailed",
    "params": {
      "details": "Remote stack trace:\n\tat com.android.server.input.InputManagerService.injectInputEventInternal(InputManagerService.java:962)\n\tat com.android.server.input.InputManagerService.injectInputEvent(InputManagerService.java:914)\n\tat android.hardware.input.IInputManager$Stub.onTransact(IInputManager.java:644)\n\tat android.os.Binder.execTransactInternal(Binder.java:1192)\n\tat android.os.Binder.execTransact(Binder.java:1151)\n\n",
      "viewHierarchy": null
    }
  }
17:23:02.300 detox[21946] [90mi[39m get message
  data: {"messageId":53,"type":"testFailed","params":{"details":"Remote stack trace:\n\tat com.android.server.input.InputManagerService.injectInputEventInternal(InputManagerService.java:962)\n\tat com.android.server.input.InputManagerService.injectInputEvent(InputManagerService.java:914)\n\tat android.hardware.input.IInputManager$Stub.onTransact(IInputManager.java:644)\n\tat android.os.Binder.execTransactInternal(Binder.java:1192)\n\tat android.os.Binder.execTransact(Binder.java:1151)\n\n","viewHierarchy":null}}
   
17:23:02.300 detox[21946] [90mE[39m type input text: "wrong0@email.com"
  error: Test Failed: Remote stack trace:
  	at com.android.server.input.InputManagerService.injectInputEventInternal(InputManagerService.java:962)
  	at com.android.server.input.InputManagerService.injectInputEvent(InputManagerService.java:914)
  	at android.hardware.input.IInputManager$Stub.onTransact(IInputManager.java:644)
  	at android.os.Binder.execTransactInternal(Binder.java:1192)
  	at android.os.Binder.execTransact(Binder.java:1151)
  
  
17:23:02.300 detox[21946] [90mB[39m onTestFnFailure
  args: ({"error":{"name":"DetoxRuntimeError"}})
17:23:02.300 detox[21946] [90mi[39m starting ADBScreencapRecording
17:23:02.300 detox[21946] [90mi[39m "/Users/ips-162/Library/Android/sdk/platform-tools/adb" -s ZD22227Q7K shell "screencap /sdcard/172114422_21.png"
17:23:03.410 detox[21946] [90mi[39m 
17:23:03.410 detox[21946] [90mi[39m stopping ADBScreencapRecording
17:23:03.410 detox[21946] [90mE[39m onTestFnFailure
17:23:03.410 detox[21946] [90mE[39m test_fn
  error: Test Failed: Remote stack trace:
  	at com.android.server.input.InputManagerService.injectInputEventInternal(InputManagerService.java:962)
  	at com.android.server.input.InputManagerService.injectInputEvent(InputManagerService.java:914)
  	at android.hardware.input.IInputManager$Stub.onTransact(IInputManager.java:644)
  	at android.os.Binder.execTransactInternal(Binder.java:1192)
  	at android.os.Binder.execTransact(Binder.java:1151)
  
  
17:23:03.410 detox[21946] [90mB[39m afterEach
17:23:03.411 detox[21946] [90mB[39m takeScreenshot
  args: ("offline-test-screenshot")
17:23:03.412 detox[21946] [90mi[39m "/Users/ips-162/Library/Android/sdk/platform-tools/adb" -s ZD22227Q7K shell "screencap /sdcard/172114422_22.png"
17:23:03.834 detox[21946] [90mi[39m 
17:23:03.835 detox[21946] [90mi[39m "/Users/ips-162/Library/Android/sdk/platform-tools/adb" -s ZD22227Q7K pull "/sdcard/172114422_22.png" "/private/var/folders/r0/j9yltjr10ysg22c7l5sx938r0000gn/T/detox-21946-OvJ43E.detox.png"
17:23:03.868 detox[21946] [90mi[39m /sdcard/172114422_22.png: 1 file pulled, 0 skipped. 21.0 MB/s (119898 bytes in 0.005s)

17:23:03.869 detox[21946] [90mi[39m "/Users/ips-162/Library/Android/sdk/platform-tools/adb" -s ZD22227Q7K shell "rm  \"/sdcard/172114422_22.png\""
17:23:03.938 detox[21946] [90mi[39m 
17:23:03.938 detox[21946] [90mB[39m onCreateExternalArtifact
  args: ({"pluginId":"screenshot","artifactName":"offline-test-screenshot","artifactPath":"/private/var/folders/r0/j9yltjr10ysg22c7l5sx938r0000gn/T/detox-21946-OvJ43E.detox.png"})
17:23:03.938 detox[21946] [90mi[39m starting FileArtifact
17:23:03.938 detox[21946] [90mi[39m stopping FileArtifact
17:23:03.938 detox[21946] [90mE[39m onCreateExternalArtifact
17:23:03.938 detox[21946] [90mE[39m takeScreenshot
17:23:03.938 detox[21946] [90mE[39m afterEach
17:23:03.939 detox[21946] [90mB[39m onTestDone
  args: ({"title":"should handle multiple login attempts","fullName":"Edge Cases - Offline & Permission Interruptions Memory & Performance Edge Cases should handle multiple login attempts","status":"failed","invocations":1,"timedOut":false})
17:23:03.940 detox[21946] [90mi[39m stopping ADBLogcatRecording
17:23:03.940 detox[21946] [90mi[39m starting ADBScreencapRecording
17:23:03.940 detox[21946] [90mi[39m "/Users/ips-162/Library/Android/sdk/platform-tools/adb" -s ZD22227Q7K shell "screencap /sdcard/172114422_23.png"
17:23:03.944 detox[21946] [90mi[39m "/Users/ips-162/Library/Android/sdk/platform-tools/adb" -s ZD22227Q7K shell "date +\"%m-%d %T.000\""
17:23:04.038 detox[21946] [90mi[39m 12-17 17:24:07.000

17:23:04.040 detox[21946] [90mi[39m sending SIGINT to: /Users/ips-162/Library/Android/sdk/platform-tools/adb -s ZD22227Q7K shell logcat -T "12-17 17:23:55.000" --pid=28071 -f /sdcard/172114422_20.log
17:23:04.041 detox[21946] [90mi[39m /Users/ips-162/Library/Android/sdk/platform-tools/adb -s ZD22227Q7K shell "logcat -T \"12-17 17:23:55.000\" --pid=28071 -f /sdcard/172114422_20.log" terminated with SIGINT
17:23:04.041 detox[21946] [90mi[39m saving ADBLogcatRecording to: artifacts/android.att.debug.2025-12-17 11-51-12Z/✗ Edge Cases - Offline & Permission Interruptions Memory & Performance Edge Cases should handle multiple login attempts/device.log
17:23:04.041 detox[21946] [90mi[39m "/Users/ips-162/Library/Android/sdk/platform-tools/adb" -s ZD22227Q7K pull "/sdcard/172114422_20.log" "artifacts/android.att.debug.2025-12-17 11-51-12Z/✗ Edge Cases - Offline & Permission Interruptions Memory & Performance Edge Cases should handle multiple login attempts/device.log"
17:23:04.073 detox[21946] [90mi[39m /sdcard/172114422_20.log: 1 file pulled, 0 skipped. 6.7 MB/s (58177 bytes in 0.008s)

17:23:04.073 detox[21946] [90mi[39m "/Users/ips-162/Library/Android/sdk/platform-tools/adb" -s ZD22227Q7K shell "rm  \"/sdcard/172114422_20.log\""
17:23:04.151 detox[21946] [90mi[39m 
17:23:04.412 detox[21946] [90mi[39m 
17:23:04.412 detox[21946] [90mi[39m stopping ADBScreencapRecording
17:23:04.412 detox[21946] [90mE[39m onTestDone
17:23:04.413 detox[21946] [90mE[39m should handle multiple login attempts
17:23:04.413 detox[21946] [90mi[39m Edge Cases - Offline & Permission Interruptions > Memory & Performance Edge Cases: should handle multiple login attempts [FAIL]
17:23:04.414 detox[21946] [90mB[39m onRunDescribeFinish
  args: ({"name":"Memory & Performance Edge Cases"})
17:23:04.414 detox[21946] [90mE[39m onRunDescribeFinish
17:23:04.414 detox[21946] [90mE[39m Memory & Performance Edge Cases
17:23:04.414 detox[21946] [90mB[39m onRunDescribeFinish
  args: ({"name":"Edge Cases - Offline & Permission Interruptions"})
17:23:04.414 detox[21946] [90mE[39m onRunDescribeFinish
17:23:04.414 detox[21946] [90mE[39m Edge Cases - Offline & Permission Interruptions
17:23:04.414 detox[21946] [90mB[39m afterAll
17:23:04.415 detox[21946] [90mi[39m 🏁 Test suite completed
17:23:04.415 detox[21946] [90mE[39m afterAll
17:23:04.415 detox[21946] [90mB[39m onRunDescribeFinish
  args: ({"name":"ROOT_DESCRIBE_BLOCK"})
17:23:04.415 detox[21946] [90mE[39m onRunDescribeFinish
17:23:04.415 detox[21946] [90mE[39m run the tests
17:23:04.465 detox[21946] [90mB[39m tear down environment
17:23:04.466 detox[21946] [90mB[39m onBeforeCleanup
  args: ()
17:23:04.468 detox[21946] [90mi[39m saving FileArtifact to: artifacts/android.att.debug.2025-12-17 11-51-12Z/✗ Edge Cases - Offline & Permission Interruptions Memory & Performance Edge Cases should handle multiple login attempts/offline-test-screenshot.png
17:23:04.469 detox[21946] [90mi[39m moving "/private/var/folders/r0/j9yltjr10ysg22c7l5sx938r0000gn/T/detox-21946-OvJ43E.detox.png" to artifacts/android.att.debug.2025-12-17 11-51-12Z/✗ Edge Cases - Offline & Permission Interruptions Memory & Performance Edge Cases should handle multiple login attempts/offline-test-screenshot.png
17:23:04.473 detox[21946] [90mi[39m saving ADBScreencapRecording to: artifacts/android.att.debug.2025-12-17 11-51-12Z/✗ Edge Cases - Offline & Permission Interruptions Memory & Performance Edge Cases should handle multiple login attempts/testDone.png
17:23:04.474 detox[21946] [90mi[39m "/Users/ips-162/Library/Android/sdk/platform-tools/adb" -s ZD22227Q7K pull "/sdcard/172114422_23.png" "artifacts/android.att.debug.2025-12-17 11-51-12Z/✗ Edge Cases - Offline & Permission Interruptions Memory & Performance Edge Cases should handle multiple login attempts/testDone.png"
17:23:04.516 detox[21946] [90mi[39m /sdcard/172114422_23.png: 1 file pulled, 0 skipped. 18.0 MB/s (163649 bytes in 0.009s)

17:23:04.516 detox[21946] [90mi[39m "/Users/ips-162/Library/Android/sdk/platform-tools/adb" -s ZD22227Q7K shell "rm  \"/sdcard/172114422_23.png\""
17:23:04.610 detox[21946] [90mi[39m 
17:23:04.611 detox[21946] [90mi[39m saving ADBScreencapRecording to: artifacts/android.att.debug.2025-12-17 11-51-12Z/✗ Edge Cases - Offline & Permission Interruptions Memory & Performance Edge Cases should handle multiple login attempts/testFnFailure.png
17:23:04.611 detox[21946] [90mi[39m "/Users/ips-162/Library/Android/sdk/platform-tools/adb" -s ZD22227Q7K pull "/sdcard/172114422_21.png" "artifacts/android.att.debug.2025-12-17 11-51-12Z/✗ Edge Cases - Offline & Permission Interruptions Memory & Performance Edge Cases should handle multiple login attempts/testFnFailure.png"
17:23:04.652 detox[21946] [90mi[39m /sdcard/172114422_21.png: 1 file pulled, 0 skipped. 16.7 MB/s (228350 bytes in 0.013s)

17:23:04.652 detox[21946] [90mi[39m "/Users/ips-162/Library/Android/sdk/platform-tools/adb" -s ZD22227Q7K shell "rm  \"/sdcard/172114422_21.png\""
17:23:04.739 detox[21946] [90mi[39m 
17:23:04.740 detox[21946] [90mi[39m saving FileArtifact to: artifacts/android.att.debug.2025-12-17 11-51-12Z/detox_pid_21946.json.log { append: true }
17:23:04.740 detox[21946] [90mi[39m saving FileArtifact to: artifacts/android.att.debug.2025-12-17 11-51-12Z/detox_pid_21946.log { append: true }
17:23:04.740 detox[21946] [90mE[39m onBeforeCleanup
17:23:04.743 detox[21943] [90mi[39m get
  data: {"type":"cleanup","params":{"stopRunner":false},"messageId":-49642}
17:23:04.743 detox[21943] [90mi[39m send
  data: {
    "type": "cleanup",
    "params": {
      "stopRunner": false
    },
    "messageId": -49642
  }
17:23:04.743 detox[21946] [90mi[39m send message
  data: {"type":"cleanup","params":{"stopRunner":false},"messageId":-49642}
17:23:04.750 detox[21943] [90mi[39m get
  data: {"messageId":-49642,"type":"cleanupDone","params":{}}
17:23:04.750 detox[21943] [90mi[39m send
  data: {
    "messageId": -49642,
    "type": "cleanupDone",
    "params": {}
  }
17:23:04.750 detox[21946] [90mi[39m get message
  data: {"messageId":-49642,"type":"cleanupDone","params":{}}
   
17:23:04.752 detox[21943] [90mi[39m tester exited session 0f6d3262-986a-c978-cec8-15471fb94d7f
17:23:04.753 detox[21943] [90mi[39m send
  data: {
    "type": "testerDisconnected",
    "messageId": -1
  }
17:23:04.753 detox[21943] [90mE[39m connection :53648<->:53676
17:23:04.753 detox[21946] [90mi[39m sending SIGINT to: /Users/ips-162/Library/Android/sdk/platform-tools/adb -s ZD22227Q7K shell am instrument -w -r -e detoxServer ws://localhost:53648 -e detoxSessionId 0f6d3262-986a-c978-cec8-15471fb94d7f -e debug false com.detoxtest.test/androidx.test.runner.AndroidJUnitRunner
17:23:04.755 detox[21946] [90mi[39m /Users/ips-162/Library/Android/sdk/platform-tools/adb -s ZD22227Q7K shell am instrument -w -r -e detoxServer ws://localhost:53648 -e detoxSessionId 0f6d3262-986a-c978-cec8-15471fb94d7f -e debug false com.detoxtest.test/androidx.test.runner.AndroidJUnitRunner terminated with SIGINT
17:23:04.755 detox[21946] [90mi[39m "/Users/ips-162/Library/Android/sdk/platform-tools/adb" -s ZD22227Q7K reverse --remove tcp:53648
17:23:04.757 detox[21946] [90mi[39m dispatching event to  primary-21943 /tmp/detox.primary-21943  :  deallocateDevice , { deviceCookie: { id: 'ZD22227Q7K', adbName: 'ZD22227Q7K' } }
17:23:04.758 detox[21943] [90mi[39m received event of :  deallocateDevice { deviceCookie: { id: 'ZD22227Q7K', adbName: 'ZD22227Q7K' } }
17:23:04.758 detox[21943] [90mB[39m free: ZD22227Q7K
  data: {}
17:23:04.762 detox[21943] [90mE[39m free: ZD22227Q7K
17:23:04.762 detox[21943] [90mi[39m dispatching event to socket  :  deallocateDeviceDone {}
17:23:04.763 detox[21946] [90mi[39m ## received events ##
17:23:04.763 detox[21946] [90mi[39m detected event deallocateDeviceDone {}
17:23:04.764 detox[21946] [90mE[39m tear down environment
17:23:04.764 detox[21946] [90mE[39m e2e/edge-offline.e2e.js
17:23:04.771 detox[21946] [90mi[39m dispatching event to  primary-21943 /tmp/detox.primary-21943  :  reportTestResults , {
  testResults: [
    {
      success: false,
      testFilePath: '/Users/ips-162/Documents/RearchTopics/DetoxTest/e2e/edge-offline.e2e.js',
      testExecError: undefined,
      isPermanentFailure: false
    }
  ]
}
17:23:04.774 detox[21943] [90mi[39m received event of :  reportTestResults {
  testResults: [
    {
      success: false,
      testFilePath: '/Users/ips-162/Documents/RearchTopics/DetoxTest/e2e/edge-offline.e2e.js',
      isPermanentFailure: false
    }
  ]
}
17:23:04.775 detox[21943] [90mi[39m dispatching event to socket  :  reportTestResultsDone {
  testResults: [
    {
      success: false,
      testFilePath: '/Users/ips-162/Documents/RearchTopics/DetoxTest/e2e/edge-offline.e2e.js',
      isPermanentFailure: false
    }
  ]
}
17:23:04.807 detox[21943] [90mi[39m broadcasting event to all known sockets listening to  /tmp/detox.primary-21943  :   sessionStateUpdate {
  testResults: [
    {
      success: false,
      testFilePath: '/Users/ips-162/Documents/RearchTopics/DetoxTest/e2e/edge-offline.e2e.js',
      isPermanentFailure: false
    }
  ]
}
17:23:04.808 detox[21946] [90mi[39m ## received events ##
17:23:04.809 detox[21946] [90mi[39m detected event reportTestResultsDone {
  testResults: [
    {
      success: false,
      testFilePath: '/Users/ips-162/Documents/RearchTopics/DetoxTest/e2e/edge-offline.e2e.js',
      isPermanentFailure: false
    }
  ]
}
17:23:04.809 detox[21946] [90mi[39m detected event sessionStateUpdate {
  testResults: [
    {
      success: false,
      testFilePath: '/Users/ips-162/Documents/RearchTopics/DetoxTest/e2e/edge-offline.e2e.js',
      isPermanentFailure: false
    }
  ]
}
17:23:04.821 detox[21943] [90mi[39m socket disconnected secondary-21946
17:23:04.822 detox[21946] [90mi[39m connection closed primary-21943 /tmp/detox.primary-21943 0 tries remaining of 0
17:23:04.822 detox[21946] [90mi[39m secondary-21946 exceeded connection rety amount of  or stopRetrying flag set.
17:23:04.824 detox[21946] [90mi[39m 
17:23:04.890 detox[21943] [90mE[39m Command failed with exit code = 1:
jest --config e2e/jest.config.js e2e/edge-offline.e2e.js
17:23:04.891 detox[21943] [90mB[39m cleanup
  args: ()
17:23:04.891 detox[21943] [90mE[39m cleanup
17:23:04.892 detox[21943] [90mi[39m Detox server has been closed gracefully
17:23:04.894 detox[21943] [90mi[39m app exited session 0f6d3262-986a-c978-cec8-15471fb94d7f
17:23:04.894 detox[21943] [90mE[39m connection :53648<->:53908
17:23:04.895 detox[21943] [90mE[39m node_modules/.bin/detox test --configuration android.att.debug e2e/edge-offline.e2e.js
