--------- beginning of main
12-17 17:20:46.111 26798 26798 W UiControllerImpl: Waiting for: DYNAMIC_TASKS_HAVE_IDLED for 700 iterations.
12-17 17:20:46.534 26798 26798 I Detox   : Wait is over: App is now idle!
12-17 17:20:46.534 26798 26823 I DetoxWSClient: Sending out action 'ready' (ID #-1000)
12-17 17:20:46.536 26798 26823 I DetoxDispatcher: Done with action 'isReady'
12-17 17:20:46.627 26798 26827 D DetoxWSClient: Received action 'reactNativeReload' (ID #-1000, params={})
12-17 17:20:46.628 26798 26823 I DetoxDispatcher: Handling action 'reactNativeReload' (ID #-1000)...
12-17 17:20:46.631 26798 26823 I DetoxRNExt: Reloading React Native
12-17 17:20:46.632 26798 26823 D IdlingRegistry: Unregistering idling resources: [com.wix.detox.reactnative.idlingresources.timers.FabricTimersIdlingResource@5c8dd5c]
12-17 17:20:46.633 26798 26823 D IdlingRegistry: Unregistering idling resources: [com.wix.detox.reactnative.idlingresources.StabilizedIdlingResource@4a0393a]
12-17 17:20:46.633 26798 26823 D IdlingRegistry: Unregistering idling resources: [com.wix.detox.reactnative.idlingresources.uimodule.fabric.FabricUIManagerIdlingResources@f1bc82e]
12-17 17:20:46.633 26798 26823 D IdlingRegistry: Unregistering idling resources: [com.wix.detox.reactnative.idlingresources.animations.AnimatedModuleIdlingResource@7666fcf]
12-17 17:20:46.633 26798 26823 D IdlingRegistry: Unregistering idling resources: [com.wix.detox.reactnative.idlingresources.network.NetworkIdlingResource@b207865]
12-17 17:20:46.634 26798 26850 W unknown:BridgelessReact: ReactHost{0}.getOrCreateReloadTask()
12-17 17:20:46.634 26798 26850 W unknown:BridgelessReact: ReactHost{0}.raiseSoftException(getOrCreateReloadTask()): Detox
12-17 17:20:46.635 26798 26850 E unknown:ReactHost: Unhandled SoftException
12-17 17:20:46.635 26798 26850 E unknown:ReactHost: com.facebook.react.bridge.ReactNoCrashSoftException: raiseSoftException(getOrCreateReloadTask()): Detox
12-17 17:20:46.635 26798 26850 E unknown:ReactHost: 	at com.facebook.react.runtime.ReactHostImpl.raiseSoftException(ReactHostImpl.java:1038)
12-17 17:20:46.635 26798 26850 E unknown:ReactHost: 	at com.facebook.react.runtime.ReactHostImpl.raiseSoftException(ReactHostImpl.java:1031)
12-17 17:20:46.635 26798 26850 E unknown:ReactHost: 	at com.facebook.react.runtime.ReactHostImpl.getOrCreateReloadTask(ReactHostImpl.java:1478)
12-17 17:20:46.635 26798 26850 E unknown:ReactHost: 	at com.facebook.react.runtime.ReactHostImpl.lambda$reload$5(ReactHostImpl.java:502)
12-17 17:20:46.635 26798 26850 E unknown:ReactHost: 	at com.facebook.react.runtime.ReactHostImpl.$r8$lambda$pnssLYpRgj-ac0gqivuqyD-9TKQ(Unknown Source:0)
12-17 17:20:46.635 26798 26850 E unknown:ReactHost: 	at com.facebook.react.runtime.ReactHostImpl$$ExternalSyntheticLambda0.call(D8$$SyntheticClass:0)
12-17 17:20:46.635 26798 26850 E unknown:ReactHost: 	at com.facebook.react.runtime.internal.bolts.Task$Companion.call$lambda$2(Task.kt:315)
12-17 17:20:46.635 26798 26850 E unknown:ReactHost: 	at com.facebook.react.runtime.internal.bolts.Task$Companion.$r8$lambda$MFqd_-X5KhHmu0hvNE2Bec_4mJM(Unknown Source:0)
12-17 17:20:46.635 26798 26850 E unknown:ReactHost: 	at com.facebook.react.runtime.internal.bolts.Task$Companion$$ExternalSyntheticLambda1.run(D8$$SyntheticClass:0)
12-17 17:20:46.635 26798 26850 E unknown:ReactHost: 	at java.util.concurrent.ThreadPoolExecutor.runWorker(ThreadPoolExecutor.java:1156)
12-17 17:20:46.635 26798 26850 E unknown:ReactHost: 	at java.util.concurrent.ThreadPoolExecutor$Worker.run(ThreadPoolExecutor.java:651)
12-17 17:20:46.635 26798 26850 E unknown:ReactHost: 	at java.lang.Thread.run(Thread.java:1119)
12-17 17:20:46.635 26798 26850 W unknown:BridgelessReact: ReactHost{0}.getOrCreateReloadTask(): Resetting createReactInstance task ref
12-17 17:20:46.639 26798 26798 W unknown:BridgelessReact: ReactHost{0}.getOrCreateReloadTask(): Starting React Native reload
12-17 17:20:46.639 26798 26798 W unknown:BridgelessReact: ReactHost{0}.getOrCreateReloadTask(): Calling ReactContext.onHostPause()
12-17 17:20:46.640 26798 26798 W unknown:BridgelessReact: ReactHost{0}.raiseSoftException(callWithExistingReactInstance(callFunctionOnModule("RCTDeviceEventEmitter", "emit"))): Execute: reactInstance is null. Dropping work.
12-17 17:20:46.640 26798 26798 E unknown:ReactHost: Unhandled SoftException
12-17 17:20:46.640 26798 26798 E unknown:ReactHost: com.facebook.react.bridge.ReactNoCrashSoftException: raiseSoftException(callWithExistingReactInstance(callFunctionOnModule("RCTDeviceEventEmitter", "emit"))): Execute: reactInstance is null. Dropping work.
12-17 17:20:46.640 26798 26798 E unknown:ReactHost: 	at com.facebook.react.runtime.ReactHostImpl.raiseSoftException(ReactHostImpl.java:1038)
12-17 17:20:46.640 26798 26798 E unknown:ReactHost: 	at com.facebook.react.runtime.ReactHostImpl.raiseSoftException(ReactHostImpl.java:1031)
12-17 17:20:46.640 26798 26798 E unknown:ReactHost: 	at com.facebook.react.runtime.ReactHostImpl.lambda$callWithExistingReactInstance$16(ReactHostImpl.java:1059)
12-17 17:20:46.640 26798 26798 E unknown:ReactHost: 	at com.facebook.react.runtime.ReactHostImpl.$r8$lambda$v_wsWn1AM15FUeMv5__nLvaLvTQ(Unknown Source:0)
12-17 17:20:46.640 26798 26798 E unknown:ReactHost: 	at com.facebook.react.runtime.ReactHostImpl$$ExternalSyntheticLambda16.then(D8$$SyntheticClass:0)
12-17 17:20:46.640 26798 26798 E unknown:ReactHost: 	at com.facebook.react.runtime.internal.bolts.Task$Companion.completeImmediately$lambda$3(Task.kt:356)
12-17 17:20:46.640 26798 26798 E unknown:ReactHost: 	at com.facebook.react.runtime.internal.bolts.Task$Companion.$r8$lambda$b7MTC0ufkn_2TjF4BGcNqGR9qK0(Unknown Source:0)
12-17 17:20:46.640 26798 26798 E unknown:ReactHost: 	at com.facebook.react.runtime.internal.bolts.Task$Companion$$ExternalSyntheticLambda3.run(D8$$SyntheticClass:0)
12-17 17:20:46.640 26798 26798 E unknown:ReactHost: 	at com.facebook.react.runtime.internal.bolts.Executors$ImmediateExecutor.execute(Executors.kt:41)
12-17 17:20:46.640 26798 26798 E unknown:ReactHost: 	at com.facebook.react.runtime.internal.bolts.Task$Companion.completeImmediately(Task.kt:354)
12-17 17:20:46.640 26798 26798 E unknown:ReactHost: 	at com.facebook.react.runtime.internal.bolts.Task$Companion.access$completeImmediately(Task.kt:250)
12-17 17:20:46.640 26798 26798 E unknown:ReactHost: 	at com.facebook.react.runtime.internal.bolts.Task.continueWith(Task.kt:132)
12-17 17:20:46.640 26798 26798 E unknown:ReactHost: 	at com.facebook.react.runtime.internal.bolts.Task.continueWith$default(Task.kt:117)
12-17 17:20:46.640 26798 26798 E unknown:ReactHost: 	at com.facebook.react.runtime.internal.bolts.Task.onSuccess$lambda$12(Task.kt:174)
12-17 17:20:46.640 26798 26798 E unknown:ReactHost: 	at com.facebook.react.runtime.internal.bolts.Task.$r8$lambda$l0wwo5AvbHxlwfI1R7CH_codxoo(Unknown Source:0)
12-17 17:20:46.640 26798 26798 E unknown:ReactHost: 	at com.facebook.react.runtime.internal.bolts.Task$$ExternalSyntheticLambda2.then(D8$$SyntheticClass:0)
12-17 17:20:46.640 26798 26798 E unknown:ReactHost: 	at com.facebook.react.runtime.internal.bolts.Task$Companion.completeAfterTask$lambda$5(Task.kt:390)
12-17 17:20:46.640 26798 26798 E unknown:ReactHost: 	at com.facebook.react.runtime.internal.bolts.Task$Companion.$r8$lambda$IPpysnehFwANEiW061YzapkMdoE(Unknown Source:0)
12-17 17:20:46.640 26798 26798 E unknown:ReactHost: 	at com.facebook.react.runtime.internal.bolts.Task$Companion$$ExternalSyntheticLambda4.run(D8$$SyntheticClass:0)
12-17 17:20:46.640 26798 26798 E unknown:ReactHost: 	at com.facebook.react.runtime.internal.bolts.Executors$ImmediateExecutor.execute(Executors.kt:41)
12-17 17:20:46.640 26798 26798 E unknown:ReactHost: 	at com.facebook.react.runtime.internal.bolts.Task$Companion.completeAfterTask(Task.kt:388)
12-17 17:20:46.640 26798 26798 E unknown:ReactHost: 	at com.facebook.react.runtime.internal.bolts.Task$Companion.access$completeAfterTask(Task.kt:250)
12-17 17:20:46.640 26798 26798 E unknown:ReactHost: 	at com.facebook.react.runtime.internal.bolts.Task.continueWithTask(Task.kt:156)
12-17 17:20:46.640 26798 26798 E unknown:ReactHost: 	at com.facebook.react.runtime.internal.bolts.Task.onSuccess(Task.kt:169)
12-17 17:20:46.640 26798 26798 E unknown:ReactHost: 	at com.facebook.react.runtime.ReactHostImpl.callWithExistingReactInstance(ReactHostImpl.java:1055)
12-17 17:20:46.640 26798 26798 E unknown:ReactHost: 	at com.facebook.react.runtime.ReactHostImpl.callFunctionOnModule(ReactHostImpl.java:912)
12-17 17:20:46.640 26798 26798 E unknown:ReactHost: 	at com.facebook.react.runtime.BridgelessReactContext.emitDeviceEvent(BridgelessReactContext.kt:132)
12-17 17:20:46.640 26798 26798 E unknown:ReactHost: 	at com.facebook.react.modules.appstate.AppStateModule.sendEvent(AppStateModule.kt:71)
12-17 17:20:46.640 26798 26798 E unknown:ReactHost: 	at com.facebook.react.modules.appstate.AppStateModule.sendAppStateChangeEvent(AppStateModule.kt:75)
12-17 17:20:46.640 26798 26798 E unknown:ReactHost: 	at com.facebook.react.modules.appstate.AppStateModule.onHostPause(AppStateModule.kt:48)
12-17 17:20:46.640 26798 26798 E unknown:ReactHost: 	at com.facebook.react.bridge.ReactContext.onHostPause(ReactContext.java:302)
12-17 17:20:46.640 26798 26798 E unknown:ReactHost: 	at com.facebook.react.runtime.ReactHostImpl.lambda$getOrCreateReloadTask$29(ReactHostImpl.java:1507)
12-17 17:20:46.640 26798 26798 E unknown:ReactHost: 	at com.facebook.react.runtime.ReactHostImpl.$r8$lambda$3_hO2W0xswhzVpHPxbwcWlR35dM(Unknown Source:0)
12-17 17:20:46.640 26798 26798 E unknown:ReactHost: 	at com.facebook.react.runtime.ReactHostImpl$$ExternalSyntheticLambda9.then(D8$$SyntheticClass:0)
12-17 17:20:46.640 26798 26798 E unknown:ReactHost: 	at com.facebook.react.runtime.internal.bolts.Task$Companion.completeAfterTask$lambda$5(Task.kt:390)
12-17 17:20:46.640 26798 26798 E unknown:ReactHost: 	at com.facebook.react.runtime.internal.bolts.Task$Companion.$r8$lambda$IPpysnehFwANEiW061YzapkMdoE(Unknown Source:0)
12-17 17:20:46.640 26798 26798 E unknown:ReactHost: 	at com.facebook.react.runtime.internal.bolts.Task$Companion$$ExternalSyntheticLambda4.run(D8$$SyntheticClass:0)
12-17 17:20:46.640 26798 26798 E unknown:ReactHost: 	at android.os.Handler.handleCallback(Handler.java:978)
12-17 17:20:46.640 26798 26798 E unknown:ReactHost: 	at android.os.Handler.dispatchMessage(Handler.java:104)
12-17 17:20:46.640 26798 26798 E unknown:ReactHost: 	at android.os.Looper.loopOnce(Looper.java:238)
12-17 17:20:46.640 26798 26798 E unknown:ReactHost: 	at android.os.Looper.loop(Looper.java:357)
12-17 17:20:46.640 26798 26798 E unknown:ReactHost: 	at android.app.ActivityThread.main(ActivityThread.java:8090)
12-17 17:20:46.640 26798 26798 E unknown:ReactHost: 	at java.lang.reflect.Method.invoke(Native Method)
12-17 17:20:46.640 26798 26798 E unknown:ReactHost: 	at com.android.internal.os.RuntimeInit$MethodAndArgsCaller.run(RuntimeInit.java:548)
12-17 17:20:46.640 26798 26798 E unknown:ReactHost: 	at com.android.internal.os.ZygoteInit.main(ZygoteInit.java:1026)
12-17 17:20:46.643 26798 26850 W unknown:BridgelessReact: ReactHost{0}.getOrCreateReloadTask(): Stopping all React Native surfaces
12-17 17:20:46.643 26798 26850 E unknown:SurfaceMountingManager: Stopping surface [11]
12-17 17:20:46.644 26798 26798 I ReactNative: [GESTURE HANDLER] Tearing down gesture handler registered for root view com.facebook.react.runtime.ReactSurfaceView{efd77cd V.E...... ........ 0,0-1080,2225 #b}
12-17 17:20:46.644 26798 26798 E unknown:SurfaceMountingManager: Surface [11] was stopped on SurfaceMountingManager.
12-17 17:20:46.652 26798 26798 W unknown:BridgelessReact: ReactHost{0}.getOrCreateReloadTask(): Removing memory pressure listener
12-17 17:20:46.652 26798 26798 W unknown:BridgelessReact: ReactHost{0}.getOrCreateReloadTask(): Resetting ReactContext ref
12-17 17:20:46.652 26798 26798 W unknown:BridgelessReact: ReactHost{0}.getOrCreateReloadTask(): Destroying ReactContext
12-17 17:20:46.652 26798 26798 W unknown:BridgelessReact: ReactHost{0}.getOrCreateReloadTask(): Calling DevSupportManager.onReactInstanceDestroyed(reactContext)
12-17 17:20:46.652 26798 26798 W unknown:ReactNative: Packager connection already open, nooping.
12-17 17:20:46.687 26798 26798 I com.detoxtest: Explicit concurrent copying GC freed 1810KB AllocSpace bytes, 1(20KB) LOS objects, 49% free, 8678KB/16MB, paused 36us,30us total 34.517ms
12-17 17:20:46.688 26798 26850 W unknown:BridgelessReact: ReactHost{0}.getOrCreateReloadTask(): Resetting ReactInstance ptr
12-17 17:20:46.688 26798 26850 W unknown:BridgelessReact: ReactHost{0}.getOrCreateReloadTask(): Destroying ReactInstance
12-17 17:20:46.692 26798 26850 E unknown:ReactNative: Tried to remove non-existent frame callback
12-17 17:20:46.694 26798 26850 W unknown:ReactNative: Tried to enqueue runnable on already finished thread: 'v_native... dropping Runnable.
12-17 17:20:46.694 26798 26850 W unknown:ReactNative: Tried to enqueue runnable on already finished thread: 'v_native... dropping Runnable.
12-17 17:20:46.694 26798 26850 W unknown:ReactNative: Tried to enqueue runnable on already finished thread: 'v_native... dropping Runnable.
12-17 17:20:46.694 26798 26850 W unknown:ReactNative: Tried to enqueue runnable on already finished thread: 'v_native... dropping Runnable.
12-17 17:20:46.695 26798 26850 W unknown:ReactNative: Tried to enqueue runnable on already finished thread: 'v_native... dropping Runnable.
12-17 17:20:46.695 26798 26850 W unknown:ReactNative: Tried to enqueue runnable on already finished thread: 'v_native... dropping Runnable.
12-17 17:20:46.695 26798 26850 W unknown:ReactNative: Tried to enqueue runnable on already finished thread: 'v_native... dropping Runnable.
12-17 17:20:46.695 26798 26850 W unknown:ReactNative: Tried to enqueue runnable on already finished thread: 'v_native... dropping Runnable.
12-17 17:20:46.695 26798 26850 W unknown:ReactNative: Tried to enqueue runnable on already finished thread: 'v_native... dropping Runnable.
12-17 17:20:46.695 26798 26850 W unknown:ReactNative: Tried to enqueue runnable on already finished thread: 'v_native... dropping Runnable.
12-17 17:20:46.695 26798 26850 W unknown:ReactNative: Tried to enqueue runnable on already finished thread: 'v_native... dropping Runnable.
12-17 17:20:46.696 26798 26850 W unknown:ReactNative: Tried to enqueue runnable on already finished thread: 'v_native... dropping Runnable.
12-17 17:20:46.696 26798 26850 W unknown:ReactNative: Tried to enqueue runnable on already finished thread: 'v_native... dropping Runnable.
12-17 17:20:46.696 26798 26850 W unknown:ReactNative: Tried to enqueue runnable on already finished thread: 'v_native... dropping Runnable.
12-17 17:20:46.696 26798 26850 W unknown:ReactNative: Tried to enqueue runnable on already finished thread: 'v_native... dropping Runnable.
12-17 17:20:46.696 26798 26850 W unknown:ReactNative: Tried to enqueue runnable on already finished thread: 'v_native... dropping Runnable.
12-17 17:20:46.696 26798 26850 W unknown:ReactNative: Tried to enqueue runnable on already finished thread: 'v_native... dropping Runnable.
12-17 17:20:46.696 26798 26850 W unknown:ReactNative: Tried to enqueue runnable on already finished thread: 'v_native... dropping Runnable.
12-17 17:20:46.696 26798 26850 W unknown:ReactNative: Tried to enqueue runnable on already finished thread: 'v_native... dropping Runnable.
12-17 17:20:46.696 26798 26850 W unknown:ReactNative: Tried to enqueue runnable on already finished thread: 'v_native... dropping Runnable.
12-17 17:20:46.696 26798 26850 W unknown:ReactNative: Tried to enqueue runnable on already finished thread: 'v_native... dropping Runnable.
12-17 17:20:46.696 26798 26850 W unknown:ReactNative: Tried to enqueue runnable on already finished thread: 'v_native... dropping Runnable.
12-17 17:20:46.697 26798 26807 I OpenGLRenderer: Davey! duration=9223300643674ms; Flags=0, FrameTimelineVsyncId=2192383, IntendedVsync=71393180008332, Vsync=71393213341664, InputEventId=0, HandleInputStart=71393215882037, AnimationStart=71393215884850, PerformTraversalsStart=71393215974433, DrawStart=71393216569017, FrameDeadline=71393195674998, FrameInterval=71393215877871, FrameStartTime=8333333, SyncQueued=71393216687038, SyncStart=71393216741465, IssueDrawCommandsStart=71393216859590, SwapBuffers=71393217181517, FrameCompleted=9223372036854775807, DequeueBufferDuration=14844, QueueBufferDuration=2314427, GpuCompleted=9223372036854775807, SwapBuffersCompleted=71393219979069, DisplayPresentTime=-2467937402836969000, 
12-17 17:20:46.697 26798 26850 W unknown:ReactNative: Tried to enqueue runnable on already finished thread: 'v_native... dropping Runnable.
12-17 17:20:46.698 26798 26850 W unknown:ReactNative: Tried to enqueue runnable on already finished thread: 'v_native... dropping Runnable.
12-17 17:20:46.733 26798 26850 W unknown:BridgelessReact: ReactHost{0}.getOrCreateReloadTask(): Resetting start task ref
12-17 17:20:46.734 26798 26850 W unknown:BridgelessReact: ReactHost{0}.getOrCreateReactInstanceTask()
12-17 17:20:46.734 26798 26850 W unknown:BridgelessReact: ReactHost{0}.getOrCreateReactInstanceTask(): Start
12-17 17:20:46.734 26798 26850 D Detox.RNMarker: REACT_BRIDGELESS_LOADING_START (null)
12-17 17:20:46.734 26798 26850 W unknown:BridgelessReact: ReactHost{0}.getJSBundleLoader()
12-17 17:20:46.734 26798 26850 W unknown:BridgelessReact: ReactHost{0}.isMetroRunning()
12-17 17:20:46.739 26798 26851 W unknown:BridgelessReact: ReactHost{0}.isMetroRunning(): Async result = true
12-17 17:20:46.739 26798 26850 W unknown:BridgelessReact: ReactHost{0}.loadJSBundleFromMetro()
12-17 17:20:46.739 26798 26850 D Detox.RNMarker: DOWNLOAD_START (null)
12-17 17:20:47.027 26798 26851 D Detox.RNMarker: DOWNLOAD_END ({"url":"http:\/\/localhost:8081\/index.bundle?platform=android&dev=true&lazy=true&minify=false&app=com.detoxtest&modulesOnly=false&runModule=true&excludeSource=true&sourcePaths=url-server","filesChangedCount":0})
12-17 17:20:47.027 26798 26851 W unknown:BridgelessReact: ReactHost{0}.loadJSBundleFromMetro(): Creating BundleLoader
12-17 17:20:47.027 26798 26850 W unknown:BridgelessReact: ReactHost{0}.getOrCreateReactContext(): Creating BridgelessReactContext
12-17 17:20:47.027 26798 26850 W unknown:BridgelessReact: ReactHost{0}.getOrCreateReactInstanceTask(): Creating ReactInstance
12-17 17:20:47.030 26798 26850 W unknown:ReactNative: Inspector connection already open, nooping.
12-17 17:20:47.068 26798 26850 W unknown:BridgelessReact: ReactHost{0}.getOrCreateReactInstanceTask(): Loading JS Bundle
12-17 17:20:47.068 26798 26850 W unknown:BridgelessReact: ReactHost{0}.getOrCreateReactInstanceTask(): Calling DevSupportManagerBase.onNewReactContextCreated(reactContext)
12-17 17:20:47.068 26798 26977 D Detox.RNMarker: RUN_JS_BUNDLE_START (/index.bundle?platform=android&dev=true&lazy=true&minify=false&app=com.detoxtest&modulesOnly=false&runModule=true&excludeSource=true&sourcePaths=url-server)
12-17 17:20:47.070 26798 26850 W unknown:BridgelessReact: ReactHost{0}.getOrCreateReloadTask(): Restarting previously running React Native Surfaces
12-17 17:20:47.071 26798 26850 W unknown:BridgelessReact: ReactHost{0}.getOrCreateReloadTask(): Resetting reload task ref
12-17 17:20:47.071 26798 26798 W unknown:ReactNative: Packager connection already open, nooping.
12-17 17:20:47.071 26798 26798 W unknown:BridgelessReact: ReactContext.onHostResume()
12-17 17:20:47.072 26798 26798 W unknown:BridgelessReact: ReactHost{0}.getOrCreateReactInstanceTask(): Executing ReactInstanceEventListeners
12-17 17:20:47.072 26798 26798 I DetoxRNLoading: Got new RN-context through listener
12-17 17:20:47.073 26798 26823 I DetoxRNIdleRes: Setting up Espresso Idling Resources for React Native
12-17 17:20:47.077 26798 26798 D DetoxRNHelpers: Native RN module resolution (class com.reactnativecommunity.asyncstorage.AsyncStorageModule): no registered module found
12-17 17:20:47.078 26798 26823 D IdlingRegistry: Registering idling resources: [com.wix.detox.reactnative.idlingresources.uimodule.fabric.FabricUIManagerIdlingResources@3a2364e]
12-17 17:20:47.078 26798 26823 D IdlingRegistry: Registering idling resources: [com.wix.detox.reactnative.idlingresources.animations.AnimatedModuleIdlingResource@6f1136f]
12-17 17:20:47.078 26798 26823 D IdlingRegistry: Registering idling resources: [com.wix.detox.reactnative.idlingresources.timers.FabricTimersIdlingResource@f6b487c]
12-17 17:20:47.078 26798 26823 D IdlingRegistry: Registering idling resources: [com.wix.detox.reactnative.idlingresources.network.NetworkIdlingResource@cabd505]
12-17 17:20:47.078 26798 26823 D IdlingRegistry: Registering idling resources: [com.wix.detox.reactnative.idlingresources.StabilizedIdlingResource@6ef695a]
12-17 17:20:47.079 26798 26798 D DetoxRNHelpers: Native RN module resolution (class com.reactnativecommunity.asyncstorage.AsyncStorageModule): no registered module found
12-17 17:20:47.080 26798 26823 I DetoxWSClient: Sending out action 'ready' (ID #-1000)
12-17 17:20:47.081 26798 26823 I DetoxDispatcher: Done with action 'reactNativeReload'
12-17 17:20:47.089 26798 26827 D DetoxWSClient: Received action 'invoke' (ID #1, params={"target":{"type":"Class","value":"com.wix.detox.espresso.EspressoDetox"},"method":"setSynchronization","args":[{"type":"boolean","value":false}]})
12-17 17:20:47.089 26798 26823 I DetoxDispatcher: Handling action 'invoke' (ID #1)...
12-17 17:20:47.094 26798 26823 D Detox   : class com.wix.detox.espresso.EspressoDetox, setSynchronization, [false]
12-17 17:20:47.105 26798 26823 D IdlingRegistry: Unregistering idling resources: [com.wix.detox.reactnative.idlingresources.timers.FabricTimersIdlingResource@f6b487c]
12-17 17:20:47.105 26798 26823 D IdlingRegistry: Unregistering idling resources: [com.wix.detox.reactnative.idlingresources.StabilizedIdlingResource@6ef695a]
12-17 17:20:47.105 26798 26823 D IdlingRegistry: Unregistering idling resources: [com.wix.detox.reactnative.idlingresources.uimodule.fabric.FabricUIManagerIdlingResources@3a2364e]
12-17 17:20:47.105 26798 26823 D IdlingRegistry: Unregistering idling resources: [com.wix.detox.reactnative.idlingresources.animations.AnimatedModuleIdlingResource@6f1136f]
12-17 17:20:47.105 26798 26823 D IdlingRegistry: Unregistering idling resources: [com.wix.detox.reactnative.idlingresources.network.NetworkIdlingResource@cabd505]
12-17 17:20:47.106 26798 26823 I DetoxWSClient: Sending out action 'invokeResult' (ID #1)
12-17 17:20:47.106 26798 26823 I DetoxDispatcher: Done with action 'invoke'
12-17 17:20:47.506 26798 26977 W [RNScreens]: InsetObserverProxy registers on new context while it has not been invalidated on the old one. Please report this as issue at https://github.com/software-mansion/react-native-screens/issues
12-17 17:20:47.507 26798 26977 W unknown:ViewManagerPropertyUpdater: Could not find generated setter for class com.th3rdwave.safeareacontext.SafeAreaProviderManager
12-17 17:20:47.509 26798 26977 W unknown:ViewManagerPropertyUpdater: Could not find generated setter for class com.facebook.react.uimanager.LayoutShadowNode
12-17 17:20:47.511 26798 26977 W unknown:ViewManagerPropertyUpdater: Could not find generated setter for class com.swmansion.rnscreens.SearchBarManager
12-17 17:20:47.512 26798 26977 W unknown:ViewManagerPropertyUpdater: Could not find generated setter for class com.swmansion.rnscreens.ScreenFooterManager
12-17 17:20:47.513 26798 26977 W unknown:ViewManagerPropertyUpdater: Could not find generated setter for class com.swmansion.rnscreens.gamma.tabs.TabScreenViewManager
12-17 17:20:47.513 26798 26977 W unknown:ViewManagerPropertyUpdater: Could not find generated setter for class com.swmansion.rnscreens.ScreenContainerViewManager
12-17 17:20:47.514 26798 26977 W unknown:ViewManagerPropertyUpdater: Could not find generated setter for class com.swmansion.rnscreens.gamma.tabs.TabsHostViewManager
12-17 17:20:47.515 26798 26977 W unknown:ViewManagerPropertyUpdater: Could not find generated setter for class com.swmansion.rnscreens.ModalScreenViewManager
12-17 17:20:47.517 26798 26977 W unknown:ViewManagerPropertyUpdater: Could not find generated setter for class com.swmansion.rnscreens.ScreenStackHeaderConfigViewManager
12-17 17:20:47.518 26798 26977 W unknown:ViewManagerPropertyUpdater: Could not find generated setter for class com.swmansion.rnscreens.ScreenContentWrapperManager
12-17 17:20:47.519 26798 26977 W unknown:ViewManagerPropertyUpdater: Could not find generated setter for class com.th3rdwave.safeareacontext.SafeAreaViewManager
12-17 17:20:47.520 26798 26977 W unknown:ViewManagerPropertyUpdater: Could not find generated setter for class com.th3rdwave.safeareacontext.SafeAreaViewShadowNode
12-17 17:20:47.521 26798 26977 W unknown:ViewManagerPropertyUpdater: Could not find generated setter for class com.swmansion.rnscreens.safearea.SafeAreaViewManager
12-17 17:20:47.522 26798 26977 W unknown:ViewManagerPropertyUpdater: Could not find generated setter for class com.swmansion.rnscreens.safearea.paper.SafeAreaViewShadowNode
12-17 17:20:47.523 26798 26977 W unknown:ViewManagerPropertyUpdater: Could not find generated setter for class com.swmansion.rnscreens.ScreenViewManager
12-17 17:20:47.523 26798 26977 W unknown:ViewManagerPropertyUpdater: Could not find generated setter for class com.swmansion.rnscreens.ScreenStackHeaderSubviewManager
12-17 17:20:47.524 26798 26977 W unknown:ViewManagerPropertyUpdater: Could not find generated setter for class com.swmansion.rnscreens.ScreenStackViewManager
12-17 17:20:47.589 26798 26977 W unknown:ViewManagerPropertyUpdater: Could not find generated setter for class com.facebook.react.views.debuggingoverlay.DebuggingOverlayManager
12-17 17:20:47.594 26798 26977 W unknown:ViewManagerPropertyUpdater: Could not find generated setter for class com.swmansion.gesturehandler.react.RNGestureHandlerButtonViewManager
12-17 17:20:47.599 26798 26977 W unknown:ViewManagerPropertyUpdater: Could not find generated setter for class com.facebook.react.views.safeareaview.ReactSafeAreaViewManager
12-17 17:20:47.599 26798 26977 W unknown:ViewManagerPropertyUpdater: Could not find generated setter for class com.facebook.react.views.safeareaview.ReactSafeAreaViewShadowNode
12-17 17:20:47.605 26798 26977 W unknown:ViewManagerPropertyUpdater: Could not find generated setter for class com.facebook.react.views.modal.ReactModalHostManager
12-17 17:20:47.614 26798 26977 W unknown:ViewManagerPropertyUpdater: Could not find generated setter for class com.facebook.react.views.text.frescosupport.FrescoBasedReactTextInlineImageViewManager
12-17 17:20:47.614 26798 26977 W unknown:ViewManagerPropertyUpdater: Could not find generated setter for class com.facebook.react.views.text.frescosupport.FrescoBasedReactTextInlineImageShadowNode
12-17 17:20:47.619 26798 26977 W unknown:ViewManagerPropertyUpdater: Could not find generated setter for class com.facebook.react.views.progressbar.ReactProgressBarViewManager
12-17 17:20:47.620 26798 26977 W unknown:ViewManagerPropertyUpdater: Could not find generated setter for class com.facebook.react.views.progressbar.ProgressBarShadowNode
12-17 17:20:47.625 26798 26977 W unknown:ViewManagerPropertyUpdater: Could not find generated setter for class com.facebook.react.views.scroll.ReactHorizontalScrollViewManager
12-17 17:20:47.632 26798 26977 W unknown:ViewManagerPropertyUpdater: Could not find generated setter for class com.facebook.react.views.image.ReactImageManager
12-17 17:20:47.639 26798 26977 W unknown:ViewManagerPropertyUpdater: Could not find generated setter for class com.facebook.react.views.text.ReactTextViewManager
12-17 17:20:47.640 26798 26977 W unknown:ViewManagerPropertyUpdater: Could not find generated setter for class com.facebook.react.views.text.ReactTextShadowNode
12-17 17:20:47.646 26798 26977 W unknown:ViewManagerPropertyUpdater: Could not find generated setter for class com.facebook.react.views.scroll.ReactHorizontalScrollContainerViewManager
12-17 17:20:47.651 26798 26977 W unknown:ViewManagerPropertyUpdater: Could not find generated setter for class com.facebook.react.views.unimplementedview.ReactUnimplementedViewManager
12-17 17:20:47.656 26798 26977 W unknown:ViewManagerPropertyUpdater: Could not find generated setter for class com.facebook.react.views.scroll.ReactScrollViewManager
12-17 17:20:47.663 26798 26977 W unknown:ViewManagerPropertyUpdater: Could not find generated setter for class com.facebook.react.views.view.ReactViewManager
12-17 17:20:47.668 26798 26977 W unknown:ViewManagerPropertyUpdater: Could not find generated setter for class com.facebook.react.views.drawer.ReactDrawerLayoutManager
12-17 17:20:47.674 26798 26977 W unknown:ViewManagerPropertyUpdater: Could not find generated setter for class com.facebook.react.views.switchview.ReactSwitchManager
12-17 17:20:47.675 26798 26977 W unknown:ViewManagerPropertyUpdater: Could not find generated setter for class com.facebook.react.views.switchview.ReactSwitchShadowNode
12-17 17:20:47.680 26798 26977 W unknown:ViewManagerPropertyUpdater: Could not find generated setter for class com.facebook.react.views.text.ReactVirtualTextViewManager
12-17 17:20:47.680 26798 26977 W unknown:ViewManagerPropertyUpdater: Could not find generated setter for class com.facebook.react.views.text.ReactVirtualTextShadowNode
12-17 17:20:47.685 26798 26977 W unknown:ViewManagerPropertyUpdater: Could not find generated setter for class com.facebook.react.views.swiperefresh.SwipeRefreshLayoutManager
12-17 17:20:47.690 26798 26977 W unknown:ViewManagerPropertyUpdater: Could not find generated setter for class com.facebook.react.views.text.ReactRawTextManager
12-17 17:20:47.690 26798 26977 W unknown:ViewManagerPropertyUpdater: Could not find generated setter for class com.facebook.react.views.text.ReactRawTextShadowNode
12-17 17:20:47.691 26798 26977 W unknown:ViewManagerPropertyUpdater: Could not find generated setter for class com.facebook.react.views.textinput.ReactTextInputManager
12-17 17:20:47.693 26798 26977 W unknown:ViewManagerPropertyUpdater: Could not find generated setter for class com.facebook.react.views.textinput.ReactTextInputShadowNode
12-17 17:20:47.700 26798 26977 W unknown:ViewManagerPropertyUpdater: Could not find generated setter for class com.swmansion.gesturehandler.react.RNGestureHandlerRootViewManager
12-17 17:20:47.860 26798 26977 D Detox.RNMarker: RUN_JS_BUNDLE_END (/index.bundle?platform=android&dev=true&lazy=true&minify=false&app=com.detoxtest&modulesOnly=false&runModule=true&excludeSource=true&sourcePaths=url-server)
12-17 17:20:47.862 26798 26977 I ReactNativeJS: Running "DetoxTest" with {"rootTag":21,"initialProps":{},"fabric":true}
12-17 17:20:48.470 26798 26977 I ReactNativeJS: Store rehydrated successfully
12-17 17:20:49.101 26798 26798 I ReactNative: [GESTURE HANDLER] Initialize gesture handler for root view com.facebook.react.runtime.ReactSurfaceView{efd77cd V.E...... ......ID 0,0-1080,2225 #15}
12-17 17:20:49.165 26798 26807 I OpenGLRenderer: Davey! duration=9223300641232ms; Flags=0, FrameTimelineVsyncId=2192684, IntendedVsync=71395622291234, Vsync=71395622291234, InputEventId=0, HandleInputStart=71395622754048, AnimationStart=71395622758527, PerformTraversalsStart=71395668948844, DrawStart=71395677723429, FrameDeadline=71395646291233, FrameInterval=71395622746183, FrameStartTime=8333333, SyncQueued=71395682164054, SyncStart=71395682351085, IssueDrawCommandsStart=71395682685252, SwapBuffers=71395685127231, FrameCompleted=9223372036854775807, DequeueBufferDuration=31510, QueueBufferDuration=733594, GpuCompleted=9223372036854775807, SwapBuffersCompleted=71395686513377, DisplayPresentTime=-1252282171385708544, 
12-17 17:20:49.233 26798 26977 D Detox.RNMarker: REACT_BRIDGELESS_LOADING_END (null)
12-17 17:20:50.117 26798 26827 D DetoxWSClient: Received action 'invoke' (ID #2, params={"target":{"type":"Class","value":"com.wix.detox.espresso.EspressoDetox"},"method":"setSynchronization","args":[{"type":"boolean","value":true}]})
12-17 17:20:50.118 26798 26823 I DetoxDispatcher: Handling action 'invoke' (ID #2)...
12-17 17:20:50.118 26798 26823 D Detox   : class com.wix.detox.espresso.EspressoDetox, setSynchronization, [true]
12-17 17:20:50.119 26798 26823 I DetoxRNIdleRes: Setting up Espresso Idling Resources for React Native
12-17 17:20:50.126 26798 26823 D IdlingRegistry: Registering idling resources: [com.wix.detox.reactnative.idlingresources.uimodule.fabric.FabricUIManagerIdlingResources@7e5c5b4]
12-17 17:20:50.126 26798 26823 D IdlingRegistry: Registering idling resources: [com.wix.detox.reactnative.idlingresources.animations.AnimatedModuleIdlingResource@c4a35dd]
12-17 17:20:50.126 26798 26823 D IdlingRegistry: Registering idling resources: [com.wix.detox.reactnative.idlingresources.timers.FabricTimersIdlingResource@df07552]
12-17 17:20:50.127 26798 26823 D IdlingRegistry: Registering idling resources: [com.wix.detox.reactnative.idlingresources.network.NetworkIdlingResource@28d2023]
12-17 17:20:50.127 26798 26823 D IdlingRegistry: Registering idling resources: [com.wix.detox.reactnative.idlingresources.StabilizedIdlingResource@3f38920]
12-17 17:20:50.131 26798 26823 I DetoxWSClient: Sending out action 'invokeResult' (ID #2)
12-17 17:20:50.132 26798 26823 I DetoxDispatcher: Done with action 'invoke'
12-17 17:20:50.158 26798 26827 D DetoxWSClient: Received action 'invoke' (ID #3, params={"target":{"type":"Class","value":"com.wix.detox.espresso.DetoxAssertion"},"method":"waitForAssertMatcher","args":[{"type":"Invocation","value":{"target":{"type":"Class","value":"androidx.test.espresso.Espresso"},"method":"onView","args":[{"type":"Invocation","value":{"target":{"type":"Class","value":"com.wix.detox.espresso.DetoxMatcher"},"method":"matcherForTestId","args":["login-root",{"type":"boolean","value":false}]}}]}},{"type":"Invocation","value":{"target":{"type":"Class","value":"com.wix.detox.espresso.DetoxMatcher"},"method":"matcherForSufficientlyVisible","args":[{"type":"Integer","value":75}]}},{"type":"Double","value":10}]})
12-17 17:20:50.159 26798 26823 I DetoxDispatcher: Handling action 'invoke' (ID #3)...
12-17 17:20:50.160 26798 26823 D Detox   : class com.wix.detox.espresso.DetoxMatcher, matcherForTestId, [login-root, false]
12-17 17:20:50.162 26798 26823 D Detox   : class androidx.test.espresso.Espresso, onView, [(view.getTag() is "login-root" and view has effective visibility <VISIBLE>)]
12-17 17:20:50.164 26798 26823 D Detox   : class com.wix.detox.espresso.DetoxMatcher, matcherForSufficientlyVisible, [75]
12-17 17:20:50.166 26798 26823 D Detox   : class com.wix.detox.espresso.DetoxAssertion, waitForAssertMatcher, [androidx.test.espresso.ViewInteraction@13952d9, (view has effective visibility <VISIBLE> and view.getGlobalVisibleRect() covers at least <75> percent of the view's area), 10.0]
12-17 17:20:50.954 26798 26798 W UiControllerImpl: Waiting for: DYNAMIC_TASKS_HAVE_IDLED for 100 iterations.
12-17 17:20:51.780 26798 26798 W UiControllerImpl: Waiting for: DYNAMIC_TASKS_HAVE_IDLED for 200 iterations.
12-17 17:20:52.606 26798 26798 W UiControllerImpl: Waiting for: DYNAMIC_TASKS_HAVE_IDLED for 300 iterations.
12-17 17:20:53.431 26798 26798 W UiControllerImpl: Waiting for: DYNAMIC_TASKS_HAVE_IDLED for 400 iterations.
12-17 17:20:54.255 26798 26798 W UiControllerImpl: Waiting for: DYNAMIC_TASKS_HAVE_IDLED for 500 iterations.
12-17 17:20:55.071 26798 26798 W UiControllerImpl: Waiting for: DYNAMIC_TASKS_HAVE_IDLED for 600 iterations.
12-17 17:20:55.206 26798 26798 I ViewInteraction: Checking 'MatchesViewAssertion(Detox){viewMatcher=(view has effective visibility <VISIBLE> and view.getGlobalVisibleRect() covers at least <75> percent of the view's area)}' assertion on view (view.getTag() is "login-root" and view has effective visibility <VISIBLE>)
12-17 17:20:55.242 26798 26823 I DetoxWSClient: Sending out action 'invokeResult' (ID #3)
12-17 17:20:55.242 26798 26823 I DetoxDispatcher: Done with action 'invoke'
12-17 17:20:55.252 26798 26827 D DetoxWSClient: Received action 'invoke' (ID #4, params={"target":{"type":"Class","value":"com.wix.detox.espresso.EspressoDetox"},"method":"setURLBlacklist","args":[[".*"]]})
12-17 17:20:55.253 26798 26823 I DetoxDispatcher: Handling action 'invoke' (ID #4)...
12-17 17:20:55.253 26798 26823 D Detox   : class com.wix.detox.espresso.EspressoDetox, setURLBlacklist, [[.*]]
12-17 17:20:55.255 26798 26823 I DetoxWSClient: Sending out action 'invokeResult' (ID #4)
12-17 17:20:55.256 26798 26823 I DetoxDispatcher: Done with action 'invoke'
12-17 17:20:55.263 26798 26827 D DetoxWSClient: Received action 'invoke' (ID #5, params={"target":{"type":"Class","value":"com.wix.detox.espresso.EspressoDetox"},"method":"perform","args":[{"type":"Invocation","value":{"target":{"type":"Class","value":"com.wix.detox.espresso.DetoxMatcher"},"method":"matcherForTestId","args":["email-input",{"type":"boolean","value":false}]}},{"type":"Invocation","value":{"target":{"type":"Class","value":"androidx.test.espresso.action.ViewActions"},"method":"replaceText","args":["john@gmail.com"]}}]})
12-17 17:20:55.264 26798 26823 I DetoxDispatcher: Handling action 'invoke' (ID #5)...
12-17 17:20:55.265 26798 26823 D Detox   : class com.wix.detox.espresso.DetoxMatcher, matcherForTestId, [email-input, false]
12-17 17:20:55.268 26798 26823 D Detox   : class androidx.test.espresso.action.ViewActions, replaceText, [john@gmail.com]
12-17 17:20:55.269 26798 26823 D Detox   : class com.wix.detox.espresso.EspressoDetox, perform, [(view.getTag() is "email-input" and view has effective visibility <VISIBLE>), androidx.test.espresso.action.ReplaceTextAction@4955c38]
12-17 17:20:55.293 26798 26798 I ViewInteraction: Performing 'replace text(john@gmail.com)' action on view (view.getTag() is "email-input" and view has effective visibility <VISIBLE>)
12-17 17:20:55.327 26798 26823 I DetoxWSClient: Sending out action 'invokeResult' (ID #5)
12-17 17:20:55.328 26798 26823 I DetoxDispatcher: Done with action 'invoke'
12-17 17:20:55.338 26798 26827 D DetoxWSClient: Received action 'invoke' (ID #6, params={"target":{"type":"Class","value":"com.wix.detox.espresso.EspressoDetox"},"method":"perform","args":[{"type":"Invocation","value":{"target":{"type":"Class","value":"com.wix.detox.espresso.DetoxMatcher"},"method":"matcherForTestId","args":["password-input",{"type":"boolean","value":false}]}},{"type":"Invocation","value":{"target":{"type":"Class","value":"androidx.test.espresso.action.ViewActions"},"method":"replaceText","args":["Password123!"]}}]})
12-17 17:20:55.341 26798 26823 I DetoxDispatcher: Handling action 'invoke' (ID #6)...
12-17 17:20:55.342 26798 26823 D Detox   : class com.wix.detox.espresso.DetoxMatcher, matcherForTestId, [password-input, false]
12-17 17:20:55.342 26798 26823 D Detox   : class androidx.test.espresso.action.ViewActions, replaceText, [Password123!]
12-17 17:20:55.343 26798 26823 D Detox   : class com.wix.detox.espresso.EspressoDetox, perform, [(view.getTag() is "password-input" and view has effective visibility <VISIBLE>), androidx.test.espresso.action.ReplaceTextAction@23a9381]
12-17 17:20:55.350 26798 26798 D CompatibilityChangeReporter: Compat change id reported: 163400105; UID 10950; state: ENABLED
12-17 17:20:55.353 26798 26798 I AssistStructure: Flattened final assist data: 2396 bytes, containing 1 windows, 12 views
12-17 17:20:55.372 26798 26807 I OpenGLRenderer: Davey! duration=9223300634997ms; Flags=0, FrameTimelineVsyncId=2193450, IntendedVsync=71401856938034, Vsync=71401873604700, InputEventId=0, HandleInputStart=71401881610036, AnimationStart=71401881611547, PerformTraversalsStart=71401889192224, DrawStart=71401892059412, FrameDeadline=71401880938033, FrameInterval=71401881606807, FrameStartTime=8333333, SyncQueued=71401893474881, SyncStart=71401893553996, IssueDrawCommandsStart=71401893678944, SwapBuffers=71401894476600, FrameCompleted=9223372036854775807, DequeueBufferDuration=14896, QueueBufferDuration=555469, GpuCompleted=9223372036854775807, SwapBuffersCompleted=71401895333319, DisplayPresentTime=-5681290929927880704, 
12-17 17:20:55.424 26798 26798 I ViewInteraction: Performing 'replace text(Password123!)' action on view (view.getTag() is "password-input" and view has effective visibility <VISIBLE>)
12-17 17:20:55.428 26798 26823 I DetoxWSClient: Sending out action 'invokeResult' (ID #6)
12-17 17:20:55.428 26798 26823 I DetoxDispatcher: Done with action 'invoke'
12-17 17:20:55.438 26798 26827 D DetoxWSClient: Received action 'invoke' (ID #7, params={"target":{"type":"Class","value":"com.wix.detox.espresso.EspressoDetox"},"method":"perform","args":[{"type":"Invocation","value":{"target":{"type":"Class","value":"com.wix.detox.espresso.DetoxMatcher"},"method":"matcherForTestId","args":["login-button",{"type":"boolean","value":false}]}},{"type":"Invocation","value":{"target":{"type":"Class","value":"com.wix.detox.espresso.DetoxViewActions"},"method":"click","args":[]}}]})
12-17 17:20:55.438 26798 26823 I DetoxDispatcher: Handling action 'invoke' (ID #7)...
12-17 17:20:55.439 26798 26823 D Detox   : class com.wix.detox.espresso.DetoxMatcher, matcherForTestId, [login-button, false]
12-17 17:20:55.440 26798 26823 D Detox   : class com.wix.detox.espresso.DetoxViewActions, click, []
12-17 17:20:55.441 26798 26823 I com.detoxtest: hiddenapi: Accessing hidden method Landroid/view/ViewConfiguration;->getDoubleTapMinTime()I (runtime_flags=0, domain=platform, api=unsupported) from Lcom/wix/detox/espresso/action/common/DetoxViewConfigurations; (domain=app) using reflection: allowed
12-17 17:20:55.443 26798 26823 D Detox   : class com.wix.detox.espresso.EspressoDetox, perform, [(view.getTag() is "login-button" and view has effective visibility <VISIBLE>), com.wix.detox.espresso.action.RNClickAction@e2fac36]
12-17 17:20:55.476 26798 26798 I ViewInteraction: Performing 'com.wix.detox.espresso.action.detoxsingletap@888f737 click' action on view (view.getTag() is "login-button" and view has effective visibility <VISIBLE>)
12-17 17:20:55.565 26798 26977 I ReactNativeJS: Starting login process...
12-17 17:20:55.630 26798 26798 I ReactNative: [GESTURE HANDLER] Tearing down gesture handler registered for root view com.facebook.react.runtime.ReactSurfaceView{efd77cd V.E...... ......ID 0,0-1080,2225 #15}
12-17 17:20:56.592 26798 26977 I ReactNativeJS: ' Network check failed but continuing:', 'Aborted'
12-17 17:20:57.366 26798 26798 W UiControllerImpl: Waiting for: DYNAMIC_TASKS_HAVE_IDLED for 100 iterations.
12-17 17:20:57.600 26798 26977 I ReactNativeJS: Creating John Doe mock user for successful login
12-17 17:20:57.603 26798 26977 I ReactNativeJS: 'Login Successful!', 'Welcome back!'
12-17 17:20:58.095 26798 26823 I DetoxWSClient: Sending out action 'invokeResult' (ID #7)
12-17 17:20:58.099 26798 26823 I DetoxDispatcher: Done with action 'invoke'
12-17 17:21:01.116 26798 26827 D DetoxWSClient: Received action 'invoke' (ID #8, params={"target":{"type":"Class","value":"com.wix.detox.espresso.DetoxAssertion"},"method":"waitForAssertMatcher","args":[{"type":"Invocation","value":{"target":{"type":"Class","value":"androidx.test.espresso.Espresso"},"method":"onView","args":[{"type":"Invocation","value":{"target":{"type":"Class","value":"com.wix.detox.espresso.DetoxMatcher"},"method":"matcherForText","args":["Network Error. Please check your internet connection and try again.",{"type":"boolean","value":false}]}}]}},{"type":"Invocation","value":{"target":{"type":"Class","value":"com.wix.detox.espresso.DetoxMatcher"},"method":"matcherForSufficientlyVisible","args":[{"type":"Integer","value":75}]}},{"type":"Double","value":10}]})
12-17 17:21:01.118 26798 26823 I DetoxDispatcher: Handling action 'invoke' (ID #8)...
12-17 17:21:01.120 26798 26823 D Detox   : class com.wix.detox.espresso.DetoxMatcher, matcherForText, [Network Error. Please check your internet connection and try again., false]
12-17 17:21:01.126 26798 26823 D Detox   : class androidx.test.espresso.Espresso, onView, [(an instance of android.widget.TextView and view.getText() with or without transformation to match: is "Network Error. Please check your internet connection and try again." and view has effective visibility <VISIBLE>)]
12-17 17:21:01.133 26798 26823 D Detox   : class com.wix.detox.espresso.DetoxMatcher, matcherForSufficientlyVisible, [75]
12-17 17:21:01.137 26798 26823 D Detox   : class com.wix.detox.espresso.DetoxAssertion, waitForAssertMatcher, [androidx.test.espresso.ViewInteraction@7d8e8c8, (view has effective visibility <VISIBLE> and view.getGlobalVisibleRect() covers at least <75> percent of the view's area), 10.0]
12-17 17:21:01.185 26798 26798 I ViewInteraction: Checking 'MatchesViewAssertion(Detox){viewMatcher=(view has effective visibility <VISIBLE> and view.getGlobalVisibleRect() covers at least <75> percent of the view's area)}' assertion on view (an instance of android.widget.TextView and view.getText() with or without transformation to match: is "Network Error. Please check your internet connection and try again." and view has effective visibility <VISIBLE>)
12-17 17:21:01.251 26798 26798 I ViewInteraction: Checking 'MatchesViewAssertion(Detox){viewMatcher=(view has effective visibility <VISIBLE> and view.getGlobalVisibleRect() covers at least <75> percent of the view's area)}' assertion on view (an instance of android.widget.TextView and view.getText() with or without transformation to match: is "Network Error. Please check your internet connection and try again." and view has effective visibility <VISIBLE>)
12-17 17:21:01.312 26798 26798 I ViewInteraction: Checking 'MatchesViewAssertion(Detox){viewMatcher=(view has effective visibility <VISIBLE> and view.getGlobalVisibleRect() covers at least <75> percent of the view's area)}' assertion on view (an instance of android.widget.TextView and view.getText() with or without transformation to match: is "Network Error. Please check your internet connection and try again." and view has effective visibility <VISIBLE>)
12-17 17:21:01.371 26798 26798 I ViewInteraction: Checking 'MatchesViewAssertion(Detox){viewMatcher=(view has effective visibility <VISIBLE> and view.getGlobalVisibleRect() covers at least <75> percent of the view's area)}' assertion on view (an instance of android.widget.TextView and view.getText() with or without transformation to match: is "Network Error. Please check your internet connection and try again." and view has effective visibility <VISIBLE>)
12-17 17:21:01.450 26798 26798 I ViewInteraction: Checking 'MatchesViewAssertion(Detox){viewMatcher=(view has effective visibility <VISIBLE> and view.getGlobalVisibleRect() covers at least <75> percent of the view's area)}' assertion on view (an instance of android.widget.TextView and view.getText() with or without transformation to match: is "Network Error. Please check your internet connection and try again." and view has effective visibility <VISIBLE>)
12-17 17:21:01.509 26798 26798 I ViewInteraction: Checking 'MatchesViewAssertion(Detox){viewMatcher=(view has effective visibility <VISIBLE> and view.getGlobalVisibleRect() covers at least <75> percent of the view's area)}' assertion on view (an instance of android.widget.TextView and view.getText() with or without transformation to match: is "Network Error. Please check your internet connection and try again." and view has effective visibility <VISIBLE>)
12-17 17:21:01.575 26798 26798 I ViewInteraction: Checking 'MatchesViewAssertion(Detox){viewMatcher=(view has effective visibility <VISIBLE> and view.getGlobalVisibleRect() covers at least <75> percent of the view's area)}' assertion on view (an instance of android.widget.TextView and view.getText() with or without transformation to match: is "Network Error. Please check your internet connection and try again." and view has effective visibility <VISIBLE>)
12-17 17:21:01.635 26798 26798 I ViewInteraction: Checking 'MatchesViewAssertion(Detox){viewMatcher=(view has effective visibility <VISIBLE> and view.getGlobalVisibleRect() covers at least <75> percent of the view's area)}' assertion on view (an instance of android.widget.TextView and view.getText() with or without transformation to match: is "Network Error. Please check your internet connection and try again." and view has effective visibility <VISIBLE>)
12-17 17:21:01.687 26798 26798 I ViewInteraction: Checking 'MatchesViewAssertion(Detox){viewMatcher=(view has effective visibility <VISIBLE> and view.getGlobalVisibleRect() covers at least <75> percent of the view's area)}' assertion on view (an instance of android.widget.TextView and view.getText() with or without transformation to match: is "Network Error. Please check your internet connection and try again." and view has effective visibility <VISIBLE>)
12-17 17:21:01.747 26798 26798 I ViewInteraction: Checking 'MatchesViewAssertion(Detox){viewMatcher=(view has effective visibility <VISIBLE> and view.getGlobalVisibleRect() covers at least <75> percent of the view's area)}' assertion on view (an instance of android.widget.TextView and view.getText() with or without transformation to match: is "Network Error. Please check your internet connection and try again." and view has effective visibility <VISIBLE>)
12-17 17:21:01.825 26798 26798 I ViewInteraction: Checking 'MatchesViewAssertion(Detox){viewMatcher=(view has effective visibility <VISIBLE> and view.getGlobalVisibleRect() covers at least <75> percent of the view's area)}' assertion on view (an instance of android.widget.TextView and view.getText() with or without transformation to match: is "Network Error. Please check your internet connection and try again." and view has effective visibility <VISIBLE>)
12-17 17:21:01.893 26798 26798 I ViewInteraction: Checking 'MatchesViewAssertion(Detox){viewMatcher=(view has effective visibility <VISIBLE> and view.getGlobalVisibleRect() covers at least <75> percent of the view's area)}' assertion on view (an instance of android.widget.TextView and view.getText() with or without transformation to match: is "Network Error. Please check your internet connection and try again." and view has effective visibility <VISIBLE>)
12-17 17:21:01.949 26798 26798 I ViewInteraction: Checking 'MatchesViewAssertion(Detox){viewMatcher=(view has effective visibility <VISIBLE> and view.getGlobalVisibleRect() covers at least <75> percent of the view's area)}' assertion on view (an instance of android.widget.TextView and view.getText() with or without transformation to match: is "Network Error. Please check your internet connection and try again." and view has effective visibility <VISIBLE>)
12-17 17:21:02.013 26798 26798 I ViewInteraction: Checking 'MatchesViewAssertion(Detox){viewMatcher=(view has effective visibility <VISIBLE> and view.getGlobalVisibleRect() covers at least <75> percent of the view's area)}' assertion on view (an instance of android.widget.TextView and view.getText() with or without transformation to match: is "Network Error. Please check your internet connection and try again." and view has effective visibility <VISIBLE>)
12-17 17:21:02.069 26798 26798 I ViewInteraction: Checking 'MatchesViewAssertion(Detox){viewMatcher=(view has effective visibility <VISIBLE> and view.getGlobalVisibleRect() covers at least <75> percent of the view's area)}' assertion on view (an instance of android.widget.TextView and view.getText() with or without transformation to match: is "Network Error. Please check your internet connection and try again." and view has effective visibility <VISIBLE>)
12-17 17:21:02.134 26798 26798 I ViewInteraction: Checking 'MatchesViewAssertion(Detox){viewMatcher=(view has effective visibility <VISIBLE> and view.getGlobalVisibleRect() covers at least <75> percent of the view's area)}' assertion on view (an instance of android.widget.TextView and view.getText() with or without transformation to match: is "Network Error. Please check your internet connection and try again." and view has effective visibility <VISIBLE>)
12-17 17:21:02.190 26798 26798 I ViewInteraction: Checking 'MatchesViewAssertion(Detox){viewMatcher=(view has effective visibility <VISIBLE> and view.getGlobalVisibleRect() covers at least <75> percent of the view's area)}' assertion on view (an instance of android.widget.TextView and view.getText() with or without transformation to match: is "Network Error. Please check your internet connection and try again." and view has effective visibility <VISIBLE>)
12-17 17:21:02.266 26798 26798 I ViewInteraction: Checking 'MatchesViewAssertion(Detox){viewMatcher=(view has effective visibility <VISIBLE> and view.getGlobalVisibleRect() covers at least <75> percent of the view's area)}' assertion on view (an instance of android.widget.TextView and view.getText() with or without transformation to match: is "Network Error. Please check your internet connection and try again." and view has effective visibility <VISIBLE>)
12-17 17:21:02.348 26798 26798 I ViewInteraction: Checking 'MatchesViewAssertion(Detox){viewMatcher=(view has effective visibility <VISIBLE> and view.getGlobalVisibleRect() covers at least <75> percent of the view's area)}' assertion on view (an instance of android.widget.TextView and view.getText() with or without transformation to match: is "Network Error. Please check your internet connection and try again." and view has effective visibility <VISIBLE>)
12-17 17:21:02.431 26798 26798 I ViewInteraction: Checking 'MatchesViewAssertion(Detox){viewMatcher=(view has effective visibility <VISIBLE> and view.getGlobalVisibleRect() covers at least <75> percent of the view's area)}' assertion on view (an instance of android.widget.TextView and view.getText() with or without transformation to match: is "Network Error. Please check your internet connection and try again." and view has effective visibility <VISIBLE>)
12-17 17:21:02.514 26798 26798 I ViewInteraction: Checking 'MatchesViewAssertion(Detox){viewMatcher=(view has effective visibility <VISIBLE> and view.getGlobalVisibleRect() covers at least <75> percent of the view's area)}' assertion on view (an instance of android.widget.TextView and view.getText() with or without transformation to match: is "Network Error. Please check your internet connection and try again." and view has effective visibility <VISIBLE>)
12-17 17:21:02.569 26798 26798 I ViewInteraction: Checking 'MatchesViewAssertion(Detox){viewMatcher=(view has effective visibility <VISIBLE> and view.getGlobalVisibleRect() covers at least <75> percent of the view's area)}' assertion on view (an instance of android.widget.TextView and view.getText() with or without transformation to match: is "Network Error. Please check your internet connection and try again." and view has effective visibility <VISIBLE>)
12-17 17:21:02.631 26798 26798 I ViewInteraction: Checking 'MatchesViewAssertion(Detox){viewMatcher=(view has effective visibility <VISIBLE> and view.getGlobalVisibleRect() covers at least <75> percent of the view's area)}' assertion on view (an instance of android.widget.TextView and view.getText() with or without transformation to match: is "Network Error. Please check your internet connection and try again." and view has effective visibility <VISIBLE>)
12-17 17:21:02.687 26798 26798 I ViewInteraction: Checking 'MatchesViewAssertion(Detox){viewMatcher=(view has effective visibility <VISIBLE> and view.getGlobalVisibleRect() covers at least <75> percent of the view's area)}' assertion on view (an instance of android.widget.TextView and view.getText() with or without transformation to match: is "Network Error. Please check your internet connection and try again." and view has effective visibility <VISIBLE>)
12-17 17:21:02.755 26798 26798 I ViewInteraction: Checking 'MatchesViewAssertion(Detox){viewMatcher=(view has effective visibility <VISIBLE> and view.getGlobalVisibleRect() covers at least <75> percent of the view's area)}' assertion on view (an instance of android.widget.TextView and view.getText() with or without transformation to match: is "Network Error. Please check your internet connection and try again." and view has effective visibility <VISIBLE>)
12-17 17:21:02.838 26798 26798 I ViewInteraction: Checking 'MatchesViewAssertion(Detox){viewMatcher=(view has effective visibility <VISIBLE> and view.getGlobalVisibleRect() covers at least <75> percent of the view's area)}' assertion on view (an instance of android.widget.TextView and view.getText() with or without transformation to match: is "Network Error. Please check your internet connection and try again." and view has effective visibility <VISIBLE>)
12-17 17:21:02.895 26798 26798 I ViewInteraction: Checking 'MatchesViewAssertion(Detox){viewMatcher=(view has effective visibility <VISIBLE> and view.getGlobalVisibleRect() covers at least <75> percent of the view's area)}' assertion on view (an instance of android.widget.TextView and view.getText() with or without transformation to match: is "Network Error. Please check your internet connection and try again." and view has effective visibility <VISIBLE>)
12-17 17:21:02.946 26798 26798 I ViewInteraction: Checking 'MatchesViewAssertion(Detox){viewMatcher=(view has effective visibility <VISIBLE> and view.getGlobalVisibleRect() covers at least <75> percent of the view's area)}' assertion on view (an instance of android.widget.TextView and view.getText() with or without transformation to match: is "Network Error. Please check your internet connection and try again." and view has effective visibility <VISIBLE>)
12-17 17:21:03.027 26798 26798 I ViewInteraction: Checking 'MatchesViewAssertion(Detox){viewMatcher=(view has effective visibility <VISIBLE> and view.getGlobalVisibleRect() covers at least <75> percent of the view's area)}' assertion on view (an instance of android.widget.TextView and view.getText() with or without transformation to match: is "Network Error. Please check your internet connection and try again." and view has effective visibility <VISIBLE>)
12-17 17:21:03.107 26798 26798 I ViewInteraction: Checking 'MatchesViewAssertion(Detox){viewMatcher=(view has effective visibility <VISIBLE> and view.getGlobalVisibleRect() covers at least <75> percent of the view's area)}' assertion on view (an instance of android.widget.TextView and view.getText() with or without transformation to match: is "Network Error. Please check your internet connection and try again." and view has effective visibility <VISIBLE>)
12-17 17:21:03.187 26798 26798 I ViewInteraction: Checking 'MatchesViewAssertion(Detox){viewMatcher=(view has effective visibility <VISIBLE> and view.getGlobalVisibleRect() covers at least <75> percent of the view's area)}' assertion on view (an instance of android.widget.TextView and view.getText() with or without transformation to match: is "Network Error. Please check your internet connection and try again." and view has effective visibility <VISIBLE>)
12-17 17:21:03.269 26798 26798 I ViewInteraction: Checking 'MatchesViewAssertion(Detox){viewMatcher=(view has effective visibility <VISIBLE> and view.getGlobalVisibleRect() covers at least <75> percent of the view's area)}' assertion on view (an instance of android.widget.TextView and view.getText() with or without transformation to match: is "Network Error. Please check your internet connection and try again." and view has effective visibility <VISIBLE>)
12-17 17:21:03.342 26798 26798 I ViewInteraction: Checking 'MatchesViewAssertion(Detox){viewMatcher=(view has effective visibility <VISIBLE> and view.getGlobalVisibleRect() covers at least <75> percent of the view's area)}' assertion on view (an instance of android.widget.TextView and view.getText() with or without transformation to match: is "Network Error. Please check your internet connection and try again." and view has effective visibility <VISIBLE>)
12-17 17:21:03.427 26798 26798 I ViewInteraction: Checking 'MatchesViewAssertion(Detox){viewMatcher=(view has effective visibility <VISIBLE> and view.getGlobalVisibleRect() covers at least <75> percent of the view's area)}' assertion on view (an instance of android.widget.TextView and view.getText() with or without transformation to match: is "Network Error. Please check your internet connection and try again." and view has effective visibility <VISIBLE>)
12-17 17:21:03.483 26798 26798 I ViewInteraction: Checking 'MatchesViewAssertion(Detox){viewMatcher=(view has effective visibility <VISIBLE> and view.getGlobalVisibleRect() covers at least <75> percent of the view's area)}' assertion on view (an instance of android.widget.TextView and view.getText() with or without transformation to match: is "Network Error. Please check your internet connection and try again." and view has effective visibility <VISIBLE>)
12-17 17:21:03.528 26798 26803 I com.detoxtest: Background concurrent copying GC freed 8027KB AllocSpace bytes, 66(1192KB) LOS objects, 49% free, 9735KB/19MB, paused 72us,46us total 101.070ms
12-17 17:21:03.529 26798 26798 I ViewInteraction: Checking 'MatchesViewAssertion(Detox){viewMatcher=(view has effective visibility <VISIBLE> and view.getGlobalVisibleRect() covers at least <75> percent of the view's area)}' assertion on view (an instance of android.widget.TextView and view.getText() with or without transformation to match: is "Network Error. Please check your internet connection and try again." and view has effective visibility <VISIBLE>)
12-17 17:21:03.570 26798 26798 I ViewInteraction: Checking 'MatchesViewAssertion(Detox){viewMatcher=(view has effective visibility <VISIBLE> and view.getGlobalVisibleRect() covers at least <75> percent of the view's area)}' assertion on view (an instance of android.widget.TextView and view.getText() with or without transformation to match: is "Network Error. Please check your internet connection and try again." and view has effective visibility <VISIBLE>)
12-17 17:21:03.623 26798 26798 I ViewInteraction: Checking 'MatchesViewAssertion(Detox){viewMatcher=(view has effective visibility <VISIBLE> and view.getGlobalVisibleRect() covers at least <75> percent of the view's area)}' assertion on view (an instance of android.widget.TextView and view.getText() with or without transformation to match: is "Network Error. Please check your internet connection and try again." and view has effective visibility <VISIBLE>)
12-17 17:21:03.682 26798 26798 I ViewInteraction: Checking 'MatchesViewAssertion(Detox){viewMatcher=(view has effective visibility <VISIBLE> and view.getGlobalVisibleRect() covers at least <75> percent of the view's area)}' assertion on view (an instance of android.widget.TextView and view.getText() with or without transformation to match: is "Network Error. Please check your internet connection and try again." and view has effective visibility <VISIBLE>)
12-17 17:21:03.755 26798 26798 I ViewInteraction: Checking 'MatchesViewAssertion(Detox){viewMatcher=(view has effective visibility <VISIBLE> and view.getGlobalVisibleRect() covers at least <75> percent of the view's area)}' assertion on view (an instance of android.widget.TextView and view.getText() with or without transformation to match: is "Network Error. Please check your internet connection and try again." and view has effective visibility <VISIBLE>)
12-17 17:21:03.814 26798 26798 I ViewInteraction: Checking 'MatchesViewAssertion(Detox){viewMatcher=(view has effective visibility <VISIBLE> and view.getGlobalVisibleRect() covers at least <75> percent of the view's area)}' assertion on view (an instance of android.widget.TextView and view.getText() with or without transformation to match: is "Network Error. Please check your internet connection and try again." and view has effective visibility <VISIBLE>)
12-17 17:21:03.857 26798 26798 I ViewInteraction: Checking 'MatchesViewAssertion(Detox){viewMatcher=(view has effective visibility <VISIBLE> and view.getGlobalVisibleRect() covers at least <75> percent of the view's area)}' assertion on view (an instance of android.widget.TextView and view.getText() with or without transformation to match: is "Network Error. Please check your internet connection and try again." and view has effective visibility <VISIBLE>)
12-17 17:21:03.907 26798 26798 I ViewInteraction: Checking 'MatchesViewAssertion(Detox){viewMatcher=(view has effective visibility <VISIBLE> and view.getGlobalVisibleRect() covers at least <75> percent of the view's area)}' assertion on view (an instance of android.widget.TextView and view.getText() with or without transformation to match: is "Network Error. Please check your internet connection and try again." and view has effective visibility <VISIBLE>)
12-17 17:21:03.960 26798 26798 I ViewInteraction: Checking 'MatchesViewAssertion(Detox){viewMatcher=(view has effective visibility <VISIBLE> and view.getGlobalVisibleRect() covers at least <75> percent of the view's area)}' assertion on view (an instance of android.widget.TextView and view.getText() with or without transformation to match: is "Network Error. Please check your internet connection and try again." and view has effective visibility <VISIBLE>)
12-17 17:21:04.012 26798 26798 I ViewInteraction: Checking 'MatchesViewAssertion(Detox){viewMatcher=(view has effective visibility <VISIBLE> and view.getGlobalVisibleRect() covers at least <75> percent of the view's area)}' assertion on view (an instance of android.widget.TextView and view.getText() with or without transformation to match: is "Network Error. Please check your internet connection and try again." and view has effective visibility <VISIBLE>)
12-17 17:21:04.052 26798 26798 I ViewInteraction: Checking 'MatchesViewAssertion(Detox){viewMatcher=(view has effective visibility <VISIBLE> and view.getGlobalVisibleRect() covers at least <75> percent of the view's area)}' assertion on view (an instance of android.widget.TextView and view.getText() with or without transformation to match: is "Network Error. Please check your internet connection and try again." and view has effective visibility <VISIBLE>)
12-17 17:21:04.105 26798 26798 I ViewInteraction: Checking 'MatchesViewAssertion(Detox){viewMatcher=(view has effective visibility <VISIBLE> and view.getGlobalVisibleRect() covers at least <75> percent of the view's area)}' assertion on view (an instance of android.widget.TextView and view.getText() with or without transformation to match: is "Network Error. Please check your internet connection and try again." and view has effective visibility <VISIBLE>)
12-17 17:21:04.155 26798 26798 I ViewInteraction: Checking 'MatchesViewAssertion(Detox){viewMatcher=(view has effective visibility <VISIBLE> and view.getGlobalVisibleRect() covers at least <75> percent of the view's area)}' assertion on view (an instance of android.widget.TextView and view.getText() with or without transformation to match: is "Network Error. Please check your internet connection and try again." and view has effective visibility <VISIBLE>)
12-17 17:21:04.211 26798 26798 I ViewInteraction: Checking 'MatchesViewAssertion(Detox){viewMatcher=(view has effective visibility <VISIBLE> and view.getGlobalVisibleRect() covers at least <75> percent of the view's area)}' assertion on view (an instance of android.widget.TextView and view.getText() with or without transformation to match: is "Network Error. Please check your internet connection and try again." and view has effective visibility <VISIBLE>)
12-17 17:21:04.281 26798 26798 I ViewInteraction: Checking 'MatchesViewAssertion(Detox){viewMatcher=(view has effective visibility <VISIBLE> and view.getGlobalVisibleRect() covers at least <75> percent of the view's area)}' assertion on view (an instance of android.widget.TextView and view.getText() with or without transformation to match: is "Network Error. Please check your internet connection and try again." and view has effective visibility <VISIBLE>)
12-17 17:21:04.374 26798 26798 I ViewInteraction: Checking 'MatchesViewAssertion(Detox){viewMatcher=(view has effective visibility <VISIBLE> and view.getGlobalVisibleRect() covers at least <75> percent of the view's area)}' assertion on view (an instance of android.widget.TextView and view.getText() with or without transformation to match: is "Network Error. Please check your internet connection and try again." and view has effective visibility <VISIBLE>)
12-17 17:21:04.423 26798 26798 I ViewInteraction: Checking 'MatchesViewAssertion(Detox){viewMatcher=(view has effective visibility <VISIBLE> and view.getGlobalVisibleRect() covers at least <75> percent of the view's area)}' assertion on view (an instance of android.widget.TextView and view.getText() with or without transformation to match: is "Network Error. Please check your internet connection and try again." and view has effective visibility <VISIBLE>)
12-17 17:21:04.482 26798 26798 I ViewInteraction: Checking 'MatchesViewAssertion(Detox){viewMatcher=(view has effective visibility <VISIBLE> and view.getGlobalVisibleRect() covers at least <75> percent of the view's area)}' assertion on view (an instance of android.widget.TextView and view.getText() with or without transformation to match: is "Network Error. Please check your internet connection and try again." and view has effective visibility <VISIBLE>)
12-17 17:21:04.577 26798 26798 I ViewInteraction: Checking 'MatchesViewAssertion(Detox){viewMatcher=(view has effective visibility <VISIBLE> and view.getGlobalVisibleRect() covers at least <75> percent of the view's area)}' assertion on view (an instance of android.widget.TextView and view.getText() with or without transformation to match: is "Network Error. Please check your internet connection and try again." and view has effective visibility <VISIBLE>)
12-17 17:21:04.659 26798 26798 I ViewInteraction: Checking 'MatchesViewAssertion(Detox){viewMatcher=(view has effective visibility <VISIBLE> and view.getGlobalVisibleRect() covers at least <75> percent of the view's area)}' assertion on view (an instance of android.widget.TextView and view.getText() with or without transformation to match: is "Network Error. Please check your internet connection and try again." and view has effective visibility <VISIBLE>)
12-17 17:21:04.746 26798 26798 I ViewInteraction: Checking 'MatchesViewAssertion(Detox){viewMatcher=(view has effective visibility <VISIBLE> and view.getGlobalVisibleRect() covers at least <75> percent of the view's area)}' assertion on view (an instance of android.widget.TextView and view.getText() with or without transformation to match: is "Network Error. Please check your internet connection and try again." and view has effective visibility <VISIBLE>)
12-17 17:21:04.825 26798 26798 I ViewInteraction: Checking 'MatchesViewAssertion(Detox){viewMatcher=(view has effective visibility <VISIBLE> and view.getGlobalVisibleRect() covers at least <75> percent of the view's area)}' assertion on view (an instance of android.widget.TextView and view.getText() with or without transformation to match: is "Network Error. Please check your internet connection and try again." and view has effective visibility <VISIBLE>)
12-17 17:21:04.894 26798 26798 I ViewInteraction: Checking 'MatchesViewAssertion(Detox){viewMatcher=(view has effective visibility <VISIBLE> and view.getGlobalVisibleRect() covers at least <75> percent of the view's area)}' assertion on view (an instance of android.widget.TextView and view.getText() with or without transformation to match: is "Network Error. Please check your internet connection and try again." and view has effective visibility <VISIBLE>)
12-17 17:21:04.970 26798 26798 I ViewInteraction: Checking 'MatchesViewAssertion(Detox){viewMatcher=(view has effective visibility <VISIBLE> and view.getGlobalVisibleRect() covers at least <75> percent of the view's area)}' assertion on view (an instance of android.widget.TextView and view.getText() with or without transformation to match: is "Network Error. Please check your internet connection and try again." and view has effective visibility <VISIBLE>)
12-17 17:21:05.050 26798 26798 I ViewInteraction: Checking 'MatchesViewAssertion(Detox){viewMatcher=(view has effective visibility <VISIBLE> and view.getGlobalVisibleRect() covers at least <75> percent of the view's area)}' assertion on view (an instance of android.widget.TextView and view.getText() with or without transformation to match: is "Network Error. Please check your internet connection and try again." and view has effective visibility <VISIBLE>)
12-17 17:21:05.130 26798 26798 I ViewInteraction: Checking 'MatchesViewAssertion(Detox){viewMatcher=(view has effective visibility <VISIBLE> and view.getGlobalVisibleRect() covers at least <75> percent of the view's area)}' assertion on view (an instance of android.widget.TextView and view.getText() with or without transformation to match: is "Network Error. Please check your internet connection and try again." and view has effective visibility <VISIBLE>)
12-17 17:21:05.209 26798 26798 I ViewInteraction: Checking 'MatchesViewAssertion(Detox){viewMatcher=(view has effective visibility <VISIBLE> and view.getGlobalVisibleRect() covers at least <75> percent of the view's area)}' assertion on view (an instance of android.widget.TextView and view.getText() with or without transformation to match: is "Network Error. Please check your internet connection and try again." and view has effective visibility <VISIBLE>)
12-17 17:21:05.288 26798 26798 I ViewInteraction: Checking 'MatchesViewAssertion(Detox){viewMatcher=(view has effective visibility <VISIBLE> and view.getGlobalVisibleRect() covers at least <75> percent of the view's area)}' assertion on view (an instance of android.widget.TextView and view.getText() with or without transformation to match: is "Network Error. Please check your internet connection and try again." and view has effective visibility <VISIBLE>)
12-17 17:21:05.360 26798 26798 I ViewInteraction: Checking 'MatchesViewAssertion(Detox){viewMatcher=(view has effective visibility <VISIBLE> and view.getGlobalVisibleRect() covers at least <75> percent of the view's area)}' assertion on view (an instance of android.widget.TextView and view.getText() with or without transformation to match: is "Network Error. Please check your internet connection and try again." and view has effective visibility <VISIBLE>)
12-17 17:21:05.437 26798 26798 I ViewInteraction: Checking 'MatchesViewAssertion(Detox){viewMatcher=(view has effective visibility <VISIBLE> and view.getGlobalVisibleRect() covers at least <75> percent of the view's area)}' assertion on view (an instance of android.widget.TextView and view.getText() with or without transformation to match: is "Network Error. Please check your internet connection and try again." and view has effective visibility <VISIBLE>)
12-17 17:21:05.514 26798 26798 I ViewInteraction: Checking 'MatchesViewAssertion(Detox){viewMatcher=(view has effective visibility <VISIBLE> and view.getGlobalVisibleRect() covers at least <75> percent of the view's area)}' assertion on view (an instance of android.widget.TextView and view.getText() with or without transformation to match: is "Network Error. Please check your internet connection and try again." and view has effective visibility <VISIBLE>)
12-17 17:21:05.593 26798 26798 I ViewInteraction: Checking 'MatchesViewAssertion(Detox){viewMatcher=(view has effective visibility <VISIBLE> and view.getGlobalVisibleRect() covers at least <75> percent of the view's area)}' assertion on view (an instance of android.widget.TextView and view.getText() with or without transformation to match: is "Network Error. Please check your internet connection and try again." and view has effective visibility <VISIBLE>)
12-17 17:21:05.637 26798 26798 I ViewInteraction: Checking 'MatchesViewAssertion(Detox){viewMatcher=(view has effective visibility <VISIBLE> and view.getGlobalVisibleRect() covers at least <75> percent of the view's area)}' assertion on view (an instance of android.widget.TextView and view.getText() with or without transformation to match: is "Network Error. Please check your internet connection and try again." and view has effective visibility <VISIBLE>)
12-17 17:21:05.688 26798 26798 I ViewInteraction: Checking 'MatchesViewAssertion(Detox){viewMatcher=(view has effective visibility <VISIBLE> and view.getGlobalVisibleRect() covers at least <75> percent of the view's area)}' assertion on view (an instance of android.widget.TextView and view.getText() with or without transformation to match: is "Network Error. Please check your internet connection and try again." and view has effective visibility <VISIBLE>)
12-17 17:21:05.740 26798 26798 I ViewInteraction: Checking 'MatchesViewAssertion(Detox){viewMatcher=(view has effective visibility <VISIBLE> and view.getGlobalVisibleRect() covers at least <75> percent of the view's area)}' assertion on view (an instance of android.widget.TextView and view.getText() with or without transformation to match: is "Network Error. Please check your internet connection and try again." and view has effective visibility <VISIBLE>)
12-17 17:21:05.823 26798 26798 I ViewInteraction: Checking 'MatchesViewAssertion(Detox){viewMatcher=(view has effective visibility <VISIBLE> and view.getGlobalVisibleRect() covers at least <75> percent of the view's area)}' assertion on view (an instance of android.widget.TextView and view.getText() with or without transformation to match: is "Network Error. Please check your internet connection and try again." and view has effective visibility <VISIBLE>)
12-17 17:21:05.892 26798 26798 I ViewInteraction: Checking 'MatchesViewAssertion(Detox){viewMatcher=(view has effective visibility <VISIBLE> and view.getGlobalVisibleRect() covers at least <75> percent of the view's area)}' assertion on view (an instance of android.widget.TextView and view.getText() with or without transformation to match: is "Network Error. Please check your internet connection and try again." and view has effective visibility <VISIBLE>)
12-17 17:21:05.951 26798 26798 I ViewInteraction: Checking 'MatchesViewAssertion(Detox){viewMatcher=(view has effective visibility <VISIBLE> and view.getGlobalVisibleRect() covers at least <75> percent of the view's area)}' assertion on view (an instance of android.widget.TextView and view.getText() with or without transformation to match: is "Network Error. Please check your internet connection and try again." and view has effective visibility <VISIBLE>)
12-17 17:21:06.006 26798 26798 I ViewInteraction: Checking 'MatchesViewAssertion(Detox){viewMatcher=(view has effective visibility <VISIBLE> and view.getGlobalVisibleRect() covers at least <75> percent of the view's area)}' assertion on view (an instance of android.widget.TextView and view.getText() with or without transformation to match: is "Network Error. Please check your internet connection and try again." and view has effective visibility <VISIBLE>)
12-17 17:21:06.080 26798 26798 I ViewInteraction: Checking 'MatchesViewAssertion(Detox){viewMatcher=(view has effective visibility <VISIBLE> and view.getGlobalVisibleRect() covers at least <75> percent of the view's area)}' assertion on view (an instance of android.widget.TextView and view.getText() with or without transformation to match: is "Network Error. Please check your internet connection and try again." and view has effective visibility <VISIBLE>)
12-17 17:21:06.177 26798 26798 I ViewInteraction: Checking 'MatchesViewAssertion(Detox){viewMatcher=(view has effective visibility <VISIBLE> and view.getGlobalVisibleRect() covers at least <75> percent of the view's area)}' assertion on view (an instance of android.widget.TextView and view.getText() with or without transformation to match: is "Network Error. Please check your internet connection and try again." and view has effective visibility <VISIBLE>)
12-17 17:21:06.260 26798 26798 I ViewInteraction: Checking 'MatchesViewAssertion(Detox){viewMatcher=(view has effective visibility <VISIBLE> and view.getGlobalVisibleRect() covers at least <75> percent of the view's area)}' assertion on view (an instance of android.widget.TextView and view.getText() with or without transformation to match: is "Network Error. Please check your internet connection and try again." and view has effective visibility <VISIBLE>)
12-17 17:21:06.355 26798 26798 I ViewInteraction: Checking 'MatchesViewAssertion(Detox){viewMatcher=(view has effective visibility <VISIBLE> and view.getGlobalVisibleRect() covers at least <75> percent of the view's area)}' assertion on view (an instance of android.widget.TextView and view.getText() with or without transformation to match: is "Network Error. Please check your internet connection and try again." and view has effective visibility <VISIBLE>)
12-17 17:21:06.436 26798 26798 I ViewInteraction: Checking 'MatchesViewAssertion(Detox){viewMatcher=(view has effective visibility <VISIBLE> and view.getGlobalVisibleRect() covers at least <75> percent of the view's area)}' assertion on view (an instance of android.widget.TextView and view.getText() with or without transformation to match: is "Network Error. Please check your internet connection and try again." and view has effective visibility <VISIBLE>)
12-17 17:21:06.514 26798 26798 I ViewInteraction: Checking 'MatchesViewAssertion(Detox){viewMatcher=(view has effective visibility <VISIBLE> and view.getGlobalVisibleRect() covers at least <75> percent of the view's area)}' assertion on view (an instance of android.widget.TextView and view.getText() with or without transformation to match: is "Network Error. Please check your internet connection and try again." and view has effective visibility <VISIBLE>)
12-17 17:21:06.587 26798 26798 I ViewInteraction: Checking 'MatchesViewAssertion(Detox){viewMatcher=(view has effective visibility <VISIBLE> and view.getGlobalVisibleRect() covers at least <75> percent of the view's area)}' assertion on view (an instance of android.widget.TextView and view.getText() with or without transformation to match: is "Network Error. Please check your internet connection and try again." and view has effective visibility <VISIBLE>)
12-17 17:21:06.674 26798 26798 I ViewInteraction: Checking 'MatchesViewAssertion(Detox){viewMatcher=(view has effective visibility <VISIBLE> and view.getGlobalVisibleRect() covers at least <75> percent of the view's area)}' assertion on view (an instance of android.widget.TextView and view.getText() with or without transformation to match: is "Network Error. Please check your internet connection and try again." and view has effective visibility <VISIBLE>)
12-17 17:21:06.732 26798 26798 I ViewInteraction: Checking 'MatchesViewAssertion(Detox){viewMatcher=(view has effective visibility <VISIBLE> and view.getGlobalVisibleRect() covers at least <75> percent of the view's area)}' assertion on view (an instance of android.widget.TextView and view.getText() with or without transformation to match: is "Network Error. Please check your internet connection and try again." and view has effective visibility <VISIBLE>)
12-17 17:21:06.775 26798 26798 I ViewInteraction: Checking 'MatchesViewAssertion(Detox){viewMatcher=(view has effective visibility <VISIBLE> and view.getGlobalVisibleRect() covers at least <75> percent of the view's area)}' assertion on view (an instance of android.widget.TextView and view.getText() with or without transformation to match: is "Network Error. Please check your internet connection and try again." and view has effective visibility <VISIBLE>)
12-17 17:21:06.826 26798 26798 I ViewInteraction: Checking 'MatchesViewAssertion(Detox){viewMatcher=(view has effective visibility <VISIBLE> and view.getGlobalVisibleRect() covers at least <75> percent of the view's area)}' assertion on view (an instance of android.widget.TextView and view.getText() with or without transformation to match: is "Network Error. Please check your internet connection and try again." and view has effective visibility <VISIBLE>)
12-17 17:21:06.883 26798 26798 I ViewInteraction: Checking 'MatchesViewAssertion(Detox){viewMatcher=(view has effective visibility <VISIBLE> and view.getGlobalVisibleRect() covers at least <75> percent of the view's area)}' assertion on view (an instance of android.widget.TextView and view.getText() with or without transformation to match: is "Network Error. Please check your internet connection and try again." and view has effective visibility <VISIBLE>)
12-17 17:21:06.935 26798 26798 I ViewInteraction: Checking 'MatchesViewAssertion(Detox){viewMatcher=(view has effective visibility <VISIBLE> and view.getGlobalVisibleRect() covers at least <75> percent of the view's area)}' assertion on view (an instance of android.widget.TextView and view.getText() with or without transformation to match: is "Network Error. Please check your internet connection and try again." and view has effective visibility <VISIBLE>)
12-17 17:21:06.987 26798 26798 I ViewInteraction: Checking 'MatchesViewAssertion(Detox){viewMatcher=(view has effective visibility <VISIBLE> and view.getGlobalVisibleRect() covers at least <75> percent of the view's area)}' assertion on view (an instance of android.widget.TextView and view.getText() with or without transformation to match: is "Network Error. Please check your internet connection and try again." and view has effective visibility <VISIBLE>)
12-17 17:21:07.061 26798 26798 I ViewInteraction: Checking 'MatchesViewAssertion(Detox){viewMatcher=(view has effective visibility <VISIBLE> and view.getGlobalVisibleRect() covers at least <75> percent of the view's area)}' assertion on view (an instance of android.widget.TextView and view.getText() with or without transformation to match: is "Network Error. Please check your internet connection and try again." and view has effective visibility <VISIBLE>)
12-17 17:21:07.143 26798 26798 I ViewInteraction: Checking 'MatchesViewAssertion(Detox){viewMatcher=(view has effective visibility <VISIBLE> and view.getGlobalVisibleRect() covers at least <75> percent of the view's area)}' assertion on view (an instance of android.widget.TextView and view.getText() with or without transformation to match: is "Network Error. Please check your internet connection and try again." and view has effective visibility <VISIBLE>)
12-17 17:21:07.233 26798 26798 I ViewInteraction: Checking 'MatchesViewAssertion(Detox){viewMatcher=(view has effective visibility <VISIBLE> and view.getGlobalVisibleRect() covers at least <75> percent of the view's area)}' assertion on view (an instance of android.widget.TextView and view.getText() with or without transformation to match: is "Network Error. Please check your internet connection and try again." and view has effective visibility <VISIBLE>)
12-17 17:21:07.310 26798 26798 I ViewInteraction: Checking 'MatchesViewAssertion(Detox){viewMatcher=(view has effective visibility <VISIBLE> and view.getGlobalVisibleRect() covers at least <75> percent of the view's area)}' assertion on view (an instance of android.widget.TextView and view.getText() with or without transformation to match: is "Network Error. Please check your internet connection and try again." and view has effective visibility <VISIBLE>)
12-17 17:21:07.387 26798 26798 I ViewInteraction: Checking 'MatchesViewAssertion(Detox){viewMatcher=(view has effective visibility <VISIBLE> and view.getGlobalVisibleRect() covers at least <75> percent of the view's area)}' assertion on view (an instance of android.widget.TextView and view.getText() with or without transformation to match: is "Network Error. Please check your internet connection and try again." and view has effective visibility <VISIBLE>)
12-17 17:21:07.460 26798 26798 I ViewInteraction: Checking 'MatchesViewAssertion(Detox){viewMatcher=(view has effective visibility <VISIBLE> and view.getGlobalVisibleRect() covers at least <75> percent of the view's area)}' assertion on view (an instance of android.widget.TextView and view.getText() with or without transformation to match: is "Network Error. Please check your internet connection and try again." and view has effective visibility <VISIBLE>)
12-17 17:21:07.553 26798 26798 I ViewInteraction: Checking 'MatchesViewAssertion(Detox){viewMatcher=(view has effective visibility <VISIBLE> and view.getGlobalVisibleRect() covers at least <75> percent of the view's area)}' assertion on view (an instance of android.widget.TextView and view.getText() with or without transformation to match: is "Network Error. Please check your internet connection and try again." and view has effective visibility <VISIBLE>)
12-17 17:21:07.628 26798 26798 I ViewInteraction: Checking 'MatchesViewAssertion(Detox){viewMatcher=(view has effective visibility <VISIBLE> and view.getGlobalVisibleRect() covers at least <75> percent of the view's area)}' assertion on view (an instance of android.widget.TextView and view.getText() with or without transformation to match: is "Network Error. Please check your internet connection and try again." and view has effective visibility <VISIBLE>)
12-17 17:21:07.697 26798 26798 I ViewInteraction: Checking 'MatchesViewAssertion(Detox){viewMatcher=(view has effective visibility <VISIBLE> and view.getGlobalVisibleRect() covers at least <75> percent of the view's area)}' assertion on view (an instance of android.widget.TextView and view.getText() with or without transformation to match: is "Network Error. Please check your internet connection and try again." and view has effective visibility <VISIBLE>)
12-17 17:21:07.773 26798 26798 I ViewInteraction: Checking 'MatchesViewAssertion(Detox){viewMatcher=(view has effective visibility <VISIBLE> and view.getGlobalVisibleRect() covers at least <75> percent of the view's area)}' assertion on view (an instance of android.widget.TextView and view.getText() with or without transformation to match: is "Network Error. Please check your internet connection and try again." and view has effective visibility <VISIBLE>)
12-17 17:21:07.851 26798 26798 I ViewInteraction: Checking 'MatchesViewAssertion(Detox){viewMatcher=(view has effective visibility <VISIBLE> and view.getGlobalVisibleRect() covers at least <75> percent of the view's area)}' assertion on view (an instance of android.widget.TextView and view.getText() with or without transformation to match: is "Network Error. Please check your internet connection and try again." and view has effective visibility <VISIBLE>)
12-17 17:21:07.899 26798 26798 I ViewInteraction: Checking 'MatchesViewAssertion(Detox){viewMatcher=(view has effective visibility <VISIBLE> and view.getGlobalVisibleRect() covers at least <75> percent of the view's area)}' assertion on view (an instance of android.widget.TextView and view.getText() with or without transformation to match: is "Network Error. Please check your internet connection and try again." and view has effective visibility <VISIBLE>)
12-17 17:21:07.948 26798 26798 I ViewInteraction: Checking 'MatchesViewAssertion(Detox){viewMatcher=(view has effective visibility <VISIBLE> and view.getGlobalVisibleRect() covers at least <75> percent of the view's area)}' assertion on view (an instance of android.widget.TextView and view.getText() with or without transformation to match: is "Network Error. Please check your internet connection and try again." and view has effective visibility <VISIBLE>)
12-17 17:21:08.005 26798 26798 I ViewInteraction: Checking 'MatchesViewAssertion(Detox){viewMatcher=(view has effective visibility <VISIBLE> and view.getGlobalVisibleRect() covers at least <75> percent of the view's area)}' assertion on view (an instance of android.widget.TextView and view.getText() with or without transformation to match: is "Network Error. Please check your internet connection and try again." and view has effective visibility <VISIBLE>)
12-17 17:21:08.070 26798 26798 I ViewInteraction: Checking 'MatchesViewAssertion(Detox){viewMatcher=(view has effective visibility <VISIBLE> and view.getGlobalVisibleRect() covers at least <75> percent of the view's area)}' assertion on view (an instance of android.widget.TextView and view.getText() with or without transformation to match: is "Network Error. Please check your internet connection and try again." and view has effective visibility <VISIBLE>)
12-17 17:21:08.132 26798 26798 I ViewInteraction: Checking 'MatchesViewAssertion(Detox){viewMatcher=(view has effective visibility <VISIBLE> and view.getGlobalVisibleRect() covers at least <75> percent of the view's area)}' assertion on view (an instance of android.widget.TextView and view.getText() with or without transformation to match: is "Network Error. Please check your internet connection and try again." and view has effective visibility <VISIBLE>)
12-17 17:21:08.187 26798 26798 I ViewInteraction: Checking 'MatchesViewAssertion(Detox){viewMatcher=(view has effective visibility <VISIBLE> and view.getGlobalVisibleRect() covers at least <75> percent of the view's area)}' assertion on view (an instance of android.widget.TextView and view.getText() with or without transformation to match: is "Network Error. Please check your internet connection and try again." and view has effective visibility <VISIBLE>)
12-17 17:21:08.259 26798 26798 I ViewInteraction: Checking 'MatchesViewAssertion(Detox){viewMatcher=(view has effective visibility <VISIBLE> and view.getGlobalVisibleRect() covers at least <75> percent of the view's area)}' assertion on view (an instance of android.widget.TextView and view.getText() with or without transformation to match: is "Network Error. Please check your internet connection and try again." and view has effective visibility <VISIBLE>)
12-17 17:21:08.336 26798 26798 I ViewInteraction: Checking 'MatchesViewAssertion(Detox){viewMatcher=(view has effective visibility <VISIBLE> and view.getGlobalVisibleRect() covers at least <75> percent of the view's area)}' assertion on view (an instance of android.widget.TextView and view.getText() with or without transformation to match: is "Network Error. Please check your internet connection and try again." and view has effective visibility <VISIBLE>)
12-17 17:21:08.389 26798 26798 I ViewInteraction: Checking 'MatchesViewAssertion(Detox){viewMatcher=(view has effective visibility <VISIBLE> and view.getGlobalVisibleRect() covers at least <75> percent of the view's area)}' assertion on view (an instance of android.widget.TextView and view.getText() with or without transformation to match: is "Network Error. Please check your internet connection and try again." and view has effective visibility <VISIBLE>)
12-17 17:21:08.459 26798 26798 I ViewInteraction: Checking 'MatchesViewAssertion(Detox){viewMatcher=(view has effective visibility <VISIBLE> and view.getGlobalVisibleRect() covers at least <75> percent of the view's area)}' assertion on view (an instance of android.widget.TextView and view.getText() with or without transformation to match: is "Network Error. Please check your internet connection and try again." and view has effective visibility <VISIBLE>)
12-17 17:21:08.542 26798 26798 I ViewInteraction: Checking 'MatchesViewAssertion(Detox){viewMatcher=(view has effective visibility <VISIBLE> and view.getGlobalVisibleRect() covers at least <75> percent of the view's area)}' assertion on view (an instance of android.widget.TextView and view.getText() with or without transformation to match: is "Network Error. Please check your internet connection and try again." and view has effective visibility <VISIBLE>)
12-17 17:21:08.627 26798 26798 I ViewInteraction: Checking 'MatchesViewAssertion(Detox){viewMatcher=(view has effective visibility <VISIBLE> and view.getGlobalVisibleRect() covers at least <75> percent of the view's area)}' assertion on view (an instance of android.widget.TextView and view.getText() with or without transformation to match: is "Network Error. Please check your internet connection and try again." and view has effective visibility <VISIBLE>)
12-17 17:21:08.703 26798 26798 I ViewInteraction: Checking 'MatchesViewAssertion(Detox){viewMatcher=(view has effective visibility <VISIBLE> and view.getGlobalVisibleRect() covers at least <75> percent of the view's area)}' assertion on view (an instance of android.widget.TextView and view.getText() with or without transformation to match: is "Network Error. Please check your internet connection and try again." and view has effective visibility <VISIBLE>)
12-17 17:21:08.781 26798 26798 I ViewInteraction: Checking 'MatchesViewAssertion(Detox){viewMatcher=(view has effective visibility <VISIBLE> and view.getGlobalVisibleRect() covers at least <75> percent of the view's area)}' assertion on view (an instance of android.widget.TextView and view.getText() with or without transformation to match: is "Network Error. Please check your internet connection and try again." and view has effective visibility <VISIBLE>)
12-17 17:21:08.871 26798 26798 I ViewInteraction: Checking 'MatchesViewAssertion(Detox){viewMatcher=(view has effective visibility <VISIBLE> and view.getGlobalVisibleRect() covers at least <75> percent of the view's area)}' assertion on view (an instance of android.widget.TextView and view.getText() with or without transformation to match: is "Network Error. Please check your internet connection and try again." and view has effective visibility <VISIBLE>)
12-17 17:21:08.949 26798 26798 I ViewInteraction: Checking 'MatchesViewAssertion(Detox){viewMatcher=(view has effective visibility <VISIBLE> and view.getGlobalVisibleRect() covers at least <75> percent of the view's area)}' assertion on view (an instance of android.widget.TextView and view.getText() with or without transformation to match: is "Network Error. Please check your internet connection and try again." and view has effective visibility <VISIBLE>)
12-17 17:21:09.004 26798 26798 I ViewInteraction: Checking 'MatchesViewAssertion(Detox){viewMatcher=(view has effective visibility <VISIBLE> and view.getGlobalVisibleRect() covers at least <75> percent of the view's area)}' assertion on view (an instance of android.widget.TextView and view.getText() with or without transformation to match: is "Network Error. Please check your internet connection and try again." and view has effective visibility <VISIBLE>)
12-17 17:21:09.056 26798 26798 I ViewInteraction: Checking 'MatchesViewAssertion(Detox){viewMatcher=(view has effective visibility <VISIBLE> and view.getGlobalVisibleRect() covers at least <75> percent of the view's area)}' assertion on view (an instance of android.widget.TextView and view.getText() with or without transformation to match: is "Network Error. Please check your internet connection and try again." and view has effective visibility <VISIBLE>)
12-17 17:21:09.143 26798 26798 I ViewInteraction: Checking 'MatchesViewAssertion(Detox){viewMatcher=(view has effective visibility <VISIBLE> and view.getGlobalVisibleRect() covers at least <75> percent of the view's area)}' assertion on view (an instance of android.widget.TextView and view.getText() with or without transformation to match: is "Network Error. Please check your internet connection and try again." and view has effective visibility <VISIBLE>)
12-17 17:21:09.198 26798 26798 I ViewInteraction: Checking 'MatchesViewAssertion(Detox){viewMatcher=(view has effective visibility <VISIBLE> and view.getGlobalVisibleRect() covers at least <75> percent of the view's area)}' assertion on view (an instance of android.widget.TextView and view.getText() with or without transformation to match: is "Network Error. Please check your internet connection and try again." and view has effective visibility <VISIBLE>)
12-17 17:21:09.275 26798 26798 I ViewInteraction: Checking 'MatchesViewAssertion(Detox){viewMatcher=(view has effective visibility <VISIBLE> and view.getGlobalVisibleRect() covers at least <75> percent of the view's area)}' assertion on view (an instance of android.widget.TextView and view.getText() with or without transformation to match: is "Network Error. Please check your internet connection and try again." and view has effective visibility <VISIBLE>)
12-17 17:21:09.354 26798 26798 I ViewInteraction: Checking 'MatchesViewAssertion(Detox){viewMatcher=(view has effective visibility <VISIBLE> and view.getGlobalVisibleRect() covers at least <75> percent of the view's area)}' assertion on view (an instance of android.widget.TextView and view.getText() with or without transformation to match: is "Network Error. Please check your internet connection and try again." and view has effective visibility <VISIBLE>)
12-17 17:21:09.436 26798 26798 I ViewInteraction: Checking 'MatchesViewAssertion(Detox){viewMatcher=(view has effective visibility <VISIBLE> and view.getGlobalVisibleRect() covers at least <75> percent of the view's area)}' assertion on view (an instance of android.widget.TextView and view.getText() with or without transformation to match: is "Network Error. Please check your internet connection and try again." and view has effective visibility <VISIBLE>)
12-17 17:21:09.506 26798 26798 I ViewInteraction: Checking 'MatchesViewAssertion(Detox){viewMatcher=(view has effective visibility <VISIBLE> and view.getGlobalVisibleRect() covers at least <75> percent of the view's area)}' assertion on view (an instance of android.widget.TextView and view.getText() with or without transformation to match: is "Network Error. Please check your internet connection and try again." and view has effective visibility <VISIBLE>)
12-17 17:21:09.587 26798 26798 I ViewInteraction: Checking 'MatchesViewAssertion(Detox){viewMatcher=(view has effective visibility <VISIBLE> and view.getGlobalVisibleRect() covers at least <75> percent of the view's area)}' assertion on view (an instance of android.widget.TextView and view.getText() with or without transformation to match: is "Network Error. Please check your internet connection and try again." and view has effective visibility <VISIBLE>)
12-17 17:21:09.667 26798 26798 I ViewInteraction: Checking 'MatchesViewAssertion(Detox){viewMatcher=(view has effective visibility <VISIBLE> and view.getGlobalVisibleRect() covers at least <75> percent of the view's area)}' assertion on view (an instance of android.widget.TextView and view.getText() with or without transformation to match: is "Network Error. Please check your internet connection and try again." and view has effective visibility <VISIBLE>)
12-17 17:21:09.740 26798 26798 I ViewInteraction: Checking 'MatchesViewAssertion(Detox){viewMatcher=(view has effective visibility <VISIBLE> and view.getGlobalVisibleRect() covers at least <75> percent of the view's area)}' assertion on view (an instance of android.widget.TextView and view.getText() with or without transformation to match: is "Network Error. Please check your internet connection and try again." and view has effective visibility <VISIBLE>)
12-17 17:21:09.819 26798 26798 I ViewInteraction: Checking 'MatchesViewAssertion(Detox){viewMatcher=(view has effective visibility <VISIBLE> and view.getGlobalVisibleRect() covers at least <75> percent of the view's area)}' assertion on view (an instance of android.widget.TextView and view.getText() with or without transformation to match: is "Network Error. Please check your internet connection and try again." and view has effective visibility <VISIBLE>)
12-17 17:21:09.871 26798 26798 I ViewInteraction: Checking 'MatchesViewAssertion(Detox){viewMatcher=(view has effective visibility <VISIBLE> and view.getGlobalVisibleRect() covers at least <75> percent of the view's area)}' assertion on view (an instance of android.widget.TextView and view.getText() with or without transformation to match: is "Network Error. Please check your internet connection and try again." and view has effective visibility <VISIBLE>)
12-17 17:21:09.931 26798 26798 I ViewInteraction: Checking 'MatchesViewAssertion(Detox){viewMatcher=(view has effective visibility <VISIBLE> and view.getGlobalVisibleRect() covers at least <75> percent of the view's area)}' assertion on view (an instance of android.widget.TextView and view.getText() with or without transformation to match: is "Network Error. Please check your internet connection and try again." and view has effective visibility <VISIBLE>)
12-17 17:21:09.977 26798 26798 I ViewInteraction: Checking 'MatchesViewAssertion(Detox){viewMatcher=(view has effective visibility <VISIBLE> and view.getGlobalVisibleRect() covers at least <75> percent of the view's area)}' assertion on view (an instance of android.widget.TextView and view.getText() with or without transformation to match: is "Network Error. Please check your internet connection and try again." and view has effective visibility <VISIBLE>)
12-17 17:21:10.025 26798 26798 I ViewInteraction: Checking 'MatchesViewAssertion(Detox){viewMatcher=(view has effective visibility <VISIBLE> and view.getGlobalVisibleRect() covers at least <75> percent of the view's area)}' assertion on view (an instance of android.widget.TextView and view.getText() with or without transformation to match: is "Network Error. Please check your internet connection and try again." and view has effective visibility <VISIBLE>)
12-17 17:21:10.079 26798 26798 I ViewInteraction: Checking 'MatchesViewAssertion(Detox){viewMatcher=(view has effective visibility <VISIBLE> and view.getGlobalVisibleRect() covers at least <75> percent of the view's area)}' assertion on view (an instance of android.widget.TextView and view.getText() with or without transformation to match: is "Network Error. Please check your internet connection and try again." and view has effective visibility <VISIBLE>)
12-17 17:21:10.135 26798 26798 I ViewInteraction: Checking 'MatchesViewAssertion(Detox){viewMatcher=(view has effective visibility <VISIBLE> and view.getGlobalVisibleRect() covers at least <75> percent of the view's area)}' assertion on view (an instance of android.widget.TextView and view.getText() with or without transformation to match: is "Network Error. Please check your internet connection and try again." and view has effective visibility <VISIBLE>)
12-17 17:21:10.186 26798 26798 I ViewInteraction: Checking 'MatchesViewAssertion(Detox){viewMatcher=(view has effective visibility <VISIBLE> and view.getGlobalVisibleRect() covers at least <75> percent of the view's area)}' assertion on view (an instance of android.widget.TextView and view.getText() with or without transformation to match: is "Network Error. Please check your internet connection and try again." and view has effective visibility <VISIBLE>)
12-17 17:21:10.234 26798 26798 I ViewInteraction: Checking 'MatchesViewAssertion(Detox){viewMatcher=(view has effective visibility <VISIBLE> and view.getGlobalVisibleRect() covers at least <75> percent of the view's area)}' assertion on view (an instance of android.widget.TextView and view.getText() with or without transformation to match: is "Network Error. Please check your internet connection and try again." and view has effective visibility <VISIBLE>)
12-17 17:21:10.285 26798 26798 I ViewInteraction: Checking 'MatchesViewAssertion(Detox){viewMatcher=(view has effective visibility <VISIBLE> and view.getGlobalVisibleRect() covers at least <75> percent of the view's area)}' assertion on view (an instance of android.widget.TextView and view.getText() with or without transformation to match: is "Network Error. Please check your internet connection and try again." and view has effective visibility <VISIBLE>)
12-17 17:21:10.359 26798 26798 I ViewInteraction: Checking 'MatchesViewAssertion(Detox){viewMatcher=(view has effective visibility <VISIBLE> and view.getGlobalVisibleRect() covers at least <75> percent of the view's area)}' assertion on view (an instance of android.widget.TextView and view.getText() with or without transformation to match: is "Network Error. Please check your internet connection and try again." and view has effective visibility <VISIBLE>)
12-17 17:21:10.443 26798 26798 I ViewInteraction: Checking 'MatchesViewAssertion(Detox){viewMatcher=(view has effective visibility <VISIBLE> and view.getGlobalVisibleRect() covers at least <75> percent of the view's area)}' assertion on view (an instance of android.widget.TextView and view.getText() with or without transformation to match: is "Network Error. Please check your internet connection and try again." and view has effective visibility <VISIBLE>)
12-17 17:21:10.532 26798 26798 I ViewInteraction: Checking 'MatchesViewAssertion(Detox){viewMatcher=(view has effective visibility <VISIBLE> and view.getGlobalVisibleRect() covers at least <75> percent of the view's area)}' assertion on view (an instance of android.widget.TextView and view.getText() with or without transformation to match: is "Network Error. Please check your internet connection and try again." and view has effective visibility <VISIBLE>)
12-17 17:21:10.609 26798 26798 I ViewInteraction: Checking 'MatchesViewAssertion(Detox){viewMatcher=(view has effective visibility <VISIBLE> and view.getGlobalVisibleRect() covers at least <75> percent of the view's area)}' assertion on view (an instance of android.widget.TextView and view.getText() with or without transformation to match: is "Network Error. Please check your internet connection and try again." and view has effective visibility <VISIBLE>)
12-17 17:21:10.682 26798 26798 I ViewInteraction: Checking 'MatchesViewAssertion(Detox){viewMatcher=(view has effective visibility <VISIBLE> and view.getGlobalVisibleRect() covers at least <75> percent of the view's area)}' assertion on view (an instance of android.widget.TextView and view.getText() with or without transformation to match: is "Network Error. Please check your internet connection and try again." and view has effective visibility <VISIBLE>)
12-17 17:21:10.774 26798 26798 I ViewInteraction: Checking 'MatchesViewAssertion(Detox){viewMatcher=(view has effective visibility <VISIBLE> and view.getGlobalVisibleRect() covers at least <75> percent of the view's area)}' assertion on view (an instance of android.widget.TextView and view.getText() with or without transformation to match: is "Network Error. Please check your internet connection and try again." and view has effective visibility <VISIBLE>)
12-17 17:21:10.853 26798 26798 I ViewInteraction: Checking 'MatchesViewAssertion(Detox){viewMatcher=(view has effective visibility <VISIBLE> and view.getGlobalVisibleRect() covers at least <75> percent of the view's area)}' assertion on view (an instance of android.widget.TextView and view.getText() with or without transformation to match: is "Network Error. Please check your internet connection and try again." and view has effective visibility <VISIBLE>)
12-17 17:21:10.930 26798 26798 I ViewInteraction: Checking 'MatchesViewAssertion(Detox){viewMatcher=(view has effective visibility <VISIBLE> and view.getGlobalVisibleRect() covers at least <75> percent of the view's area)}' assertion on view (an instance of android.widget.TextView and view.getText() with or without transformation to match: is "Network Error. Please check your internet connection and try again." and view has effective visibility <VISIBLE>)
12-17 17:21:10.973 26798 26798 I ViewInteraction: Checking 'MatchesViewAssertion(Detox){viewMatcher=(view has effective visibility <VISIBLE> and view.getGlobalVisibleRect() covers at least <75> percent of the view's area)}' assertion on view (an instance of android.widget.TextView and view.getText() with or without transformation to match: is "Network Error. Please check your internet connection and try again." and view has effective visibility <VISIBLE>)
12-17 17:21:11.009 26798 26798 I ViewInteraction: Checking 'MatchesViewAssertion(Detox){viewMatcher=(view has effective visibility <VISIBLE> and view.getGlobalVisibleRect() covers at least <75> percent of the view's area)}' assertion on view (an instance of android.widget.TextView and view.getText() with or without transformation to match: is "Network Error. Please check your internet connection and try again." and view has effective visibility <VISIBLE>)
12-17 17:21:11.054 26798 26798 I ViewInteraction: Checking 'MatchesViewAssertion(Detox){viewMatcher=(view has effective visibility <VISIBLE> and view.getGlobalVisibleRect() covers at least <75> percent of the view's area)}' assertion on view (an instance of android.widget.TextView and view.getText() with or without transformation to match: is "Network Error. Please check your internet connection and try again." and view has effective visibility <VISIBLE>)
12-17 17:21:11.107 26798 26798 I ViewInteraction: Checking 'MatchesViewAssertion(Detox){viewMatcher=(view has effective visibility <VISIBLE> and view.getGlobalVisibleRect() covers at least <75> percent of the view's area)}' assertion on view (an instance of android.widget.TextView and view.getText() with or without transformation to match: is "Network Error. Please check your internet connection and try again." and view has effective visibility <VISIBLE>)
12-17 17:21:11.114 26798 26827 D DetoxWSClient: Received action 'currentStatus' (ID #9, params={})
12-17 17:21:11.115 26798 26824 I DetoxDispatcher: Handling action 'currentStatus' (ID #9)...
12-17 17:21:11.119 26798 26824 I DetoxWSClient: Sending out action 'currentStatusResult' (ID #9)
12-17 17:21:11.120 26798 26824 I DetoxDispatcher: Done with action 'currentStatus'
12-17 17:21:11.156 26798 26798 I ViewInteraction: Checking 'MatchesViewAssertion(Detox){viewMatcher=(view has effective visibility <VISIBLE> and view.getGlobalVisibleRect() covers at least <75> percent of the view's area)}' assertion on view (an instance of android.widget.TextView and view.getText() with or without transformation to match: is "Network Error. Please check your internet connection and try again." and view has effective visibility <VISIBLE>)
12-17 17:21:11.195 26798 26823 I DetoxActionHandlers: Test exception
12-17 17:21:11.195 26798 26823 I DetoxActionHandlers: java.lang.reflect.InvocationTargetException
12-17 17:21:11.195 26798 26823 I DetoxActionHandlers: 	at java.lang.reflect.Method.invoke(Native Method)
12-17 17:21:11.195 26798 26823 I DetoxActionHandlers: 	at org.apache.commons.lang3.reflect.MethodUtils.invokeStaticMethod(MethodUtils.java:443)
12-17 17:21:11.195 26798 26823 I DetoxActionHandlers: 	at org.apache.commons.lang3.reflect.MethodUtils.invokeStaticMethod(MethodUtils.java:405)
12-17 17:21:11.195 26798 26823 I DetoxActionHandlers: 	at com.wix.invoke.types.ClassTarget.execute(ClassTarget.java:23)
12-17 17:21:11.195 26798 26823 I DetoxActionHandlers: 	at com.wix.invoke.types.Target.invoke(Target.java:59)
12-17 17:21:11.195 26798 26823 I DetoxActionHandlers: 	at com.wix.invoke.MethodInvocation.invoke(MethodInvocation.java:35)
12-17 17:21:11.195 26798 26823 I DetoxActionHandlers: 	at com.wix.invoke.MethodInvocation.invoke(MethodInvocation.java:26)
12-17 17:21:11.195 26798 26823 I DetoxActionHandlers: 	at com.wix.invoke.MethodInvocation.invoke(MethodInvocation.java:20)
12-17 17:21:11.195 26798 26823 I DetoxActionHandlers: 	at com.wix.detox.adapters.server.InvokeActionHandler.handle(DetoxActionHandlers.kt:54)
12-17 17:21:11.195 26798 26823 I DetoxActionHandlers: 	at com.wix.detox.adapters.server.ActionsExecutor.executeAction$lambda$2$lambda$1(DetoxActionsDispatcher.kt:76)
12-17 17:21:11.195 26798 26823 I DetoxActionHandlers: 	at com.wix.detox.adapters.server.ActionsExecutor.$r8$lambda$GVbB7LHtBHxNHGbgYnHJ6YrwCqs(Unknown Source:0)
12-17 17:21:11.195 26798 26823 I DetoxActionHandlers: 	at com.wix.detox.adapters.server.ActionsExecutor$$ExternalSyntheticLambda0.run(D8$$SyntheticClass:0)
12-17 17:21:11.195 26798 26823 I DetoxActionHandlers: 	at android.os.Handler.handleCallback(Handler.java:978)
12-17 17:21:11.195 26798 26823 I DetoxActionHandlers: 	at android.os.Handler.dispatchMessage(Handler.java:104)
12-17 17:21:11.195 26798 26823 I DetoxActionHandlers: 	at android.os.Looper.loopOnce(Looper.java:238)
12-17 17:21:11.195 26798 26823 I DetoxActionHandlers: 	at android.os.Looper.loop(Looper.java:357)
12-17 17:21:11.195 26798 26823 I DetoxActionHandlers: 	at com.wix.detox.adapters.server.ActionsExecutor._init_$lambda$0(DetoxActionsDispatcher.kt:62)
12-17 17:21:11.195 26798 26823 I DetoxActionHandlers: 	at com.wix.detox.adapters.server.ActionsExecutor.$r8$lambda$xlgL0CQim6vNM0wWEqM8JIDgZUE(Unknown Source:0)
12-17 17:21:11.195 26798 26823 I DetoxActionHandlers: 	at com.wix.detox.adapters.server.ActionsExecutor$$ExternalSyntheticLambda1.run(D8$$SyntheticClass:0)
12-17 17:21:11.195 26798 26823 I DetoxActionHandlers: 	at java.lang.Thread.run(Thread.java:1119)
12-17 17:21:11.195 26798 26823 I DetoxActionHandlers: Caused by: com.wix.detox.common.DetoxErrors$DetoxRuntimeException: 10.0sec timeout expired without matching of given matcher: (view has effective visibility <VISIBLE> and view.getGlobalVisibleRect() covers at least <75> percent of the view's area)
12-17 17:21:11.195 26798 26823 I DetoxActionHandlers: 	at com.wix.detox.espresso.DetoxAssertion.waitForAssertMatcher(DetoxAssertion.java:72)
12-17 17:21:11.195 26798 26823 I DetoxActionHandlers: 	... 20 more
12-17 17:21:11.196 26798 26823 I DetoxWSClient: Sending out action 'testFailed' (ID #8)
12-17 17:21:11.197 26798 26823 I DetoxDispatcher: Done with action 'invoke'
