17:52:58.095 detox[23432] [90mB[39m node_modules/.bin/detox test --configuration android.att.debug e2e/profile.e2e.js
  data: {
    "id": "db61b23b-475d-177d-02db-4962e1656bbd",
    "detoxConfig": {
      "configurationName": "android.att.debug",
      "apps": {
        "default": {
          "type": "android.apk",
          "binaryPath": "android/app/build/outputs/apk/debug/app-debug.apk",
          "build": "cd android && ./gradlew assembleDebug assembleAndroidTest -DtestBuildType=debug",
          "reversePorts": [
            8081
          ]
        }
      },
      "artifacts": {
        "rootDir": "artifacts/android.att.debug.2025-12-17 12-22-58Z",
        "plugins": {
          "log": {
            "enabled": true,
            "keepOnlyFailedTestsArtifacts": false
          },
          "screenshot": {
            "enabled": true,
            "shouldTakeAutomaticSnapshots": true,
            "keepOnlyFailedTestsArtifacts": false,
            "takeWhen": {
              "testStart": false,
              "testDone": true,
              "testFailure": true
            }
          },
          "video": {
            "enabled": false,
            "keepOnlyFailedTestsArtifacts": false
          },
          "instruments": {
            "enabled": false,
            "keepOnlyFailedTestsArtifacts": false
          },
          "uiHierarchy": {
            "enabled": true,
            "keepOnlyFailedTestsArtifacts": false
          }
        }
      },
      "behavior": {
        "init": {
          "keepLockFile": false,
          "reinstallApp": true,
          "exposeGlobals": true
        },
        "cleanup": {
          "shutdownDevice": false
        },
        "launchApp": "auto"
      },
      "cli": {
        "configuration": "android.att.debug",
        "start": true
      },
      "commands": [
        {
          "appName": "default",
          "build": "cd android && ./gradlew assembleDebug assembleAndroidTest -DtestBuildType=debug"
        }
      ],
      "device": {
        "type": "android.attached",
        "device": {
          "adbName": "ZD22227Q7K"
        }
      },
      "logger": {
        "level": "info",
        "overrideConsole": true,
        "options": {
          "showLoggerName": true,
          "showPid": true,
          "showLevel": false,
          "showMetadata": false,
          "basepath": "/Users/ips-162/Documents/RearchTopics/DetoxTest/node_modules/detox/src",
          "prefixers": {},
          "stringifiers": {}
        }
      },
      "testRunner": {
        "retries": 0,
        "forwardEnv": false,
        "detached": false,
        "bail": false,
        "noRetryArgs": [
          "shard"
        ],
        "jest": {
          "setupTimeout": 120000,
          "teardownTimeout": 30000,
          "retryAfterCircusRetries": false,
          "reportWorkerAssign": true
        },
        "args": {
          "$0": "jest",
          "_": [
            "e2e/profile.e2e.js"
          ],
          "config": "e2e/jest.config.js",
          "--": []
        }
      },
      "session": {
        "autoStart": true,
        "debugSynchronization": 10000
      }
    },
    "detoxIPCServer": "primary-23432",
    "testResults": [],
    "testSessionIndex": 0,
    "workersCount": 0
  }
17:52:58.109 detox[23432] [90mi[39m Server path not specified, so defaulting to ipc.config.socketRoot + ipc.config.appspace + ipc.config.id /tmp/detox.primary-23432
17:52:58.111 detox[23432] [90mi[39m starting server on  /tmp/detox.primary-23432 
17:52:58.111 detox[23432] [90mi[39m starting TLS server false
17:52:58.112 detox[23432] [90mi[39m starting server as Unix || Windows Socket
17:52:58.115 detox[23432] [90mi[39m Detox server listening on localhost:61420...
17:52:58.123 detox[23432] [90mi[39m Serialized the session state at: /private/var/folders/r0/j9yltjr10ysg22c7l5sx938r0000gn/T/db61b23b-475d-177d-02db-4962e1656bbd.detox.json
17:52:58.124 detox[23432] [90mB[39m jest --config e2e/jest.config.js e2e/profile.e2e.js
17:52:59.243 detox[23433] [90mi[39m Service path not specified, so defaulting to ipc.config.socketRoot + ipc.config.appspace + id 
17:52:59.245 detox[23433] [90mi[39m requested connection to  primary-23432 /tmp/detox.primary-23432
17:52:59.245 detox[23433] [90mi[39m Connecting client on Unix Socket : /tmp/detox.primary-23432
17:52:59.246 detox[23432] [90mi[39m ## socket connection to server detected ##
17:52:59.246 detox[23433] [90mi[39m retrying reset
17:52:59.246 detox[23433] [90mi[39m dispatching event to  primary-23432 /tmp/detox.primary-23432  :  registerContext , { id: 'secondary-23433' }
17:52:59.248 detox[23432] [90mi[39m received event of :  registerContext { id: 'secondary-23433' }
17:52:59.248 detox[23432] [90mi[39m dispatching event to socket  :  registerContextDone {
  testResults: [],
  testSessionIndex: 0,
  unsafe_earlyTeardown: undefined
}
17:52:59.250 detox[23433] [90mi[39m ## received events ##
17:52:59.251 detox[23433] [90mi[39m detected event registerContextDone { testResults: [], testSessionIndex: 0 }
17:52:59.484 detox[23433] [90mB[39m e2e/profile.e2e.js
17:52:59.808 detox[23433] [90mB[39m set up environment
17:52:59.811 detox[23433] [90mi[39m dispatching event to  primary-23432 /tmp/detox.primary-23432  :  registerWorker , { workerId: 'w1' }
17:52:59.812 detox[23432] [90mi[39m received event of :  registerWorker { workerId: 'w1' }
17:52:59.813 detox[23432] [90mi[39m dispatching event to socket  :  registerWorkerDone { workersCount: 1 }
17:52:59.813 detox[23432] [90mi[39m broadcasting event to all known sockets listening to  /tmp/detox.primary-23432  :   sessionStateUpdate { workersCount: 1 }
17:52:59.814 detox[23433] [90mi[39m ## received events ##
17:52:59.814 detox[23433] [90mi[39m detected event registerWorkerDone { workersCount: 1 }
17:52:59.815 detox[23433] [90mi[39m detected event sessionStateUpdate { workersCount: 1 }
17:53:00.148 detox[23432] [90mB[39m connection :61420<->:61445
17:53:00.152 detox[23433] [90mi[39m opened web socket to: ws://localhost:61420
17:53:00.154 detox[23433] [90mi[39m send message
  data: {"type":"login","params":{"sessionId":"9c791ad0-fcc5-0c81-e18a-6656f6b532ad","role":"tester"},"messageId":0}
17:53:00.162 detox[23432] [90mi[39m get
  data: {"type":"login","params":{"sessionId":"9c791ad0-fcc5-0c81-e18a-6656f6b532ad","role":"tester"},"messageId":0}
17:53:00.163 detox[23432] [90mi[39m created session 9c791ad0-fcc5-0c81-e18a-6656f6b532ad
17:53:00.163 detox[23432] [90mi[39m send
  data: {
    "type": "loginSuccess",
    "params": {
      "testerConnected": true,
      "appConnected": false
    },
    "messageId": 0
  }
17:53:00.164 detox[23432] [90mi[39m tester joined session 9c791ad0-fcc5-0c81-e18a-6656f6b532ad
17:53:00.165 detox[23433] [90mi[39m get message
  data: {"type":"loginSuccess","params":{"testerConnected":true,"appConnected":false},"messageId":0}
   
17:53:00.242 detox[23432] [90mi[39m received event of :  allocateDevice {
  deviceConfig: { type: 'android.attached', device: { adbName: 'ZD22227Q7K' } }
}
17:53:00.242 detox[23433] [90mi[39m dispatching event to  primary-23432 /tmp/detox.primary-23432  :  allocateDevice , {
  deviceConfig: { type: 'android.attached', device: { adbName: 'ZD22227Q7K' } }
}
17:53:00.271 detox[23432] [90mB[39m init
  args: ()
17:53:00.275 detox[23432] [90mE[39m init
17:53:00.276 detox[23432] [90mB[39m allocate
  data: {
    "type": "android.attached",
    "device": {
      "adbName": "ZD22227Q7K"
    }
  }
17:53:00.277 detox[23432] [90mi[39m "/Users/ips-162/Library/Android/sdk/platform-tools/adb"  devices
17:53:00.291 detox[23432] [90mi[39m List of devices attached
ZD22227Q7K	device


17:53:00.292 detox[23432] [90mi[39m Found a matching & free device ZD22227Q7K
17:53:00.293 detox[23432] [90mi[39m settled on ZD22227Q7K
  data: {
    "id": "ZD22227Q7K",
    "adbName": "ZD22227Q7K"
  }
17:53:00.293 detox[23432] [90mE[39m allocate
17:53:00.293 detox[23432] [90mB[39m post-allocate: ZD22227Q7K
  data: {
    "id": "ZD22227Q7K",
    "adbName": "ZD22227Q7K"
  }
17:53:00.293 detox[23432] [90mi[39m "/Users/ips-162/Library/Android/sdk/platform-tools/adb" -s ZD22227Q7K shell "getprop ro.build.version.sdk"
17:53:00.454 detox[23432] [90mi[39m 31

17:53:00.454 detox[23432] [90mi[39m "/Users/ips-162/Library/Android/sdk/platform-tools/adb" -s ZD22227Q7K shell "dumpsys power | grep \"^[ ]*m[UW].*=\""
17:53:00.664 detox[23432] [90mi[39m   mWakefulness=Awake
  mWakefulnessChanging=false
  mWakeLockSummary=0x0
  mWakeUpWhenPluggedOrUnpluggedConfig=true
  mWakeUpWhenPluggedOrUnpluggedInTheaterModeConfig=false
  mUserActivityTimeoutOverrideFromWindowManager=-1
  mUserInactiveOverrideFromWindowManager=false
  mUserId=0
  mUdfpsSupport=false
  mWakeLockSummary=0x0
  mUserInteractionBackoffMillis=60000

17:53:00.665 detox[23432] [90mE[39m post-allocate: ZD22227Q7K
17:53:00.665 detox[23432] [90mi[39m dispatching event to socket  :  allocateDeviceDone { deviceCookie: { id: 'ZD22227Q7K', adbName: 'ZD22227Q7K' } }
17:53:00.665 detox[23433] [90mi[39m ## received events ##
17:53:00.666 detox[23433] [90mi[39m detected event allocateDeviceDone { deviceCookie: { id: 'ZD22227Q7K', adbName: 'ZD22227Q7K' } }
17:53:00.712 detox[23433] [90mB[39m onBootDevice
  args: ({"deviceId":"ZD22227Q7K"})
17:53:00.713 detox[23433] [90mE[39m onBootDevice
17:53:00.713 detox[23433] [90mB[39m installUtilBinaries
  args: ()
17:53:00.714 detox[23433] [90mE[39m installUtilBinaries
17:53:00.714 detox[23433] [90mB[39m selectApp
  args: ("default")
17:53:00.717 detox[23433] [90mi[39m "/Users/ips-162/Library/Android/sdk/build-tools/36.1.0/aapt" dump badging "/Users/ips-162/Documents/RearchTopics/DetoxTest/android/app/build/outputs/apk/debug/app-debug.apk"
17:53:00.778 detox[23433] [90mi[39m package: name='com.detoxtest' versionCode='1' versionName='1.0' platformBuildVersionName='15' platformBuildVersionCode='35' compileSdkVersion='35' compileSdkVersionCodename='15'
sdkVersion:'24'
targetSdkVersion:'35'
uses-permission: name='android.permission.INTERNET'
uses-permission: name='android.permission.SYSTEM_ALERT_WINDOW'
uses-permission: name='com.detoxtest.DYNAMIC_RECEIVER_NOT_EXPORTED_PERMISSION'
application-label:'DetoxTest'
application-label-af:'DetoxTest'
application-label-am:'DetoxTest'
application-label-ar:'DetoxTest'
application-label-as:'DetoxTest'
application-label-az:'DetoxTest'
application-label-be:'DetoxTest'
application-label-bg:'DetoxTest'
application-label-bn:'DetoxTest'
application-label-bs:'DetoxTest'
application-label-ca:'DetoxTest'
application-label-cs:'DetoxTest'
application-label-da:'DetoxTest'
application-label-de:'DetoxTest'
application-label-el:'DetoxTest'
application-label-en-AU:'DetoxTest'
application-label-en-CA:'DetoxTest'
application-label-en-GB:'DetoxTest'
application-label-en-IN:'DetoxTest'
application-label-en-XC:'DetoxTest'
application-label-es:'DetoxTest'
application-label-es-419:'DetoxTest'
application-label-es-ES:'DetoxTest'
application-label-es-US:'DetoxTest'
application-label-et:'DetoxTest'
application-label-eu:'DetoxTest'
application-label-fa:'DetoxTest'
application-label-fi:'DetoxTest'
application-label-fr:'DetoxTest'
application-label-fr-CA:'DetoxTest'
application-label-gl:'DetoxTest'
application-label-gu:'DetoxTest'
application-label-hi:'DetoxTest'
application-label-hr:'DetoxTest'
application-label-hu:'DetoxTest'
application-label-hy:'DetoxTest'
application-label-in:'DetoxTest'
application-label-is:'DetoxTest'
application-label-it:'DetoxTest'
application-label-iw:'DetoxTest'
application-label-ja:'DetoxTest'
application-label-ka:'DetoxTest'
application-label-kk:'DetoxTest'
application-label-km:'DetoxTest'
application-label-kn:'DetoxTest'
application-label-ko:'DetoxTest'
application-label-ky:'DetoxTest'
application-label-lo:'DetoxTest'
application-label-lt:'DetoxTest'
application-label-lv:'DetoxTest'
application-label-mk:'DetoxTest'
application-label-ml:'DetoxTest'
application-label-mn:'DetoxTest'
application-label-mr:'DetoxTest'
application-label-ms:'DetoxTest'
application-label-my:'DetoxTest'
application-label-nb:'DetoxTest'
application-label-ne:'DetoxTest'
application-label-nl:'DetoxTest'
application-label-or:'DetoxTest'
application-label-pa:'DetoxTest'
application-label-pl:'DetoxTest'
application-label-pt:'DetoxTest'
application-label-pt-BR:'DetoxTest'
application-label-pt-PT:'DetoxTest'
application-label-ro:'DetoxTest'
application-label-ru:'DetoxTest'
application-label-si:'DetoxTest'
application-label-sk:'DetoxTest'
application-label-sl:'DetoxTest'
application-label-sq:'DetoxTest'
application-label-sr:'DetoxTest'
application-label-sr-Latn:'DetoxTest'
application-label-sv:'DetoxTest'
application-label-sw:'DetoxTest'
application-label-ta:'DetoxTest'
application-label-te:'DetoxTest'
application-label-th:'DetoxTest'
application-label-tl:'DetoxTest'
application-label-tr:'DetoxTest'
application-label-uk:'DetoxTest'
application-label-ur:'DetoxTest'
application-label-uz:'DetoxTest'
application-label-vi:'DetoxTest'
application-label-zh-CN:'DetoxTest'
application-label-zh-HK:'DetoxTest'
application-label-zh-TW:'DetoxTest'
application-label-zu:'DetoxTest'
application-icon-160:'res/mipmap-mdpi-v4/ic_launcher.png'
application-icon-240:'res/mipmap-hdpi-v4/ic_launcher.png'
application-icon-320:'res/mipmap-xhdpi-v4/ic_launcher.png'
application-icon-480:'res/mipmap-xxhdpi-v4/ic_launcher.png'
application-icon-640:'res/mipmap-xxxhdpi-v4/ic_launcher.png'
application: label='DetoxTest' icon='res/mipmap-mdpi-v4/ic_launcher.png'
application-debuggable
launchable-activity: name='com.detoxtest.MainActivity'  label='DetoxTest' icon=''
feature-group: label=''
  uses-feature: name='android.hardware.faketouch'
  uses-implied-feature: name='android.hardware.faketouch' reason='default feature for all apps'
main
other-activities
other-receivers
supports-screens: 'small' 'normal' 'large' 'xlarge'
supports-any-density: 'true'
locales: '--_--' 'af' 'am' 'ar' 'as' 'az' 'be' 'bg' 'bn' 'bs' 'ca' 'cs' 'da' 'de' 'el' 'en-AU' 'en-CA' 'en-GB' 'en-IN' 'en-XC' 'es' 'es-419' 'es-ES' 'es-US' 'et' 'eu' 'fa' 'fi' 'fr' 'fr-CA' 'gl' 'gu' 'hi' 'hr' 'hu' 'hy' 'in' 'is' 'it' 'iw' 'ja' 'ka' 'kk' 'km' 'kn' 'ko' 'ky' 'lo' 'lt' 'lv' 'mk' 'ml' 'mn' 'mr' 'ms' 'my' 'nb' 'ne' 'nl' 'or' 'pa' 'pl' 'pt' 'pt-BR' 'pt-PT' 'ro' 'ru' 'si' 'sk' 'sl' 'sq' 'sr' 'sr-Latn' 'sv' 'sw' 'ta' 'te' 'th' 'tl' 'tr' 'uk' 'ur' 'uz' 'vi' 'zh-CN' 'zh-HK' 'zh-TW' 'zu'
densities: '160' '240' '320' '480' '640'
native-code: 'arm64-v8a' 'armeabi-v7a' 'x86' 'x86_64'

17:53:00.778 detox[23433] [90mE[39m selectApp
17:53:00.778 detox[23433] [90mB[39m uninstallApp
  args: ()
17:53:00.778 detox[23433] [90mB[39m onBeforeUninstallApp
  args: ({"deviceId":"ZD22227Q7K","bundleId":"com.detoxtest"})
17:53:00.778 detox[23433] [90mE[39m onBeforeUninstallApp
17:53:00.779 detox[23433] [90mi[39m "/Users/ips-162/Library/Android/sdk/platform-tools/adb" -s ZD22227Q7K shell "pm list packages com.detoxtest"
17:53:00.919 detox[23433] [90mi[39m package:com.detoxtest
package:com.detoxtest.test

17:53:00.919 detox[23433] [90mi[39m "/Users/ips-162/Library/Android/sdk/platform-tools/adb" -s ZD22227Q7K uninstall com.detoxtest
17:53:01.537 detox[23433] [90mi[39m Success

17:53:01.537 detox[23433] [90mi[39m "/Users/ips-162/Library/Android/sdk/platform-tools/adb" -s ZD22227Q7K shell "pm list packages com.detoxtest.test"
17:53:01.610 detox[23433] [90mi[39m package:com.detoxtest.test

17:53:01.610 detox[23433] [90mi[39m "/Users/ips-162/Library/Android/sdk/platform-tools/adb" -s ZD22227Q7K uninstall com.detoxtest.test
17:53:02.328 detox[23433] [90mi[39m Success

17:53:02.328 detox[23433] [90mE[39m uninstallApp
17:53:02.329 detox[23433] [90mB[39m selectApp
  args: ("default")
17:53:02.329 detox[23433] [90mB[39m terminateApp
  args: ()
17:53:02.330 detox[23433] [90mB[39m onBeforeTerminateApp
  args: ({"deviceId":"ZD22227Q7K","bundleId":"com.detoxtest"})
17:53:02.330 detox[23433] [90mE[39m onBeforeTerminateApp
17:53:02.330 detox[23433] [90mi[39m "/Users/ips-162/Library/Android/sdk/platform-tools/adb" -s ZD22227Q7K shell "am force-stop com.detoxtest"
17:53:02.449 detox[23433] [90mi[39m 
17:53:02.449 detox[23433] [90mB[39m onTerminateApp
  args: ({"deviceId":"ZD22227Q7K","bundleId":"com.detoxtest"})
17:53:02.449 detox[23433] [90mE[39m onTerminateApp
17:53:02.449 detox[23433] [90mE[39m terminateApp
17:53:02.449 detox[23433] [90mE[39m selectApp
17:53:02.450 detox[23433] [90mB[39m installApp
  args: ()
17:53:02.450 detox[23433] [90mi[39m "/Users/ips-162/Library/Android/sdk/build-tools/36.1.0/aapt" dump xmlstrings "/Users/ips-162/Documents/RearchTopics/DetoxTest/android/app/build/outputs/apk/debug/app-debug.apk" AndroidManifest.xml
17:53:02.459 detox[23433] [90mi[39m String pool of 75 unique UTF-16 non-sorted strings, 75 entries and 0 styles using 3708 bytes:
String #0: theme
String #1: label
String #2: icon
String #3: name
String #4: permission
String #5: protectionLevel
String #6: enabled
String #7: debuggable
String #8: exported
String #9: authorities
String #10: grantUriPermissions
String #11: launchMode
String #12: configChanges
String #13: value
String #14: resource
String #15: minSdkVersion
String #16: versionCode
String #17: versionName
String #18: windowSoftInputMode
String #19: targetSdkVersion
String #20: allowBackup
String #21: supportsRtl
String #22: extractNativeLibs
String #23: usesCleartextTraffic
String #24: directBootAware
String #25: networkSecurityConfig
String #26: roundIcon
String #27: compileSdkVersion
String #28: compileSdkVersionCodename
String #29: appComponentFactory
String #30: 1.0
String #31: 15
String #32: action
String #33: activity
String #34: android
String #35: android.intent.action.MAIN
String #36: android.intent.category.LAUNCHER
String #37: android.permission.DUMP
String #38: android.permission.INTERNET
String #39: android.permission.SYSTEM_ALERT_WINDOW
String #40: android.support.FILE_PROVIDER_PATHS
String #41: androidx.core.app.CoreComponentFactory
String #42: androidx.emoji2.text.EmojiCompatInitializer
String #43: androidx.lifecycle.ProcessLifecycleInitializer
String #44: androidx.profileinstaller.ProfileInstallReceiver
String #45: androidx.profileinstaller.ProfileInstallerInitializer
String #46: androidx.profileinstaller.action.BENCHMARK_OPERATION
String #47: androidx.profileinstaller.action.INSTALL_PROFILE
String #48: androidx.profileinstaller.action.SAVE_PROFILE
String #49: androidx.profileinstaller.action.SKIP_FILE
String #50: androidx.startup
String #51: androidx.startup.InitializationProvider
String #52: application
String #53: category
String #54: com.detoxtest
String #55: com.detoxtest.DYNAMIC_RECEIVER_NOT_EXPORTED_PERMISSION
String #56: com.detoxtest.MainActivity
String #57: com.detoxtest.MainApplication
String #58: com.detoxtest.androidx-startup
String #59: com.detoxtest.imagepickerprovider
String #60: com.facebook.react.devsupport.DevSettingsActivity
String #61: com.facebook.soloader.enabled
String #62: com.imagepicker.ImagePickerProvider
String #63: http://schemas.android.com/apk/res/android
String #64: intent-filter
String #65: manifest
String #66: meta-data
String #67: package
String #68: permission
String #69: platformBuildVersionCode
String #70: platformBuildVersionName
String #71: provider
String #72: receiver
String #73: uses-permission
String #74: uses-sdk

17:53:02.459 detox[23433] [90mi[39m "/Users/ips-162/Library/Android/sdk/build-tools/36.1.0/aapt" dump xmlstrings "/Users/ips-162/Documents/RearchTopics/DetoxTest/android/app/build/outputs/apk/androidTest/debug/app-debug-androidTest.apk" AndroidManifest.xml
17:53:02.477 detox[23433] [90mi[39m String pool of 43 unique UTF-16 non-sorted strings, 43 entries and 0 styles using 2104 bytes:
String #0: theme
String #1: label
String #2: name
String #3: debuggable
String #4: exported
String #5: priority
String #6: targetPackage
String #7: handleProfiling
String #8: functionalTest
String #9: minSdkVersion
String #10: targetSdkVersion
String #11: extractNativeLibs
String #12: compileSdkVersion
String #13: compileSdkVersionCodename
String #14: 15
String #15: Tests for com.detoxtest
String #16: activity
String #17: android
String #18: android.intent.category.LAUNCHER
String #19: android.permission.REORDER_TASKS
String #20: android.test.runner
String #21: androidx.test.core.app.InstrumentationActivityInvoker$BootstrapActivity
String #22: androidx.test.core.app.InstrumentationActivityInvoker$EmptyActivity
String #23: androidx.test.core.app.InstrumentationActivityInvoker$EmptyFloatingActivity
String #24: androidx.test.orchestrator
String #25: androidx.test.runner.AndroidJUnitRunner
String #26: androidx.test.services
String #27: application
String #28: category
String #29: com.detoxtest
String #30: com.detoxtest.test
String #31: com.google.android.apps.common.testing.services
String #32: http://schemas.android.com/apk/res/android
String #33: instrumentation
String #34: intent-filter
String #35: manifest
String #36: package
String #37: platformBuildVersionCode
String #38: platformBuildVersionName
String #39: queries
String #40: uses-library
String #41: uses-permission
String #42: uses-sdk

17:53:02.478 detox[23433] [90mi[39m "/Users/ips-162/Library/Android/sdk/platform-tools/adb" -s ZD22227Q7K shell "getprop ro.build.version.sdk"
17:53:02.522 detox[23433] [90mi[39m 31

17:53:02.524 detox[23433] [90mi[39m /Users/ips-162/Library/Android/sdk/platform-tools/adb -s ZD22227Q7K install -r -g -t /Users/ips-162/Documents/RearchTopics/DetoxTest/android/app/build/outputs/apk/debug/app-debug.apk
17:53:06.543 detox[23433] [90mi[39m Performing Streamed Install
Success

17:53:06.544 detox[23433] [90mi[39m /Users/ips-162/Library/Android/sdk/platform-tools/adb -s ZD22227Q7K install -r -g -t /Users/ips-162/Documents/RearchTopics/DetoxTest/android/app/build/outputs/apk/debug/app-debug.apk exited with code #0
17:53:06.546 detox[23433] [90mi[39m /Users/ips-162/Library/Android/sdk/platform-tools/adb -s ZD22227Q7K install -r -g -t /Users/ips-162/Documents/RearchTopics/DetoxTest/android/app/build/outputs/apk/androidTest/debug/app-debug-androidTest.apk
17:53:07.106 detox[23433] [90mi[39m Performing Streamed Install
Success

17:53:07.107 detox[23433] [90mi[39m /Users/ips-162/Library/Android/sdk/platform-tools/adb -s ZD22227Q7K install -r -g -t /Users/ips-162/Documents/RearchTopics/DetoxTest/android/app/build/outputs/apk/androidTest/debug/app-debug-androidTest.apk exited with code #0
17:53:07.107 detox[23433] [90mB[39m reverseTcpPort
  args: (8081)
17:53:07.107 detox[23433] [90mi[39m "/Users/ips-162/Library/Android/sdk/platform-tools/adb" -s ZD22227Q7K reverse tcp:8081 tcp:8081
17:53:07.124 detox[23433] [90mi[39m 
17:53:07.125 detox[23433] [90mE[39m reverseTcpPort
17:53:07.125 detox[23433] [90mE[39m installApp
17:53:07.125 detox[23433] [90mB[39m selectApp
  args: ("default")
17:53:07.125 detox[23433] [90mB[39m terminateApp
  args: ()
17:53:07.125 detox[23433] [90mB[39m onBeforeTerminateApp
  args: ({"deviceId":"ZD22227Q7K","bundleId":"com.detoxtest"})
17:53:07.125 detox[23433] [90mE[39m onBeforeTerminateApp
17:53:07.126 detox[23433] [90mi[39m "/Users/ips-162/Library/Android/sdk/platform-tools/adb" -s ZD22227Q7K shell "am force-stop com.detoxtest"
17:53:07.332 detox[23433] [90mi[39m 
17:53:07.332 detox[23433] [90mB[39m onTerminateApp
  args: ({"deviceId":"ZD22227Q7K","bundleId":"com.detoxtest"})
17:53:07.332 detox[23433] [90mE[39m onTerminateApp
17:53:07.332 detox[23433] [90mE[39m terminateApp
17:53:07.332 detox[23433] [90mE[39m selectApp
17:53:07.332 detox[23433] [90mE[39m set up environment
17:53:07.610 detox[23433] [90mi[39m profile.e2e.js is assigned to AttachedDevice:ZD22227Q7K
17:53:07.612 detox[23433] [90mB[39m run the tests
17:53:07.612 detox[23433] [90mB[39m onRunDescribeStart
  args: ({"name":"ROOT_DESCRIBE_BLOCK"})
17:53:07.613 detox[23433] [90mE[39m onRunDescribeStart
17:53:07.613 detox[23433] [90mB[39m beforeAll
17:53:07.614 detox[23433] [90mi[39m 🚀 Test suite starting...
17:53:07.615 detox[23433] [90mE[39m beforeAll
17:53:07.615 detox[23433] [90mB[39m Positive Flow - Profile Editing
17:53:07.615 detox[23433] [90mB[39m onRunDescribeStart
  args: ({"name":"Positive Flow - Profile Editing"})
17:53:07.615 detox[23433] [90mE[39m onRunDescribeStart
17:53:07.615 detox[23433] [90mB[39m beforeAll
17:53:07.623 detox[23433] [90mB[39m launchApp
  args: ()
17:53:07.624 detox[23433] [90mB[39m terminateApp
  args: ("com.detoxtest")
17:53:07.624 detox[23433] [90mB[39m onBeforeTerminateApp
  args: ({"deviceId":"ZD22227Q7K","bundleId":"com.detoxtest"})
17:53:07.624 detox[23433] [90mE[39m onBeforeTerminateApp
17:53:07.627 detox[23433] [90mi[39m "/Users/ips-162/Library/Android/sdk/platform-tools/adb" -s ZD22227Q7K shell "am force-stop com.detoxtest"
17:53:07.734 detox[23433] [90mi[39m 
17:53:07.734 detox[23433] [90mB[39m onTerminateApp
  args: ({"deviceId":"ZD22227Q7K","bundleId":"com.detoxtest"})
17:53:07.734 detox[23433] [90mE[39m onTerminateApp
17:53:07.734 detox[23433] [90mE[39m terminateApp
17:53:07.735 detox[23433] [90mB[39m onBeforeLaunchApp
  args: ({"deviceId":"ZD22227Q7K","bundleId":"com.detoxtest","launchArgs":{"detoxServer":"ws://localhost:61420","detoxSessionId":"9c791ad0-fcc5-0c81-e18a-6656f6b532ad"}})
17:53:07.735 detox[23433] [90mi[39m "/Users/ips-162/Library/Android/sdk/platform-tools/adb" -s ZD22227Q7K shell "date +\"%m-%d %T.000\""
17:53:07.842 detox[23433] [90mi[39m 12-17 17:54:11.000

17:53:07.842 detox[23433] [90mE[39m onBeforeLaunchApp
17:53:07.843 detox[23433] [90mi[39m "/Users/ips-162/Library/Android/sdk/platform-tools/adb" -s ZD22227Q7K reverse tcp:61420 tcp:61420
17:53:07.864 detox[23433] [90mi[39m 61420

17:53:07.865 detox[23433] [90mi[39m "/Users/ips-162/Library/Android/sdk/platform-tools/adb" -s ZD22227Q7K shell "pm list instrumentation"
17:53:07.934 detox[23433] [90mi[39m instrumentation:com.detoxtest.test/androidx.test.runner.AndroidJUnitRunner (target=com.detoxtest)
instrumentation:io.appium.uiautomator2.server.test/androidx.test.runner.AndroidJUnitRunner (target=io.appium.uiautomator2.server)

17:53:07.936 detox[23433] [90mi[39m /Users/ips-162/Library/Android/sdk/platform-tools/adb -s ZD22227Q7K shell am instrument -w -r -e detoxServer ws://localhost:61420 -e detoxSessionId 9c791ad0-fcc5-0c81-e18a-6656f6b532ad -e debug false com.detoxtest.test/androidx.test.runner.AndroidJUnitRunner
17:53:08.438 detox[23433] [90mi[39m "/Users/ips-162/Library/Android/sdk/platform-tools/adb" -s ZD22227Q7K shell "ps | grep \"com\.detoxtest$\""
17:53:10.283 detox[23433] [90mi[39m ""/Users/ips-162/Library/Android/sdk/platform-tools/adb" -s ZD22227Q7K shell "ps | grep \"com\.detoxtest$\""" failed with error = Error: Command failed: "/Users/ips-162/Library/Android/sdk/platform-tools/adb" -s ZD22227Q7K shell "ps | grep \"com\.detoxtest$\""
 (code=1), stdout and stderr:

17:53:10.284 detox[23433] [90mi[39m 
17:53:10.284 detox[23433] [90mi[39m 
17:53:10.785 detox[23433] [90mi[39m "/Users/ips-162/Library/Android/sdk/platform-tools/adb" -s ZD22227Q7K shell "ps | grep \"com\.detoxtest$\""
17:53:12.416 detox[23433] [90mi[39m u0_a956       9095  1235 17146444 68140 0                   0 R com.detoxtest

17:53:12.416 detox[23433] [90mB[39m onLaunchApp
  args: ({"deviceId":"ZD22227Q7K","bundleId":"com.detoxtest","launchArgs":{"detoxServer":"ws://localhost:61420","detoxSessionId":"9c791ad0-fcc5-0c81-e18a-6656f6b532ad"},"pid":9095})
17:53:12.417 detox[23433] [90mi[39m starting ADBLogcatRecording
17:53:12.419 detox[23433] [90mi[39m /Users/ips-162/Library/Android/sdk/platform-tools/adb -s ZD22227Q7K shell "logcat -T \"12-17 17:54:11.000\" --pid=9095 -f /sdcard/17530230_0.log"
17:53:12.419 detox[23433] [90mE[39m onLaunchApp
17:53:12.721 detox[23433] [90mi[39m "/Users/ips-162/Library/Android/sdk/platform-tools/adb" -s ZD22227Q7K shell du /sdcard/17530230_0.log
17:53:12.777 detox[23433] [90mi[39m 0	/sdcard/17530230_0.log

17:53:14.408 detox[23433] [90mi[39m INSTRUMENTATION_STATUS: class=com.detoxtest.DetoxTest

17:53:14.410 detox[23433] [90mi[39m INSTRUMENTATION_STATUS: current=1
INSTRUMENTATION_STATUS: id=AndroidJUnitRunner
INSTRUMENTATION_STATUS: numtests=1
INSTRUMENTATION_STATUS: stream=
com.detoxtest.DetoxTest:

17:53:14.410 detox[23433] [90mi[39m INSTRUMENTATION_STATUS: test=runDetoxTests
INSTRUMENTATION_STATUS_CODE: 1

17:53:14.541 detox[23432] [90mB[39m connection :61420<->:61693
17:53:14.548 detox[23432] [90mi[39m get
  data: {"messageId":0,"type":"login","params":{"role":"app","sessionId":"9c791ad0-fcc5-0c81-e18a-6656f6b532ad"}}
17:53:14.549 detox[23432] [90mi[39m send
  data: {
    "messageId": 0,
    "type": "loginSuccess",
    "params": {
      "testerConnected": true,
      "appConnected": true
    }
  }
17:53:14.549 detox[23432] [90mi[39m app joined session 9c791ad0-fcc5-0c81-e18a-6656f6b532ad
17:53:14.549 detox[23432] [90mi[39m send
  data: {
    "type": "appConnected"
  }
17:53:14.549 detox[23433] [90mi[39m get message
  data: {"type":"appConnected"}
   
17:53:14.550 detox[23433] [90mi[39m send message
  data: {"type":"isReady","params":{},"messageId":-1000}
17:53:14.551 detox[23432] [90mi[39m get
  data: {"type":"isReady","params":{},"messageId":-1000}
17:53:14.551 detox[23432] [90mi[39m send
  data: {
    "type": "isReady",
    "params": {},
    "messageId": -1000
  }
17:53:21.910 detox[23432] [90mi[39m get
  data: {"messageId":-1000,"type":"ready","params":{}}
17:53:21.910 detox[23432] [90mi[39m send
  data: {
    "messageId": -1000,
    "type": "ready",
    "params": {}
  }
17:53:21.910 detox[23433] [90mi[39m get message
  data: {"messageId":-1000,"type":"ready","params":{}}
   
17:53:21.911 detox[23433] [90mB[39m onAppReady
  args: ({"deviceId":"ZD22227Q7K","bundleId":"com.detoxtest","pid":9095})
17:53:21.911 detox[23433] [90mE[39m onAppReady
17:53:21.911 detox[23433] [90mE[39m launchApp
17:53:21.911 detox[23433] [90mE[39m beforeAll
17:53:21.912 detox[23433] [90mB[39m should actually change name from John Doe to Purvi using inline editing
17:53:21.912 detox[23433] [90mi[39m Positive Flow - Profile Editing: should actually change name from John Doe to Purvi using inline editing
17:53:21.914 detox[23433] [90mB[39m onTestStart
  args: ({"title":"should actually change name from John Doe to Purvi using inline editing","fullName":"Positive Flow - Profile Editing should actually change name from John Doe to Purvi using inline editing","status":"running","invocations":1})
17:53:21.914 detox[23433] [90mi[39m stopping ADBLogcatRecording
17:53:21.915 detox[23433] [90mi[39m "/Users/ips-162/Library/Android/sdk/platform-tools/adb" -s ZD22227Q7K shell "date +\"%m-%d %T.000\""
17:53:22.198 detox[23433] [90mi[39m 12-17 17:54:25.000

17:53:22.199 detox[23433] [90mi[39m sending SIGINT to: /Users/ips-162/Library/Android/sdk/platform-tools/adb -s ZD22227Q7K shell logcat -T "12-17 17:54:11.000" --pid=9095 -f /sdcard/17530230_0.log
17:53:22.200 detox[23433] [90mi[39m /Users/ips-162/Library/Android/sdk/platform-tools/adb -s ZD22227Q7K shell "logcat -T \"12-17 17:54:11.000\" --pid=9095 -f /sdcard/17530230_0.log" terminated with SIGINT
17:53:22.200 detox[23433] [90mi[39m starting ADBLogcatRecording
17:53:22.201 detox[23433] [90mi[39m /Users/ips-162/Library/Android/sdk/platform-tools/adb -s ZD22227Q7K shell "logcat -T \"12-17 17:54:25.000\" --pid=9095 -f /sdcard/17530230_1.log"
17:53:22.202 detox[23433] [90mE[39m onTestStart
17:53:22.202 detox[23433] [90mB[39m beforeEach
17:53:22.202 detox[23433] [90mE[39m beforeEach
17:53:22.202 detox[23433] [90mB[39m beforeEach
17:53:22.203 detox[23433] [90mB[39m reloadReactNative
  args: ()
17:53:22.205 detox[23433] [90mi[39m send message
  data: {"type":"reactNativeReload","params":{},"messageId":-1000}
17:53:22.206 detox[23432] [90mi[39m get
  data: {"type":"reactNativeReload","params":{},"messageId":-1000}
17:53:22.206 detox[23432] [90mi[39m send
  data: {
    "type": "reactNativeReload",
    "params": {},
    "messageId": -1000
  }
17:53:22.505 detox[23433] [90mi[39m "/Users/ips-162/Library/Android/sdk/platform-tools/adb" -s ZD22227Q7K shell du /sdcard/17530230_1.log
17:53:22.575 detox[23433] [90mi[39m 0	/sdcard/17530230_1.log

17:53:22.763 detox[23432] [90mi[39m get
  data: {"messageId":-1000,"type":"ready","params":{}}
17:53:22.763 detox[23432] [90mi[39m send
  data: {
    "messageId": -1000,
    "type": "ready",
    "params": {}
  }
17:53:22.763 detox[23433] [90mi[39m get message
  data: {"messageId":-1000,"type":"ready","params":{}}
   
17:53:22.763 detox[23433] [90mE[39m reloadReactNative
17:53:22.764 detox[23433] [90mB[39m disableSynchronization
  args: ()
17:53:22.765 detox[23433] [90mi[39m send message
  data: {"type":"invoke","params":{"target":{"type":"Class","value":"com.wix.detox.espresso.EspressoDetox"},"method":"setSynchronization","args":[{"type":"boolean","value":false}]},"messageId":1}
17:53:22.766 detox[23432] [90mi[39m get
  data: {"type":"invoke","params":{"target":{"type":"Class","value":"com.wix.detox.espresso.EspressoDetox"},"method":"setSynchronization","args":[{"type":"boolean","value":false}]},"messageId":1}
17:53:22.766 detox[23432] [90mi[39m send
  data: {
    "type": "invoke",
    "params": {
      "target": {
        "type": "Class",
        "value": "com.wix.detox.espresso.EspressoDetox"
      },
      "method": "setSynchronization",
      "args": [
        {
          "type": "boolean",
          "value": false
        }
      ]
    },
    "messageId": 1
  }
17:53:22.779 detox[23432] [90mi[39m get
  data: {"messageId":1,"type":"invokeResult","params":{"result":null}}
17:53:22.779 detox[23432] [90mi[39m send
  data: {
    "messageId": 1,
    "type": "invokeResult",
    "params": {
      "result": null
    }
  }
17:53:22.779 detox[23433] [90mi[39m get message
  data: {"messageId":1,"type":"invokeResult","params":{"result":null}}
   
17:53:22.780 detox[23433] [90mE[39m disableSynchronization
17:53:22.780 detox[23433] [90mi[39m  Waiting 3 seconds for PersistGate + Redux loading...
17:53:25.785 detox[23433] [90mB[39m enableSynchronization
  args: ()
17:53:25.785 detox[23433] [90mi[39m send message
  data: {"type":"invoke","params":{"target":{"type":"Class","value":"com.wix.detox.espresso.EspressoDetox"},"method":"setSynchronization","args":[{"type":"boolean","value":true}]},"messageId":2}
17:53:25.786 detox[23432] [90mi[39m get
  data: {"type":"invoke","params":{"target":{"type":"Class","value":"com.wix.detox.espresso.EspressoDetox"},"method":"setSynchronization","args":[{"type":"boolean","value":true}]},"messageId":2}
17:53:25.786 detox[23432] [90mi[39m send
  data: {
    "type": "invoke",
    "params": {
      "target": {
        "type": "Class",
        "value": "com.wix.detox.espresso.EspressoDetox"
      },
      "method": "setSynchronization",
      "args": [
        {
          "type": "boolean",
          "value": true
        }
      ]
    },
    "messageId": 2
  }
17:53:25.831 detox[23432] [90mi[39m get
  data: {"messageId":2,"type":"invokeResult","params":{"result":null}}
17:53:25.831 detox[23432] [90mi[39m send
  data: {
    "messageId": 2,
    "type": "invokeResult",
    "params": {
      "result": null
    }
  }
17:53:25.831 detox[23433] [90mi[39m get message
  data: {"messageId":2,"type":"invokeResult","params":{"result":null}}
   
17:53:25.831 detox[23433] [90mE[39m enableSynchronization
17:53:25.833 detox[23432] [90mi[39m get
  data: {"type":"invoke","params":{"target":{"type":"Class","value":"com.wix.detox.espresso.DetoxAssertion"},"method":"waitForAssertMatcher","args":[{"type":"Invocation","value":{"target":{"type":"Class","value":"androidx.test.espresso.Espresso"},"method":"onView","args":[{"type":"Invocation","value":{"target":{"type":"Class","value":"com.wix.detox.espresso.DetoxMatcher"},"method":"matcherForTestId","args":["login-root",{"type":"boolean","value":false}]}}]}},{"type":"Invocation","value":{"target":{"type":"Class","value":"com.wix.detox.espresso.DetoxMatcher"},"method":"matcherForSufficientlyVisible","args":[{"type":"Integer","value":75}]}},{"type":"Double","value":10}]},"messageId":3}
17:53:25.833 detox[23433] [90mi[39m send message
  data: {"type":"invoke","params":{"target":{"type":"Class","value":"com.wix.detox.espresso.DetoxAssertion"},"method":"waitForAssertMatcher","args":[{"type":"Invocation","value":{"target":{"type":"Class","value":"androidx.test.espresso.Espresso"},"method":"onView","args":[{"type":"Invocation","value":{"target":{"type":"Class","value":"com.wix.detox.espresso.DetoxMatcher"},"method":"matcherForTestId","args":["login-root",{"type":"boolean","value":false}]}}]}},{"type":"Invocation","value":{"target":{"type":"Class","value":"com.wix.detox.espresso.DetoxMatcher"},"method":"matcherForSufficientlyVisible","args":[{"type":"Integer","value":75}]}},{"type":"Double","value":10}]},"messageId":3}
17:53:25.834 detox[23432] [90mi[39m send
  data: {
    "type": "invoke",
    "params": {
      "target": {
        "type": "Class",
        "value": "com.wix.detox.espresso.DetoxAssertion"
      },
      "method": "waitForAssertMatcher",
      "args": [
        {
          "type": "Invocation",
          "value": {
            "target": {
              "type": "Class",
              "value": "androidx.test.espresso.Espresso"
            },
            "method": "onView",
            "args": [
              {
                "type": "Invocation",
                "value": {
                  "target": {
                    "type": "Class",
                    "value": "com.wix.detox.espresso.DetoxMatcher"
                  },
                  "method": "matcherForTestId",
                  "args": [
                    "login-root",
                    {
                      "type": "boolean",
                      "value": false
                    }
                  ]
                }
              }
            ]
          }
        },
        {
          "type": "Invocation",
          "value": {
            "target": {
              "type": "Class",
              "value": "com.wix.detox.espresso.DetoxMatcher"
            },
            "method": "matcherForSufficientlyVisible",
            "args": [
              {
                "type": "Integer",
                "value": 75
              }
            ]
          }
        },
        {
          "type": "Double",
          "value": 10
        }
      ]
    },
    "messageId": 3
  }
17:53:25.834 detox[23433] [90mB[39m undefined with timeout (10000 ms)
  data: {
    "target": {
      "type": "Class",
      "value": "com.wix.detox.espresso.DetoxAssertion"
    },
    "method": "waitForAssertMatcher",
    "args": [
      {
        "type": "Invocation",
        "value": {
          "target": {
            "type": "Class",
            "value": "androidx.test.espresso.Espresso"
          },
          "method": "onView",
          "args": [
            {
              "type": "Invocation",
              "value": {
                "target": {
                  "type": "Class",
                  "value": "com.wix.detox.espresso.DetoxMatcher"
                },
                "method": "matcherForTestId",
                "args": [
                  "login-root",
                  {
                    "type": "boolean",
                    "value": false
                  }
                ]
              }
            }
          ]
        }
      },
      {
        "type": "Invocation",
        "value": {
          "target": {
            "type": "Class",
            "value": "com.wix.detox.espresso.DetoxMatcher"
          },
          "method": "matcherForSufficientlyVisible",
          "args": [
            {
              "type": "Integer",
              "value": 75
            }
          ]
        }
      },
      {
        "type": "Double",
        "value": 10
      }
    ]
  }
17:53:30.930 detox[23432] [90mi[39m get
  data: {"messageId":3,"type":"invokeResult","params":{"result":null}}
17:53:30.930 detox[23432] [90mi[39m send
  data: {
    "messageId": 3,
    "type": "invokeResult",
    "params": {
      "result": null
    }
  }
17:53:30.930 detox[23433] [90mi[39m get message
  data: {"messageId":3,"type":"invokeResult","params":{"result":null}}
   
17:53:30.930 detox[23433] [90mE[39m undefined with timeout (10000 ms)
17:53:30.930 detox[23433] [90mi[39m  Login screen ready
17:53:30.931 detox[23433] [90mi[39m  Entering login credentials...
17:53:30.932 detox[23432] [90mi[39m get
  data: {"type":"invoke","params":{"target":{"type":"Class","value":"com.wix.detox.espresso.EspressoDetox"},"method":"perform","args":[{"type":"Invocation","value":{"target":{"type":"Class","value":"com.wix.detox.espresso.DetoxMatcher"},"method":"matcherForTestId","args":["email-input",{"type":"boolean","value":false}]}},{"type":"Invocation","value":{"target":{"type":"Class","value":"androidx.test.espresso.action.ViewActions"},"method":"replaceText","args":["john@gmail.com"]}}]},"messageId":4}
17:53:30.932 detox[23432] [90mi[39m send
  data: {
    "type": "invoke",
    "params": {
      "target": {
        "type": "Class",
        "value": "com.wix.detox.espresso.EspressoDetox"
      },
      "method": "perform",
      "args": [
        {
          "type": "Invocation",
          "value": {
            "target": {
              "type": "Class",
              "value": "com.wix.detox.espresso.DetoxMatcher"
            },
            "method": "matcherForTestId",
            "args": [
              "email-input",
              {
                "type": "boolean",
                "value": false
              }
            ]
          }
        },
        {
          "type": "Invocation",
          "value": {
            "target": {
              "type": "Class",
              "value": "androidx.test.espresso.action.ViewActions"
            },
            "method": "replaceText",
            "args": [
              "john@gmail.com"
            ]
          }
        }
      ]
    },
    "messageId": 4
  }
17:53:30.932 detox[23433] [90mi[39m send message
  data: {"type":"invoke","params":{"target":{"type":"Class","value":"com.wix.detox.espresso.EspressoDetox"},"method":"perform","args":[{"type":"Invocation","value":{"target":{"type":"Class","value":"com.wix.detox.espresso.DetoxMatcher"},"method":"matcherForTestId","args":["email-input",{"type":"boolean","value":false}]}},{"type":"Invocation","value":{"target":{"type":"Class","value":"androidx.test.espresso.action.ViewActions"},"method":"replaceText","args":["john@gmail.com"]}}]},"messageId":4}
17:53:30.932 detox[23433] [90mB[39m replace input text: "john@gmail.com"
  data: {
    "target": {
      "type": "Class",
      "value": "com.wix.detox.espresso.EspressoDetox"
    },
    "method": "perform",
    "args": [
      {
        "type": "Invocation",
        "value": {
          "target": {
            "type": "Class",
            "value": "com.wix.detox.espresso.DetoxMatcher"
          },
          "method": "matcherForTestId",
          "args": [
            "email-input",
            {
              "type": "boolean",
              "value": false
            }
          ]
        }
      },
      {
        "type": "Invocation",
        "value": {
          "target": {
            "type": "Class",
            "value": "androidx.test.espresso.action.ViewActions"
          },
          "method": "replaceText",
          "args": [
            "john@gmail.com"
          ]
        }
      }
    ]
  }
17:53:30.995 detox[23432] [90mi[39m get
  data: {"messageId":4,"type":"invokeResult","params":{"result":null}}
17:53:30.996 detox[23432] [90mi[39m send
  data: {
    "messageId": 4,
    "type": "invokeResult",
    "params": {
      "result": null
    }
  }
17:53:30.996 detox[23433] [90mi[39m get message
  data: {"messageId":4,"type":"invokeResult","params":{"result":null}}
   
17:53:30.996 detox[23433] [90mE[39m replace input text: "john@gmail.com"
17:53:30.997 detox[23432] [90mi[39m get
  data: {"type":"invoke","params":{"target":{"type":"Class","value":"com.wix.detox.espresso.EspressoDetox"},"method":"perform","args":[{"type":"Invocation","value":{"target":{"type":"Class","value":"com.wix.detox.espresso.DetoxMatcher"},"method":"matcherForTestId","args":["password-input",{"type":"boolean","value":false}]}},{"type":"Invocation","value":{"target":{"type":"Class","value":"com.wix.detox.espresso.DetoxViewActions"},"method":"click","args":[]}}]},"messageId":5}
17:53:30.997 detox[23432] [90mi[39m send
  data: {
    "type": "invoke",
    "params": {
      "target": {
        "type": "Class",
        "value": "com.wix.detox.espresso.EspressoDetox"
      },
      "method": "perform",
      "args": [
        {
          "type": "Invocation",
          "value": {
            "target": {
              "type": "Class",
              "value": "com.wix.detox.espresso.DetoxMatcher"
            },
            "method": "matcherForTestId",
            "args": [
              "password-input",
              {
                "type": "boolean",
                "value": false
              }
            ]
          }
        },
        {
          "type": "Invocation",
          "value": {
            "target": {
              "type": "Class",
              "value": "com.wix.detox.espresso.DetoxViewActions"
            },
            "method": "click",
            "args": []
          }
        }
      ]
    },
    "messageId": 5
  }
17:53:30.997 detox[23433] [90mi[39m send message
  data: {"type":"invoke","params":{"target":{"type":"Class","value":"com.wix.detox.espresso.EspressoDetox"},"method":"perform","args":[{"type":"Invocation","value":{"target":{"type":"Class","value":"com.wix.detox.espresso.DetoxMatcher"},"method":"matcherForTestId","args":["password-input",{"type":"boolean","value":false}]}},{"type":"Invocation","value":{"target":{"type":"Class","value":"com.wix.detox.espresso.DetoxViewActions"},"method":"click","args":[]}}]},"messageId":5}
17:53:30.997 detox[23433] [90mB[39m tap
  data: {
    "target": {
      "type": "Class",
      "value": "com.wix.detox.espresso.EspressoDetox"
    },
    "method": "perform",
    "args": [
      {
        "type": "Invocation",
        "value": {
          "target": {
            "type": "Class",
            "value": "com.wix.detox.espresso.DetoxMatcher"
          },
          "method": "matcherForTestId",
          "args": [
            "password-input",
            {
              "type": "boolean",
              "value": false
            }
          ]
        }
      },
      {
        "type": "Invocation",
        "value": {
          "target": {
            "type": "Class",
            "value": "com.wix.detox.espresso.DetoxViewActions"
          },
          "method": "click",
          "args": []
        }
      }
    ]
  }
17:53:31.673 detox[23432] [90mi[39m get
  data: {"messageId":5,"type":"invokeResult","params":{"result":null}}
17:53:31.673 detox[23432] [90mi[39m send
  data: {
    "messageId": 5,
    "type": "invokeResult",
    "params": {
      "result": null
    }
  }
17:53:31.674 detox[23433] [90mi[39m get message
  data: {"messageId":5,"type":"invokeResult","params":{"result":null}}
   
17:53:31.674 detox[23433] [90mE[39m tap
17:53:31.674 detox[23433] [90mi[39m send message
  data: {"type":"invoke","params":{"target":{"type":"Class","value":"com.wix.detox.espresso.EspressoDetox"},"method":"perform","args":[{"type":"Invocation","value":{"target":{"type":"Class","value":"com.wix.detox.espresso.DetoxMatcher"},"method":"matcherForTestId","args":["password-input",{"type":"boolean","value":false}]}},{"type":"Invocation","value":{"target":{"type":"Class","value":"androidx.test.espresso.action.ViewActions"},"method":"replaceText","args":["Password123!"]}}]},"messageId":6}
17:53:31.675 detox[23432] [90mi[39m get
  data: {"type":"invoke","params":{"target":{"type":"Class","value":"com.wix.detox.espresso.EspressoDetox"},"method":"perform","args":[{"type":"Invocation","value":{"target":{"type":"Class","value":"com.wix.detox.espresso.DetoxMatcher"},"method":"matcherForTestId","args":["password-input",{"type":"boolean","value":false}]}},{"type":"Invocation","value":{"target":{"type":"Class","value":"androidx.test.espresso.action.ViewActions"},"method":"replaceText","args":["Password123!"]}}]},"messageId":6}
17:53:31.675 detox[23432] [90mi[39m send
  data: {
    "type": "invoke",
    "params": {
      "target": {
        "type": "Class",
        "value": "com.wix.detox.espresso.EspressoDetox"
      },
      "method": "perform",
      "args": [
        {
          "type": "Invocation",
          "value": {
            "target": {
              "type": "Class",
              "value": "com.wix.detox.espresso.DetoxMatcher"
            },
            "method": "matcherForTestId",
            "args": [
              "password-input",
              {
                "type": "boolean",
                "value": false
              }
            ]
          }
        },
        {
          "type": "Invocation",
          "value": {
            "target": {
              "type": "Class",
              "value": "androidx.test.espresso.action.ViewActions"
            },
            "method": "replaceText",
            "args": [
              "Password123!"
            ]
          }
        }
      ]
    },
    "messageId": 6
  }
17:53:31.675 detox[23433] [90mB[39m replace input text: "Password123!"
  data: {
    "target": {
      "type": "Class",
      "value": "com.wix.detox.espresso.EspressoDetox"
    },
    "method": "perform",
    "args": [
      {
        "type": "Invocation",
        "value": {
          "target": {
            "type": "Class",
            "value": "com.wix.detox.espresso.DetoxMatcher"
          },
          "method": "matcherForTestId",
          "args": [
            "password-input",
            {
              "type": "boolean",
              "value": false
            }
          ]
        }
      },
      {
        "type": "Invocation",
        "value": {
          "target": {
            "type": "Class",
            "value": "androidx.test.espresso.action.ViewActions"
          },
          "method": "replaceText",
          "args": [
            "Password123!"
          ]
        }
      }
    ]
  }
17:53:31.709 detox[23432] [90mi[39m get
  data: {"messageId":6,"type":"invokeResult","params":{"result":null}}
17:53:31.709 detox[23432] [90mi[39m send
  data: {
    "messageId": 6,
    "type": "invokeResult",
    "params": {
      "result": null
    }
  }
17:53:31.709 detox[23433] [90mi[39m get message
  data: {"messageId":6,"type":"invokeResult","params":{"result":null}}
   
17:53:31.709 detox[23433] [90mE[39m replace input text: "Password123!"
17:53:31.710 detox[23433] [90mB[39m pressBack
  args: ()
17:53:31.710 detox[23433] [90mi[39m send message
  data: {"type":"invoke","params":{"target":{"type":"Invocation","value":{"target":{"type":"Class","value":"com.wix.detox.uiautomator.UiAutomator"},"method":"uiDevice","args":[]}},"method":"pressBack","args":[]},"messageId":7}
17:53:31.711 detox[23432] [90mi[39m get
  data: {"type":"invoke","params":{"target":{"type":"Invocation","value":{"target":{"type":"Class","value":"com.wix.detox.uiautomator.UiAutomator"},"method":"uiDevice","args":[]}},"method":"pressBack","args":[]},"messageId":7}
17:53:31.711 detox[23432] [90mi[39m send
  data: {
    "type": "invoke",
    "params": {
      "target": {
        "type": "Invocation",
        "value": {
          "target": {
            "type": "Class",
            "value": "com.wix.detox.uiautomator.UiAutomator"
          },
          "method": "uiDevice",
          "args": []
        }
      },
      "method": "pressBack",
      "args": []
    },
    "messageId": 7
  }
17:53:32.661 detox[23432] [90mi[39m get
  data: {"messageId":7,"type":"invokeResult","params":{"result":true}}
17:53:32.661 detox[23432] [90mi[39m send
  data: {
    "messageId": 7,
    "type": "invokeResult",
    "params": {
      "result": true
    }
  }
17:53:32.662 detox[23433] [90mi[39m get message
  data: {"messageId":7,"type":"invokeResult","params":{"result":true}}
   
17:53:32.662 detox[23433] [90mE[39m pressBack
17:53:32.663 detox[23433] [90mi[39m send message
  data: {"type":"invoke","params":{"target":{"type":"Class","value":"com.wix.detox.espresso.EspressoDetox"},"method":"perform","args":[{"type":"Invocation","value":{"target":{"type":"Class","value":"com.wix.detox.espresso.DetoxMatcher"},"method":"matcherForTestId","args":["login-button",{"type":"boolean","value":false}]}},{"type":"Invocation","value":{"target":{"type":"Class","value":"com.wix.detox.espresso.DetoxViewActions"},"method":"click","args":[]}}]},"messageId":8}
17:53:32.663 detox[23433] [90mB[39m tap
  data: {
    "target": {
      "type": "Class",
      "value": "com.wix.detox.espresso.EspressoDetox"
    },
    "method": "perform",
    "args": [
      {
        "type": "Invocation",
        "value": {
          "target": {
            "type": "Class",
            "value": "com.wix.detox.espresso.DetoxMatcher"
          },
          "method": "matcherForTestId",
          "args": [
            "login-button",
            {
              "type": "boolean",
              "value": false
            }
          ]
        }
      },
      {
        "type": "Invocation",
        "value": {
          "target": {
            "type": "Class",
            "value": "com.wix.detox.espresso.DetoxViewActions"
          },
          "method": "click",
          "args": []
        }
      }
    ]
  }
17:53:32.664 detox[23432] [90mi[39m get
  data: {"type":"invoke","params":{"target":{"type":"Class","value":"com.wix.detox.espresso.EspressoDetox"},"method":"perform","args":[{"type":"Invocation","value":{"target":{"type":"Class","value":"com.wix.detox.espresso.DetoxMatcher"},"method":"matcherForTestId","args":["login-button",{"type":"boolean","value":false}]}},{"type":"Invocation","value":{"target":{"type":"Class","value":"com.wix.detox.espresso.DetoxViewActions"},"method":"click","args":[]}}]},"messageId":8}
17:53:32.664 detox[23432] [90mi[39m send
  data: {
    "type": "invoke",
    "params": {
      "target": {
        "type": "Class",
        "value": "com.wix.detox.espresso.EspressoDetox"
      },
      "method": "perform",
      "args": [
        {
          "type": "Invocation",
          "value": {
            "target": {
              "type": "Class",
              "value": "com.wix.detox.espresso.DetoxMatcher"
            },
            "method": "matcherForTestId",
            "args": [
              "login-button",
              {
                "type": "boolean",
                "value": false
              }
            ]
          }
        },
        {
          "type": "Invocation",
          "value": {
            "target": {
              "type": "Class",
              "value": "com.wix.detox.espresso.DetoxViewActions"
            },
            "method": "click",
            "args": []
          }
        }
      ]
    },
    "messageId": 8
  }
17:53:35.488 detox[23432] [90mi[39m get
  data: {"messageId":8,"type":"invokeResult","params":{"result":null}}
17:53:35.489 detox[23432] [90mi[39m send
  data: {
    "messageId": 8,
    "type": "invokeResult",
    "params": {
      "result": null
    }
  }
17:53:35.489 detox[23433] [90mi[39m get message
  data: {"messageId":8,"type":"invokeResult","params":{"result":null}}
   
17:53:35.489 detox[23433] [90mE[39m tap
17:53:35.490 detox[23433] [90mi[39m  Login button tapped, waiting for navigation...
17:53:40.494 detox[23433] [90mi[39m send message
  data: {"type":"invoke","params":{"target":{"type":"Class","value":"com.wix.detox.espresso.DetoxAssertion"},"method":"waitForAssertMatcher","args":[{"type":"Invocation","value":{"target":{"type":"Class","value":"androidx.test.espresso.Espresso"},"method":"onView","args":[{"type":"Invocation","value":{"target":{"type":"Class","value":"com.wix.detox.espresso.DetoxMatcher"},"method":"matcherForTestId","args":["home-tab-root",{"type":"boolean","value":false}]}}]}},{"type":"Invocation","value":{"target":{"type":"Class","value":"com.wix.detox.espresso.DetoxMatcher"},"method":"matcherForSufficientlyVisible","args":[{"type":"Integer","value":75}]}},{"type":"Double","value":15}]},"messageId":9}
17:53:40.495 detox[23432] [90mi[39m get
  data: {"type":"invoke","params":{"target":{"type":"Class","value":"com.wix.detox.espresso.DetoxAssertion"},"method":"waitForAssertMatcher","args":[{"type":"Invocation","value":{"target":{"type":"Class","value":"androidx.test.espresso.Espresso"},"method":"onView","args":[{"type":"Invocation","value":{"target":{"type":"Class","value":"com.wix.detox.espresso.DetoxMatcher"},"method":"matcherForTestId","args":["home-tab-root",{"type":"boolean","value":false}]}}]}},{"type":"Invocation","value":{"target":{"type":"Class","value":"com.wix.detox.espresso.DetoxMatcher"},"method":"matcherForSufficientlyVisible","args":[{"type":"Integer","value":75}]}},{"type":"Double","value":15}]},"messageId":9}
17:53:40.495 detox[23432] [90mi[39m send
  data: {
    "type": "invoke",
    "params": {
      "target": {
        "type": "Class",
        "value": "com.wix.detox.espresso.DetoxAssertion"
      },
      "method": "waitForAssertMatcher",
      "args": [
        {
          "type": "Invocation",
          "value": {
            "target": {
              "type": "Class",
              "value": "androidx.test.espresso.Espresso"
            },
            "method": "onView",
            "args": [
              {
                "type": "Invocation",
                "value": {
                  "target": {
                    "type": "Class",
                    "value": "com.wix.detox.espresso.DetoxMatcher"
                  },
                  "method": "matcherForTestId",
                  "args": [
                    "home-tab-root",
                    {
                      "type": "boolean",
                      "value": false
                    }
                  ]
                }
              }
            ]
          }
        },
        {
          "type": "Invocation",
          "value": {
            "target": {
              "type": "Class",
              "value": "com.wix.detox.espresso.DetoxMatcher"
            },
            "method": "matcherForSufficientlyVisible",
            "args": [
              {
                "type": "Integer",
                "value": 75
              }
            ]
          }
        },
        {
          "type": "Double",
          "value": 15
        }
      ]
    },
    "messageId": 9
  }
17:53:40.495 detox[23433] [90mB[39m undefined with timeout (15000 ms)
  data: {
    "target": {
      "type": "Class",
      "value": "com.wix.detox.espresso.DetoxAssertion"
    },
    "method": "waitForAssertMatcher",
    "args": [
      {
        "type": "Invocation",
        "value": {
          "target": {
            "type": "Class",
            "value": "androidx.test.espresso.Espresso"
          },
          "method": "onView",
          "args": [
            {
              "type": "Invocation",
              "value": {
                "target": {
                  "type": "Class",
                  "value": "com.wix.detox.espresso.DetoxMatcher"
                },
                "method": "matcherForTestId",
                "args": [
                  "home-tab-root",
                  {
                    "type": "boolean",
                    "value": false
                  }
                ]
              }
            }
          ]
        }
      },
      {
        "type": "Invocation",
        "value": {
          "target": {
            "type": "Class",
            "value": "com.wix.detox.espresso.DetoxMatcher"
          },
          "method": "matcherForSufficientlyVisible",
          "args": [
            {
              "type": "Integer",
              "value": 75
            }
          ]
        }
      },
      {
        "type": "Double",
        "value": 15
      }
    ]
  }
17:53:40.563 detox[23432] [90mi[39m get
  data: {"messageId":9,"type":"invokeResult","params":{"result":null}}
17:53:40.563 detox[23432] [90mi[39m send
  data: {
    "messageId": 9,
    "type": "invokeResult",
    "params": {
      "result": null
    }
  }
17:53:40.563 detox[23433] [90mi[39m get message
  data: {"messageId":9,"type":"invokeResult","params":{"result":null}}
   
17:53:40.563 detox[23433] [90mE[39m undefined with timeout (15000 ms)
17:53:40.564 detox[23432] [90mi[39m get
  data: {"type":"invoke","params":{"target":{"type":"Class","value":"com.wix.detox.espresso.EspressoDetox"},"method":"perform","args":[{"type":"Invocation","value":{"target":{"type":"Class","value":"com.wix.detox.espresso.DetoxMatcher"},"method":"matcherForTestId","args":["profile-tab",{"type":"boolean","value":false}]}},{"type":"Invocation","value":{"target":{"type":"Class","value":"com.wix.detox.espresso.DetoxViewActions"},"method":"click","args":[]}}]},"messageId":10}
17:53:40.564 detox[23432] [90mi[39m send
  data: {
    "type": "invoke",
    "params": {
      "target": {
        "type": "Class",
        "value": "com.wix.detox.espresso.EspressoDetox"
      },
      "method": "perform",
      "args": [
        {
          "type": "Invocation",
          "value": {
            "target": {
              "type": "Class",
              "value": "com.wix.detox.espresso.DetoxMatcher"
            },
            "method": "matcherForTestId",
            "args": [
              "profile-tab",
              {
                "type": "boolean",
                "value": false
              }
            ]
          }
        },
        {
          "type": "Invocation",
          "value": {
            "target": {
              "type": "Class",
              "value": "com.wix.detox.espresso.DetoxViewActions"
            },
            "method": "click",
            "args": []
          }
        }
      ]
    },
    "messageId": 10
  }
17:53:40.564 detox[23433] [90mi[39m send message
  data: {"type":"invoke","params":{"target":{"type":"Class","value":"com.wix.detox.espresso.EspressoDetox"},"method":"perform","args":[{"type":"Invocation","value":{"target":{"type":"Class","value":"com.wix.detox.espresso.DetoxMatcher"},"method":"matcherForTestId","args":["profile-tab",{"type":"boolean","value":false}]}},{"type":"Invocation","value":{"target":{"type":"Class","value":"com.wix.detox.espresso.DetoxViewActions"},"method":"click","args":[]}}]},"messageId":10}
17:53:40.564 detox[23433] [90mB[39m tap
  data: {
    "target": {
      "type": "Class",
      "value": "com.wix.detox.espresso.EspressoDetox"
    },
    "method": "perform",
    "args": [
      {
        "type": "Invocation",
        "value": {
          "target": {
            "type": "Class",
            "value": "com.wix.detox.espresso.DetoxMatcher"
          },
          "method": "matcherForTestId",
          "args": [
            "profile-tab",
            {
              "type": "boolean",
              "value": false
            }
          ]
        }
      },
      {
        "type": "Invocation",
        "value": {
          "target": {
            "type": "Class",
            "value": "com.wix.detox.espresso.DetoxViewActions"
          },
          "method": "click",
          "args": []
        }
      }
    ]
  }
17:53:41.597 detox[23432] [90mi[39m get
  data: {"messageId":10,"type":"invokeResult","params":{"result":null}}
17:53:41.597 detox[23432] [90mi[39m send
  data: {
    "messageId": 10,
    "type": "invokeResult",
    "params": {
      "result": null
    }
  }
17:53:41.597 detox[23433] [90mi[39m get message
  data: {"messageId":10,"type":"invokeResult","params":{"result":null}}
   
17:53:41.597 detox[23433] [90mE[39m tap
17:53:41.598 detox[23432] [90mi[39m get
  data: {"type":"invoke","params":{"target":{"type":"Class","value":"com.wix.detox.espresso.DetoxAssertion"},"method":"waitForAssertMatcher","args":[{"type":"Invocation","value":{"target":{"type":"Class","value":"androidx.test.espresso.Espresso"},"method":"onView","args":[{"type":"Invocation","value":{"target":{"type":"Class","value":"com.wix.detox.espresso.DetoxMatcher"},"method":"matcherForTestId","args":["profile-title",{"type":"boolean","value":false}]}}]}},{"type":"Invocation","value":{"target":{"type":"Class","value":"com.wix.detox.espresso.DetoxMatcher"},"method":"matcherForSufficientlyVisible","args":[{"type":"Integer","value":75}]}},{"type":"Double","value":5}]},"messageId":11}
17:53:41.598 detox[23432] [90mi[39m send
  data: {
    "type": "invoke",
    "params": {
      "target": {
        "type": "Class",
        "value": "com.wix.detox.espresso.DetoxAssertion"
      },
      "method": "waitForAssertMatcher",
      "args": [
        {
          "type": "Invocation",
          "value": {
            "target": {
              "type": "Class",
              "value": "androidx.test.espresso.Espresso"
            },
            "method": "onView",
            "args": [
              {
                "type": "Invocation",
                "value": {
                  "target": {
                    "type": "Class",
                    "value": "com.wix.detox.espresso.DetoxMatcher"
                  },
                  "method": "matcherForTestId",
                  "args": [
                    "profile-title",
                    {
                      "type": "boolean",
                      "value": false
                    }
                  ]
                }
              }
            ]
          }
        },
        {
          "type": "Invocation",
          "value": {
            "target": {
              "type": "Class",
              "value": "com.wix.detox.espresso.DetoxMatcher"
            },
            "method": "matcherForSufficientlyVisible",
            "args": [
              {
                "type": "Integer",
                "value": 75
              }
            ]
          }
        },
        {
          "type": "Double",
          "value": 5
        }
      ]
    },
    "messageId": 11
  }
17:53:41.598 detox[23433] [90mi[39m send message
  data: {"type":"invoke","params":{"target":{"type":"Class","value":"com.wix.detox.espresso.DetoxAssertion"},"method":"waitForAssertMatcher","args":[{"type":"Invocation","value":{"target":{"type":"Class","value":"androidx.test.espresso.Espresso"},"method":"onView","args":[{"type":"Invocation","value":{"target":{"type":"Class","value":"com.wix.detox.espresso.DetoxMatcher"},"method":"matcherForTestId","args":["profile-title",{"type":"boolean","value":false}]}}]}},{"type":"Invocation","value":{"target":{"type":"Class","value":"com.wix.detox.espresso.DetoxMatcher"},"method":"matcherForSufficientlyVisible","args":[{"type":"Integer","value":75}]}},{"type":"Double","value":5}]},"messageId":11}
17:53:41.598 detox[23433] [90mB[39m undefined with timeout (5000 ms)
  data: {
    "target": {
      "type": "Class",
      "value": "com.wix.detox.espresso.DetoxAssertion"
    },
    "method": "waitForAssertMatcher",
    "args": [
      {
        "type": "Invocation",
        "value": {
          "target": {
            "type": "Class",
            "value": "androidx.test.espresso.Espresso"
          },
          "method": "onView",
          "args": [
            {
              "type": "Invocation",
              "value": {
                "target": {
                  "type": "Class",
                  "value": "com.wix.detox.espresso.DetoxMatcher"
                },
                "method": "matcherForTestId",
                "args": [
                  "profile-title",
                  {
                    "type": "boolean",
                    "value": false
                  }
                ]
              }
            }
          ]
        }
      },
      {
        "type": "Invocation",
        "value": {
          "target": {
            "type": "Class",
            "value": "com.wix.detox.espresso.DetoxMatcher"
          },
          "method": "matcherForSufficientlyVisible",
          "args": [
            {
              "type": "Integer",
              "value": 75
            }
          ]
        }
      },
      {
        "type": "Double",
        "value": 5
      }
    ]
  }
17:53:41.636 detox[23432] [90mi[39m get
  data: {"messageId":11,"type":"invokeResult","params":{"result":null}}
17:53:41.637 detox[23432] [90mi[39m send
  data: {
    "messageId": 11,
    "type": "invokeResult",
    "params": {
      "result": null
    }
  }
17:53:41.637 detox[23433] [90mi[39m get message
  data: {"messageId":11,"type":"invokeResult","params":{"result":null}}
   
17:53:41.637 detox[23433] [90mE[39m undefined with timeout (5000 ms)
17:53:41.637 detox[23433] [90mE[39m beforeEach
17:53:41.638 detox[23433] [90mB[39m test_fn
17:53:41.638 detox[23433] [90mi[39m ✏️ Testing inline name editing: John Doe → Purvi
17:53:41.639 detox[23433] [90mB[39m takeScreenshot
  args: ("profile-before-edit")
17:53:41.639 detox[23433] [90mi[39m "/Users/ips-162/Library/Android/sdk/platform-tools/adb" -s ZD22227Q7K shell "screencap /sdcard/17530230_2.png"
17:53:43.113 detox[23433] [90mi[39m 
17:53:43.113 detox[23433] [90mi[39m "/Users/ips-162/Library/Android/sdk/platform-tools/adb" -s ZD22227Q7K pull "/sdcard/17530230_2.png" "/private/var/folders/r0/j9yltjr10ysg22c7l5sx938r0000gn/T/detox-23433-2fizIp.detox.png"
17:53:43.140 detox[23433] [90mi[39m /sdcard/17530230_2.png: 1 file pulled, 0 skipped. 16.6 MB/s (118052 bytes in 0.007s)

17:53:43.141 detox[23433] [90mi[39m "/Users/ips-162/Library/Android/sdk/platform-tools/adb" -s ZD22227Q7K shell "rm  \"/sdcard/17530230_2.png\""
17:53:43.260 detox[23433] [90mi[39m 
17:53:43.260 detox[23433] [90mB[39m onCreateExternalArtifact
  args: ({"pluginId":"screenshot","artifactName":"profile-before-edit","artifactPath":"/private/var/folders/r0/j9yltjr10ysg22c7l5sx938r0000gn/T/detox-23433-2fizIp.detox.png"})
17:53:43.260 detox[23433] [90mi[39m starting FileArtifact
17:53:43.260 detox[23433] [90mi[39m stopping FileArtifact
17:53:43.261 detox[23433] [90mE[39m onCreateExternalArtifact
17:53:43.261 detox[23433] [90mE[39m takeScreenshot
17:53:43.262 detox[23433] [90mi[39m send message
  data: {"type":"invoke","params":{"target":{"type":"Class","value":"com.wix.detox.espresso.DetoxAssertion"},"method":"assertMatcher","args":[{"type":"Invocation","value":{"target":{"type":"Class","value":"androidx.test.espresso.Espresso"},"method":"onView","args":[{"type":"Invocation","value":{"target":{"type":"Class","value":"com.wix.detox.espresso.DetoxMatcher"},"method":"matcherForTestId","args":["profile-user-name",{"type":"boolean","value":false}]}}]}},{"type":"Invocation","value":{"target":{"type":"Class","value":"com.wix.detox.espresso.DetoxMatcher"},"method":"matcherForText","args":["John Doe",{"type":"boolean","value":false}]}}]},"messageId":12}
17:53:43.263 detox[23432] [90mi[39m get
  data: {"type":"invoke","params":{"target":{"type":"Class","value":"com.wix.detox.espresso.DetoxAssertion"},"method":"assertMatcher","args":[{"type":"Invocation","value":{"target":{"type":"Class","value":"androidx.test.espresso.Espresso"},"method":"onView","args":[{"type":"Invocation","value":{"target":{"type":"Class","value":"com.wix.detox.espresso.DetoxMatcher"},"method":"matcherForTestId","args":["profile-user-name",{"type":"boolean","value":false}]}}]}},{"type":"Invocation","value":{"target":{"type":"Class","value":"com.wix.detox.espresso.DetoxMatcher"},"method":"matcherForText","args":["John Doe",{"type":"boolean","value":false}]}}]},"messageId":12}
17:53:43.263 detox[23432] [90mi[39m send
  data: {
    "type": "invoke",
    "params": {
      "target": {
        "type": "Class",
        "value": "com.wix.detox.espresso.DetoxAssertion"
      },
      "method": "assertMatcher",
      "args": [
        {
          "type": "Invocation",
          "value": {
            "target": {
              "type": "Class",
              "value": "androidx.test.espresso.Espresso"
            },
            "method": "onView",
            "args": [
              {
                "type": "Invocation",
                "value": {
                  "target": {
                    "type": "Class",
                    "value": "com.wix.detox.espresso.DetoxMatcher"
                  },
                  "method": "matcherForTestId",
                  "args": [
                    "profile-user-name",
                    {
                      "type": "boolean",
                      "value": false
                    }
                  ]
                }
              }
            ]
          }
        },
        {
          "type": "Invocation",
          "value": {
            "target": {
              "type": "Class",
              "value": "com.wix.detox.espresso.DetoxMatcher"
            },
            "method": "matcherForText",
            "args": [
              "John Doe",
              {
                "type": "boolean",
                "value": false
              }
            ]
          }
        }
      ]
    },
    "messageId": 12
  }
17:53:43.263 detox[23433] [90mB[39m expect element to have text: "John Doe"
  data: {
    "target": {
      "type": "Class",
      "value": "com.wix.detox.espresso.DetoxAssertion"
    },
    "method": "assertMatcher",
    "args": [
      {
        "type": "Invocation",
        "value": {
          "target": {
            "type": "Class",
            "value": "androidx.test.espresso.Espresso"
          },
          "method": "onView",
          "args": [
            {
              "type": "Invocation",
              "value": {
                "target": {
                  "type": "Class",
                  "value": "com.wix.detox.espresso.DetoxMatcher"
                },
                "method": "matcherForTestId",
                "args": [
                  "profile-user-name",
                  {
                    "type": "boolean",
                    "value": false
                  }
                ]
              }
            }
          ]
        }
      },
      {
        "type": "Invocation",
        "value": {
          "target": {
            "type": "Class",
            "value": "com.wix.detox.espresso.DetoxMatcher"
          },
          "method": "matcherForText",
          "args": [
            "John Doe",
            {
              "type": "boolean",
              "value": false
            }
          ]
        }
      }
    ]
  }
17:53:43.298 detox[23432] [90mi[39m get
  data: {"messageId":12,"type":"invokeResult","params":{"result":null}}
17:53:43.298 detox[23432] [90mi[39m send
  data: {
    "messageId": 12,
    "type": "invokeResult",
    "params": {
      "result": null
    }
  }
17:53:43.298 detox[23433] [90mi[39m get message
  data: {"messageId":12,"type":"invokeResult","params":{"result":null}}
   
17:53:43.299 detox[23433] [90mE[39m expect element to have text: "John Doe"
17:53:43.299 detox[23433] [90mi[39m ✅ Current name "John Doe" confirmed
17:53:43.300 detox[23432] [90mi[39m get
  data: {"type":"invoke","params":{"target":{"type":"Class","value":"com.wix.detox.espresso.DetoxAssertion"},"method":"assertMatcher","args":[{"type":"Invocation","value":{"target":{"type":"Class","value":"androidx.test.espresso.Espresso"},"method":"onView","args":[{"type":"Invocation","value":{"target":{"type":"Class","value":"com.wix.detox.espresso.DetoxMatcher"},"method":"matcherForText","args":[" Quick Edit Name",{"type":"boolean","value":false}]}}]}},{"type":"Invocation","value":{"target":{"type":"Class","value":"com.wix.detox.espresso.DetoxMatcher"},"method":"matcherForSufficientlyVisible","args":[{"type":"Integer","value":75}]}}]},"messageId":13}
17:53:43.300 detox[23432] [90mi[39m send
  data: {
    "type": "invoke",
    "params": {
      "target": {
        "type": "Class",
        "value": "com.wix.detox.espresso.DetoxAssertion"
      },
      "method": "assertMatcher",
      "args": [
        {
          "type": "Invocation",
          "value": {
            "target": {
              "type": "Class",
              "value": "androidx.test.espresso.Espresso"
            },
            "method": "onView",
            "args": [
              {
                "type": "Invocation",
                "value": {
                  "target": {
                    "type": "Class",
                    "value": "com.wix.detox.espresso.DetoxMatcher"
                  },
                  "method": "matcherForText",
                  "args": [
                    " Quick Edit Name",
                    {
                      "type": "boolean",
                      "value": false
                    }
                  ]
                }
              }
            ]
          }
        },
        {
          "type": "Invocation",
          "value": {
            "target": {
              "type": "Class",
              "value": "com.wix.detox.espresso.DetoxMatcher"
            },
            "method": "matcherForSufficientlyVisible",
            "args": [
              {
                "type": "Integer",
                "value": 75
              }
            ]
          }
        }
      ]
    },
    "messageId": 13
  }
17:53:43.300 detox[23433] [90mi[39m send message
  data: {"type":"invoke","params":{"target":{"type":"Class","value":"com.wix.detox.espresso.DetoxAssertion"},"method":"assertMatcher","args":[{"type":"Invocation","value":{"target":{"type":"Class","value":"androidx.test.espresso.Espresso"},"method":"onView","args":[{"type":"Invocation","value":{"target":{"type":"Class","value":"com.wix.detox.espresso.DetoxMatcher"},"method":"matcherForText","args":[" Quick Edit Name",{"type":"boolean","value":false}]}}]}},{"type":"Invocation","value":{"target":{"type":"Class","value":"com.wix.detox.espresso.DetoxMatcher"},"method":"matcherForSufficientlyVisible","args":[{"type":"Integer","value":75}]}}]},"messageId":13}
17:53:43.300 detox[23433] [90mB[39m expect element to be visible
  data: {
    "target": {
      "type": "Class",
      "value": "com.wix.detox.espresso.DetoxAssertion"
    },
    "method": "assertMatcher",
    "args": [
      {
        "type": "Invocation",
        "value": {
          "target": {
            "type": "Class",
            "value": "androidx.test.espresso.Espresso"
          },
          "method": "onView",
          "args": [
            {
              "type": "Invocation",
              "value": {
                "target": {
                  "type": "Class",
                  "value": "com.wix.detox.espresso.DetoxMatcher"
                },
                "method": "matcherForText",
                "args": [
                  " Quick Edit Name",
                  {
                    "type": "boolean",
                    "value": false
                  }
                ]
              }
            }
          ]
        }
      },
      {
        "type": "Invocation",
        "value": {
          "target": {
            "type": "Class",
            "value": "com.wix.detox.espresso.DetoxMatcher"
          },
          "method": "matcherForSufficientlyVisible",
          "args": [
            {
              "type": "Integer",
              "value": 75
            }
          ]
        }
      }
    ]
  }
17:53:43.344 detox[23432] [90mi[39m get
  data: {"messageId":13,"type":"invokeResult","params":{"result":null}}
17:53:43.344 detox[23432] [90mi[39m send
  data: {
    "messageId": 13,
    "type": "invokeResult",
    "params": {
      "result": null
    }
  }
17:53:43.344 detox[23433] [90mi[39m get message
  data: {"messageId":13,"type":"invokeResult","params":{"result":null}}
   
17:53:43.344 detox[23433] [90mE[39m expect element to be visible
17:53:43.344 detox[23433] [90mi[39m ✅ Quick Edit button found in profile header
17:53:43.345 detox[23432] [90mi[39m get
  data: {"type":"invoke","params":{"target":{"type":"Class","value":"com.wix.detox.espresso.EspressoDetox"},"method":"perform","args":[{"type":"Invocation","value":{"target":{"type":"Class","value":"com.wix.detox.espresso.DetoxMatcher"},"method":"matcherForTestId","args":["inline-edit-button",{"type":"boolean","value":false}]}},{"type":"Invocation","value":{"target":{"type":"Class","value":"com.wix.detox.espresso.DetoxViewActions"},"method":"click","args":[]}}]},"messageId":14}
17:53:43.345 detox[23433] [90mi[39m send message
  data: {"type":"invoke","params":{"target":{"type":"Class","value":"com.wix.detox.espresso.EspressoDetox"},"method":"perform","args":[{"type":"Invocation","value":{"target":{"type":"Class","value":"com.wix.detox.espresso.DetoxMatcher"},"method":"matcherForTestId","args":["inline-edit-button",{"type":"boolean","value":false}]}},{"type":"Invocation","value":{"target":{"type":"Class","value":"com.wix.detox.espresso.DetoxViewActions"},"method":"click","args":[]}}]},"messageId":14}
17:53:43.346 detox[23432] [90mi[39m send
  data: {
    "type": "invoke",
    "params": {
      "target": {
        "type": "Class",
        "value": "com.wix.detox.espresso.EspressoDetox"
      },
      "method": "perform",
      "args": [
        {
          "type": "Invocation",
          "value": {
            "target": {
              "type": "Class",
              "value": "com.wix.detox.espresso.DetoxMatcher"
            },
            "method": "matcherForTestId",
            "args": [
              "inline-edit-button",
              {
                "type": "boolean",
                "value": false
              }
            ]
          }
        },
        {
          "type": "Invocation",
          "value": {
            "target": {
              "type": "Class",
              "value": "com.wix.detox.espresso.DetoxViewActions"
            },
            "method": "click",
            "args": []
          }
        }
      ]
    },
    "messageId": 14
  }
17:53:43.346 detox[23433] [90mB[39m tap
  data: {
    "target": {
      "type": "Class",
      "value": "com.wix.detox.espresso.EspressoDetox"
    },
    "method": "perform",
    "args": [
      {
        "type": "Invocation",
        "value": {
          "target": {
            "type": "Class",
            "value": "com.wix.detox.espresso.DetoxMatcher"
          },
          "method": "matcherForTestId",
          "args": [
            "inline-edit-button",
            {
              "type": "boolean",
              "value": false
            }
          ]
        }
      },
      {
        "type": "Invocation",
        "value": {
          "target": {
            "type": "Class",
            "value": "com.wix.detox.espresso.DetoxViewActions"
          },
          "method": "click",
          "args": []
        }
      }
    ]
  }
17:53:43.955 detox[23432] [90mi[39m get
  data: {"messageId":14,"type":"invokeResult","params":{"result":null}}
17:53:43.955 detox[23432] [90mi[39m send
  data: {
    "messageId": 14,
    "type": "invokeResult",
    "params": {
      "result": null
    }
  }
17:53:43.956 detox[23433] [90mi[39m get message
  data: {"messageId":14,"type":"invokeResult","params":{"result":null}}
   
17:53:43.956 detox[23433] [90mE[39m tap
17:53:43.956 detox[23433] [90mi[39m 🔘 Tapped inline edit button
17:53:44.961 detox[23433] [90mB[39m takeScreenshot
  args: ("profile-in-edit-mode")
17:53:44.961 detox[23433] [90mi[39m "/Users/ips-162/Library/Android/sdk/platform-tools/adb" -s ZD22227Q7K shell "screencap /sdcard/17530230_3.png"
17:53:45.735 detox[23433] [90mi[39m 
17:53:45.735 detox[23433] [90mi[39m "/Users/ips-162/Library/Android/sdk/platform-tools/adb" -s ZD22227Q7K pull "/sdcard/17530230_3.png" "/private/var/folders/r0/j9yltjr10ysg22c7l5sx938r0000gn/T/detox-23433-ZrnE9j.detox.png"
17:53:45.758 detox[23433] [90mi[39m /sdcard/17530230_3.png: 1 file pulled, 0 skipped. 19.0 MB/s (133887 bytes in 0.007s)

17:53:45.758 detox[23433] [90mi[39m "/Users/ips-162/Library/Android/sdk/platform-tools/adb" -s ZD22227Q7K shell "rm  \"/sdcard/17530230_3.png\""
17:53:45.830 detox[23433] [90mi[39m 
17:53:45.830 detox[23433] [90mB[39m onCreateExternalArtifact
  args: ({"pluginId":"screenshot","artifactName":"profile-in-edit-mode","artifactPath":"/private/var/folders/r0/j9yltjr10ysg22c7l5sx938r0000gn/T/detox-23433-ZrnE9j.detox.png"})
17:53:45.831 detox[23432] [90mi[39m get
  data: {"type":"invoke","params":{"target":{"type":"Class","value":"com.wix.detox.espresso.DetoxAssertion"},"method":"assertMatcher","args":[{"type":"Invocation","value":{"target":{"type":"Class","value":"androidx.test.espresso.Espresso"},"method":"onView","args":[{"type":"Invocation","value":{"target":{"type":"Class","value":"com.wix.detox.espresso.DetoxMatcher"},"method":"matcherForTestId","args":["inline-name-input",{"type":"boolean","value":false}]}}]}},{"type":"Invocation","value":{"target":{"type":"Class","value":"com.wix.detox.espresso.DetoxMatcher"},"method":"matcherForSufficientlyVisible","args":[{"type":"Integer","value":75}]}}]},"messageId":15}
17:53:45.831 detox[23433] [90mi[39m starting FileArtifact
17:53:45.831 detox[23433] [90mi[39m stopping FileArtifact
17:53:45.831 detox[23433] [90mE[39m onCreateExternalArtifact
17:53:45.831 detox[23433] [90mE[39m takeScreenshot
17:53:45.831 detox[23433] [90mi[39m send message
  data: {"type":"invoke","params":{"target":{"type":"Class","value":"com.wix.detox.espresso.DetoxAssertion"},"method":"assertMatcher","args":[{"type":"Invocation","value":{"target":{"type":"Class","value":"androidx.test.espresso.Espresso"},"method":"onView","args":[{"type":"Invocation","value":{"target":{"type":"Class","value":"com.wix.detox.espresso.DetoxMatcher"},"method":"matcherForTestId","args":["inline-name-input",{"type":"boolean","value":false}]}}]}},{"type":"Invocation","value":{"target":{"type":"Class","value":"com.wix.detox.espresso.DetoxMatcher"},"method":"matcherForSufficientlyVisible","args":[{"type":"Integer","value":75}]}}]},"messageId":15}
17:53:45.831 detox[23433] [90mB[39m expect element to be visible
  data: {
    "target": {
      "type": "Class",
      "value": "com.wix.detox.espresso.DetoxAssertion"
    },
    "method": "assertMatcher",
    "args": [
      {
        "type": "Invocation",
        "value": {
          "target": {
            "type": "Class",
            "value": "androidx.test.espresso.Espresso"
          },
          "method": "onView",
          "args": [
            {
              "type": "Invocation",
              "value": {
                "target": {
                  "type": "Class",
                  "value": "com.wix.detox.espresso.DetoxMatcher"
                },
                "method": "matcherForTestId",
                "args": [
                  "inline-name-input",
                  {
                    "type": "boolean",
                    "value": false
                  }
                ]
              }
            }
          ]
        }
      },
      {
        "type": "Invocation",
        "value": {
          "target": {
            "type": "Class",
            "value": "com.wix.detox.espresso.DetoxMatcher"
          },
          "method": "matcherForSufficientlyVisible",
          "args": [
            {
              "type": "Integer",
              "value": 75
            }
          ]
        }
      }
    ]
  }
17:53:45.832 detox[23432] [90mi[39m send
  data: {
    "type": "invoke",
    "params": {
      "target": {
        "type": "Class",
        "value": "com.wix.detox.espresso.DetoxAssertion"
      },
      "method": "assertMatcher",
      "args": [
        {
          "type": "Invocation",
          "value": {
            "target": {
              "type": "Class",
              "value": "androidx.test.espresso.Espresso"
            },
            "method": "onView",
            "args": [
              {
                "type": "Invocation",
                "value": {
                  "target": {
                    "type": "Class",
                    "value": "com.wix.detox.espresso.DetoxMatcher"
                  },
                  "method": "matcherForTestId",
                  "args": [
                    "inline-name-input",
                    {
                      "type": "boolean",
                      "value": false
                    }
                  ]
                }
              }
            ]
          }
        },
        {
          "type": "Invocation",
          "value": {
            "target": {
              "type": "Class",
              "value": "com.wix.detox.espresso.DetoxMatcher"
            },
            "method": "matcherForSufficientlyVisible",
            "args": [
              {
                "type": "Integer",
                "value": 75
              }
            ]
          }
        }
      ]
    },
    "messageId": 15
  }
17:53:45.881 detox[23432] [90mi[39m get
  data: {"messageId":15,"type":"invokeResult","params":{"result":null}}
17:53:45.881 detox[23432] [90mi[39m send
  data: {
    "messageId": 15,
    "type": "invokeResult",
    "params": {
      "result": null
    }
  }
17:53:45.881 detox[23433] [90mi[39m get message
  data: {"messageId":15,"type":"invokeResult","params":{"result":null}}
   
17:53:45.881 detox[23433] [90mE[39m expect element to be visible
17:53:45.881 detox[23433] [90mi[39m ✅ Inline text input is visible
17:53:45.882 detox[23432] [90mi[39m get
  data: {"type":"invoke","params":{"target":{"type":"Class","value":"com.wix.detox.espresso.EspressoDetox"},"method":"perform","args":[{"type":"Invocation","value":{"target":{"type":"Class","value":"com.wix.detox.espresso.DetoxMatcher"},"method":"matcherForTestId","args":["inline-name-input",{"type":"boolean","value":false}]}},{"type":"Invocation","value":{"target":{"type":"Class","value":"androidx.test.espresso.action.ViewActions"},"method":"replaceText","args":["Purvi"]}}]},"messageId":16}
17:53:45.882 detox[23432] [90mi[39m send
  data: {
    "type": "invoke",
    "params": {
      "target": {
        "type": "Class",
        "value": "com.wix.detox.espresso.EspressoDetox"
      },
      "method": "perform",
      "args": [
        {
          "type": "Invocation",
          "value": {
            "target": {
              "type": "Class",
              "value": "com.wix.detox.espresso.DetoxMatcher"
            },
            "method": "matcherForTestId",
            "args": [
              "inline-name-input",
              {
                "type": "boolean",
                "value": false
              }
            ]
          }
        },
        {
          "type": "Invocation",
          "value": {
            "target": {
              "type": "Class",
              "value": "androidx.test.espresso.action.ViewActions"
            },
            "method": "replaceText",
            "args": [
              "Purvi"
            ]
          }
        }
      ]
    },
    "messageId": 16
  }
17:53:45.882 detox[23433] [90mi[39m send message
  data: {"type":"invoke","params":{"target":{"type":"Class","value":"com.wix.detox.espresso.EspressoDetox"},"method":"perform","args":[{"type":"Invocation","value":{"target":{"type":"Class","value":"com.wix.detox.espresso.DetoxMatcher"},"method":"matcherForTestId","args":["inline-name-input",{"type":"boolean","value":false}]}},{"type":"Invocation","value":{"target":{"type":"Class","value":"androidx.test.espresso.action.ViewActions"},"method":"replaceText","args":["Purvi"]}}]},"messageId":16}
17:53:45.882 detox[23433] [90mB[39m replace input text: "Purvi"
  data: {
    "target": {
      "type": "Class",
      "value": "com.wix.detox.espresso.EspressoDetox"
    },
    "method": "perform",
    "args": [
      {
        "type": "Invocation",
        "value": {
          "target": {
            "type": "Class",
            "value": "com.wix.detox.espresso.DetoxMatcher"
          },
          "method": "matcherForTestId",
          "args": [
            "inline-name-input",
            {
              "type": "boolean",
              "value": false
            }
          ]
        }
      },
      {
        "type": "Invocation",
        "value": {
          "target": {
            "type": "Class",
            "value": "androidx.test.espresso.action.ViewActions"
          },
          "method": "replaceText",
          "args": [
            "Purvi"
          ]
        }
      }
    ]
  }
17:53:45.950 detox[23432] [90mi[39m get
  data: {"messageId":16,"type":"invokeResult","params":{"result":null}}
17:53:45.950 detox[23432] [90mi[39m send
  data: {
    "messageId": 16,
    "type": "invokeResult",
    "params": {
      "result": null
    }
  }
17:53:45.951 detox[23433] [90mi[39m get message
  data: {"messageId":16,"type":"invokeResult","params":{"result":null}}
   
17:53:45.951 detox[23433] [90mE[39m replace input text: "Purvi"
17:53:45.951 detox[23433] [90mi[39m 📝 Entered new name: Purvi
17:53:46.457 detox[23433] [90mB[39m pressBack
  args: ()
17:53:46.457 detox[23433] [90mi[39m send message
  data: {"type":"invoke","params":{"target":{"type":"Invocation","value":{"target":{"type":"Class","value":"com.wix.detox.uiautomator.UiAutomator"},"method":"uiDevice","args":[]}},"method":"pressBack","args":[]},"messageId":17}
17:53:46.458 detox[23432] [90mi[39m get
  data: {"type":"invoke","params":{"target":{"type":"Invocation","value":{"target":{"type":"Class","value":"com.wix.detox.uiautomator.UiAutomator"},"method":"uiDevice","args":[]}},"method":"pressBack","args":[]},"messageId":17}
17:53:46.458 detox[23432] [90mi[39m send
  data: {
    "type": "invoke",
    "params": {
      "target": {
        "type": "Invocation",
        "value": {
          "target": {
            "type": "Class",
            "value": "com.wix.detox.uiautomator.UiAutomator"
          },
          "method": "uiDevice",
          "args": []
        }
      },
      "method": "pressBack",
      "args": []
    },
    "messageId": 17
  }
17:53:48.457 detox[23432] [90mi[39m get
  data: {"messageId":17,"type":"invokeResult","params":{"result":true}}
17:53:48.457 detox[23432] [90mi[39m send
  data: {
    "messageId": 17,
    "type": "invokeResult",
    "params": {
      "result": true
    }
  }
17:53:48.459 detox[23433] [90mi[39m get message
  data: {"messageId":17,"type":"invokeResult","params":{"result":true}}
   
17:53:48.459 detox[23433] [90mE[39m pressBack
17:53:48.962 detox[23432] [90mi[39m get
  data: {"type":"invoke","params":{"target":{"type":"Class","value":"com.wix.detox.espresso.EspressoDetox"},"method":"perform","args":[{"type":"Invocation","value":{"target":{"type":"Class","value":"com.wix.detox.espresso.DetoxMatcher"},"method":"matcherForTestId","args":["inline-save-button",{"type":"boolean","value":false}]}},{"type":"Invocation","value":{"target":{"type":"Class","value":"com.wix.detox.espresso.DetoxViewActions"},"method":"click","args":[]}}]},"messageId":18}
17:53:48.962 detox[23432] [90mi[39m send
  data: {
    "type": "invoke",
    "params": {
      "target": {
        "type": "Class",
        "value": "com.wix.detox.espresso.EspressoDetox"
      },
      "method": "perform",
      "args": [
        {
          "type": "Invocation",
          "value": {
            "target": {
              "type": "Class",
              "value": "com.wix.detox.espresso.DetoxMatcher"
            },
            "method": "matcherForTestId",
            "args": [
              "inline-save-button",
              {
                "type": "boolean",
                "value": false
              }
            ]
          }
        },
        {
          "type": "Invocation",
          "value": {
            "target": {
              "type": "Class",
              "value": "com.wix.detox.espresso.DetoxViewActions"
            },
            "method": "click",
            "args": []
          }
        }
      ]
    },
    "messageId": 18
  }
17:53:48.962 detox[23433] [90mi[39m send message
  data: {"type":"invoke","params":{"target":{"type":"Class","value":"com.wix.detox.espresso.EspressoDetox"},"method":"perform","args":[{"type":"Invocation","value":{"target":{"type":"Class","value":"com.wix.detox.espresso.DetoxMatcher"},"method":"matcherForTestId","args":["inline-save-button",{"type":"boolean","value":false}]}},{"type":"Invocation","value":{"target":{"type":"Class","value":"com.wix.detox.espresso.DetoxViewActions"},"method":"click","args":[]}}]},"messageId":18}
17:53:48.962 detox[23433] [90mB[39m tap
  data: {
    "target": {
      "type": "Class",
      "value": "com.wix.detox.espresso.EspressoDetox"
    },
    "method": "perform",
    "args": [
      {
        "type": "Invocation",
        "value": {
          "target": {
            "type": "Class",
            "value": "com.wix.detox.espresso.DetoxMatcher"
          },
          "method": "matcherForTestId",
          "args": [
            "inline-save-button",
            {
              "type": "boolean",
              "value": false
            }
          ]
        }
      },
      {
        "type": "Invocation",
        "value": {
          "target": {
            "type": "Class",
            "value": "com.wix.detox.espresso.DetoxViewActions"
          },
          "method": "click",
          "args": []
        }
      }
    ]
  }
17:53:49.577 detox[23432] [90mi[39m get
  data: {"messageId":18,"type":"invokeResult","params":{"result":null}}
17:53:49.577 detox[23432] [90mi[39m send
  data: {
    "messageId": 18,
    "type": "invokeResult",
    "params": {
      "result": null
    }
  }
17:53:49.577 detox[23433] [90mi[39m get message
  data: {"messageId":18,"type":"invokeResult","params":{"result":null}}
   
17:53:49.577 detox[23433] [90mE[39m tap
17:53:49.577 detox[23433] [90mi[39m 🔘 Tapped inline save button
17:53:49.578 detox[23433] [90mB[39m takeScreenshot
  args: ("profile-after-save")
17:53:49.578 detox[23433] [90mi[39m "/Users/ips-162/Library/Android/sdk/platform-tools/adb" -s ZD22227Q7K shell "screencap /sdcard/17530230_4.png"
17:53:50.336 detox[23433] [90mi[39m 
17:53:50.336 detox[23433] [90mi[39m "/Users/ips-162/Library/Android/sdk/platform-tools/adb" -s ZD22227Q7K pull "/sdcard/17530230_4.png" "/private/var/folders/r0/j9yltjr10ysg22c7l5sx938r0000gn/T/detox-23433-S8ydUa.detox.png"
17:53:50.363 detox[23433] [90mi[39m /sdcard/17530230_4.png: 1 file pulled, 0 skipped. 15.7 MB/s (115245 bytes in 0.007s)

17:53:50.363 detox[23433] [90mi[39m "/Users/ips-162/Library/Android/sdk/platform-tools/adb" -s ZD22227Q7K shell "rm  \"/sdcard/17530230_4.png\""
17:53:50.441 detox[23433] [90mi[39m 
17:53:50.441 detox[23433] [90mB[39m onCreateExternalArtifact
  args: ({"pluginId":"screenshot","artifactName":"profile-after-save","artifactPath":"/private/var/folders/r0/j9yltjr10ysg22c7l5sx938r0000gn/T/detox-23433-S8ydUa.detox.png"})
17:53:50.441 detox[23433] [90mi[39m starting FileArtifact
17:53:50.441 detox[23433] [90mi[39m stopping FileArtifact
17:53:50.441 detox[23433] [90mE[39m onCreateExternalArtifact
17:53:50.441 detox[23433] [90mE[39m takeScreenshot
17:53:50.442 detox[23432] [90mi[39m get
  data: {"type":"invoke","params":{"target":{"type":"Class","value":"com.wix.detox.espresso.DetoxAssertion"},"method":"assertMatcher","args":[{"type":"Invocation","value":{"target":{"type":"Class","value":"androidx.test.espresso.Espresso"},"method":"onView","args":[{"type":"Invocation","value":{"target":{"type":"Class","value":"com.wix.detox.espresso.DetoxMatcher"},"method":"matcherForText","args":["✅ CLICKED!",{"type":"boolean","value":false}]}}]}},{"type":"Invocation","value":{"target":{"type":"Class","value":"com.wix.detox.espresso.DetoxMatcher"},"method":"matcherForSufficientlyVisible","args":[{"type":"Integer","value":75}]}}]},"messageId":19}
17:53:50.442 detox[23432] [90mi[39m send
  data: {
    "type": "invoke",
    "params": {
      "target": {
        "type": "Class",
        "value": "com.wix.detox.espresso.DetoxAssertion"
      },
      "method": "assertMatcher",
      "args": [
        {
          "type": "Invocation",
          "value": {
            "target": {
              "type": "Class",
              "value": "androidx.test.espresso.Espresso"
            },
            "method": "onView",
            "args": [
              {
                "type": "Invocation",
                "value": {
                  "target": {
                    "type": "Class",
                    "value": "com.wix.detox.espresso.DetoxMatcher"
                  },
                  "method": "matcherForText",
                  "args": [
                    "✅ CLICKED!",
                    {
                      "type": "boolean",
                      "value": false
                    }
                  ]
                }
              }
            ]
          }
        },
        {
          "type": "Invocation",
          "value": {
            "target": {
              "type": "Class",
              "value": "com.wix.detox.espresso.DetoxMatcher"
            },
            "method": "matcherForSufficientlyVisible",
            "args": [
              {
                "type": "Integer",
                "value": 75
              }
            ]
          }
        }
      ]
    },
    "messageId": 19
  }
17:53:50.442 detox[23433] [90mi[39m send message
  data: {"type":"invoke","params":{"target":{"type":"Class","value":"com.wix.detox.espresso.DetoxAssertion"},"method":"assertMatcher","args":[{"type":"Invocation","value":{"target":{"type":"Class","value":"androidx.test.espresso.Espresso"},"method":"onView","args":[{"type":"Invocation","value":{"target":{"type":"Class","value":"com.wix.detox.espresso.DetoxMatcher"},"method":"matcherForText","args":["✅ CLICKED!",{"type":"boolean","value":false}]}}]}},{"type":"Invocation","value":{"target":{"type":"Class","value":"com.wix.detox.espresso.DetoxMatcher"},"method":"matcherForSufficientlyVisible","args":[{"type":"Integer","value":75}]}}]},"messageId":19}
17:53:50.442 detox[23433] [90mB[39m expect element to be visible
  data: {
    "target": {
      "type": "Class",
      "value": "com.wix.detox.espresso.DetoxAssertion"
    },
    "method": "assertMatcher",
    "args": [
      {
        "type": "Invocation",
        "value": {
          "target": {
            "type": "Class",
            "value": "androidx.test.espresso.Espresso"
          },
          "method": "onView",
          "args": [
            {
              "type": "Invocation",
              "value": {
                "target": {
                  "type": "Class",
                  "value": "com.wix.detox.espresso.DetoxMatcher"
                },
                "method": "matcherForText",
                "args": [
                  "✅ CLICKED!",
                  {
                    "type": "boolean",
                    "value": false
                  }
                ]
              }
            }
          ]
        }
      },
      {
        "type": "Invocation",
        "value": {
          "target": {
            "type": "Class",
            "value": "com.wix.detox.espresso.DetoxMatcher"
          },
          "method": "matcherForSufficientlyVisible",
          "args": [
            {
              "type": "Integer",
              "value": 75
            }
          ]
        }
      }
    ]
  }
17:53:50.554 detox[23432] [90mi[39m get
  data: {"messageId":19,"type":"testFailed","params":{"details":"'(view has effective visibility <VISIBLE> and view.getGlobalVisibleRect() covers at least <75> percent of the view's area)' doesn't match the selected view.\nExpected: (view has effective visibility <VISIBLE> and view.getGlobalVisibleRect() covers at least <75> percent of the view's area)\n     Got: was null\n\n","viewHierarchy":null}}
17:53:50.554 detox[23432] [90mi[39m send
  data: {
    "messageId": 19,
    "type": "testFailed",
    "params": {
      "details": "'(view has effective visibility <VISIBLE> and view.getGlobalVisibleRect() covers at least <75> percent of the view's area)' doesn't match the selected view.\nExpected: (view has effective visibility <VISIBLE> and view.getGlobalVisibleRect() covers at least <75> percent of the view's area)\n     Got: was null\n\n",
      "viewHierarchy": null
    }
  }
17:53:50.555 detox[23433] [90mi[39m get message
  data: {"messageId":19,"type":"testFailed","params":{"details":"'(view has effective visibility <VISIBLE> and view.getGlobalVisibleRect() covers at least <75> percent of the view's area)' doesn't match the selected view.\nExpected: (view has effective visibility <VISIBLE> and view.getGlobalVisibleRect() covers at least <75> percent of the view's area)\n     Got: was null\n\n","viewHierarchy":null}}
   
17:53:50.555 detox[23433] [90mE[39m expect element to be visible
  error: Test Failed: '(view has effective visibility <VISIBLE> and view.getGlobalVisibleRect() covers at least <75> percent of the view's area)' doesn't match the selected view.
  Expected: (view has effective visibility <VISIBLE> and view.getGlobalVisibleRect() covers at least <75> percent of the view's area)
       Got: was null
  
  
17:53:50.555 detox[23433] [90mi[39m ⚠️ Save button onPress was NOT called - button text still shows Save
17:53:53.560 detox[23433] [90mB[39m takeScreenshot
  args: ("profile-final-result")
17:53:53.560 detox[23433] [90mi[39m "/Users/ips-162/Library/Android/sdk/platform-tools/adb" -s ZD22227Q7K shell "screencap /sdcard/17530230_5.png"
17:53:54.278 detox[23433] [90mi[39m 
17:53:54.279 detox[23433] [90mi[39m "/Users/ips-162/Library/Android/sdk/platform-tools/adb" -s ZD22227Q7K pull "/sdcard/17530230_5.png" "/private/var/folders/r0/j9yltjr10ysg22c7l5sx938r0000gn/T/detox-23433-eWRt0H.detox.png"
17:53:54.303 detox[23433] [90mi[39m /sdcard/17530230_5.png: 1 file pulled, 0 skipped. 23.2 MB/s (115245 bytes in 0.005s)

17:53:54.303 detox[23433] [90mi[39m "/Users/ips-162/Library/Android/sdk/platform-tools/adb" -s ZD22227Q7K shell "rm  \"/sdcard/17530230_5.png\""
17:53:54.383 detox[23433] [90mi[39m 
17:53:54.383 detox[23433] [90mB[39m onCreateExternalArtifact
  args: ({"pluginId":"screenshot","artifactName":"profile-final-result","artifactPath":"/private/var/folders/r0/j9yltjr10ysg22c7l5sx938r0000gn/T/detox-23433-eWRt0H.detox.png"})
17:53:54.383 detox[23433] [90mi[39m starting FileArtifact
17:53:54.383 detox[23433] [90mi[39m stopping FileArtifact
17:53:54.383 detox[23433] [90mE[39m onCreateExternalArtifact
17:53:54.383 detox[23433] [90mE[39m takeScreenshot
17:53:54.383 detox[23433] [90mi[39m send message
  data: {"type":"invoke","params":{"target":{"type":"Class","value":"com.wix.detox.espresso.DetoxAssertion"},"method":"assertMatcher","args":[{"type":"Invocation","value":{"target":{"type":"Class","value":"androidx.test.espresso.Espresso"},"method":"onView","args":[{"type":"Invocation","value":{"target":{"type":"Class","value":"com.wix.detox.espresso.DetoxMatcher"},"method":"matcherForTestId","args":["profile-user-name",{"type":"boolean","value":false}]}}]}},{"type":"Invocation","value":{"target":{"type":"Class","value":"com.wix.detox.espresso.DetoxMatcher"},"method":"matcherForText","args":["Purvi",{"type":"boolean","value":false}]}}]},"messageId":20}
17:53:54.384 detox[23432] [90mi[39m get
  data: {"type":"invoke","params":{"target":{"type":"Class","value":"com.wix.detox.espresso.DetoxAssertion"},"method":"assertMatcher","args":[{"type":"Invocation","value":{"target":{"type":"Class","value":"androidx.test.espresso.Espresso"},"method":"onView","args":[{"type":"Invocation","value":{"target":{"type":"Class","value":"com.wix.detox.espresso.DetoxMatcher"},"method":"matcherForTestId","args":["profile-user-name",{"type":"boolean","value":false}]}}]}},{"type":"Invocation","value":{"target":{"type":"Class","value":"com.wix.detox.espresso.DetoxMatcher"},"method":"matcherForText","args":["Purvi",{"type":"boolean","value":false}]}}]},"messageId":20}
17:53:54.384 detox[23432] [90mi[39m send
  data: {
    "type": "invoke",
    "params": {
      "target": {
        "type": "Class",
        "value": "com.wix.detox.espresso.DetoxAssertion"
      },
      "method": "assertMatcher",
      "args": [
        {
          "type": "Invocation",
          "value": {
            "target": {
              "type": "Class",
              "value": "androidx.test.espresso.Espresso"
            },
            "method": "onView",
            "args": [
              {
                "type": "Invocation",
                "value": {
                  "target": {
                    "type": "Class",
                    "value": "com.wix.detox.espresso.DetoxMatcher"
                  },
                  "method": "matcherForTestId",
                  "args": [
                    "profile-user-name",
                    {
                      "type": "boolean",
                      "value": false
                    }
                  ]
                }
              }
            ]
          }
        },
        {
          "type": "Invocation",
          "value": {
            "target": {
              "type": "Class",
              "value": "com.wix.detox.espresso.DetoxMatcher"
            },
            "method": "matcherForText",
            "args": [
              "Purvi",
              {
                "type": "boolean",
                "value": false
              }
            ]
          }
        }
      ]
    },
    "messageId": 20
  }
17:53:54.384 detox[23433] [90mB[39m expect element to have text: "Purvi"
  data: {
    "target": {
      "type": "Class",
      "value": "com.wix.detox.espresso.DetoxAssertion"
    },
    "method": "assertMatcher",
    "args": [
      {
        "type": "Invocation",
        "value": {
          "target": {
            "type": "Class",
            "value": "androidx.test.espresso.Espresso"
          },
          "method": "onView",
          "args": [
            {
              "type": "Invocation",
              "value": {
                "target": {
                  "type": "Class",
                  "value": "com.wix.detox.espresso.DetoxMatcher"
                },
                "method": "matcherForTestId",
                "args": [
                  "profile-user-name",
                  {
                    "type": "boolean",
                    "value": false
                  }
                ]
              }
            }
          ]
        }
      },
      {
        "type": "Invocation",
        "value": {
          "target": {
            "type": "Class",
            "value": "com.wix.detox.espresso.DetoxMatcher"
          },
          "method": "matcherForText",
          "args": [
            "Purvi",
            {
              "type": "boolean",
              "value": false
            }
          ]
        }
      }
    ]
  }
17:53:54.425 detox[23432] [90mi[39m get
  data: {"messageId":20,"type":"invokeResult","params":{"result":null}}
17:53:54.425 detox[23432] [90mi[39m send
  data: {
    "messageId": 20,
    "type": "invokeResult",
    "params": {
      "result": null
    }
  }
17:53:54.425 detox[23433] [90mi[39m get message
  data: {"messageId":20,"type":"invokeResult","params":{"result":null}}
   
17:53:54.426 detox[23433] [90mE[39m expect element to have text: "Purvi"
17:53:54.426 detox[23433] [90mi[39m ✅ Name "Purvi" confirmed in profile header
17:53:54.426 detox[23433] [90mi[39m 🎉 SUCCESS: Name successfully changed from John Doe to Purvi!
17:53:54.427 detox[23433] [90mE[39m test_fn
17:53:54.427 detox[23433] [90mB[39m afterEach
17:53:54.429 detox[23433] [90mB[39m takeScreenshot
  args: ("profile-test-screenshot")
17:53:54.429 detox[23433] [90mi[39m "/Users/ips-162/Library/Android/sdk/platform-tools/adb" -s ZD22227Q7K shell "screencap /sdcard/17530230_6.png"
17:53:55.073 detox[23433] [90mi[39m 
17:53:55.074 detox[23433] [90mi[39m "/Users/ips-162/Library/Android/sdk/platform-tools/adb" -s ZD22227Q7K pull "/sdcard/17530230_6.png" "/private/var/folders/r0/j9yltjr10ysg22c7l5sx938r0000gn/T/detox-23433-FV3XYZ.detox.png"
17:53:55.098 detox[23433] [90mi[39m /sdcard/17530230_6.png: 1 file pulled, 0 skipped. 16.3 MB/s (115245 bytes in 0.007s)

17:53:55.098 detox[23433] [90mi[39m "/Users/ips-162/Library/Android/sdk/platform-tools/adb" -s ZD22227Q7K shell "rm  \"/sdcard/17530230_6.png\""
17:53:55.177 detox[23433] [90mi[39m 
17:53:55.177 detox[23433] [90mB[39m onCreateExternalArtifact
  args: ({"pluginId":"screenshot","artifactName":"profile-test-screenshot","artifactPath":"/private/var/folders/r0/j9yltjr10ysg22c7l5sx938r0000gn/T/detox-23433-FV3XYZ.detox.png"})
17:53:55.177 detox[23433] [90mi[39m starting FileArtifact
17:53:55.177 detox[23433] [90mi[39m stopping FileArtifact
17:53:55.177 detox[23433] [90mE[39m onCreateExternalArtifact
17:53:55.177 detox[23433] [90mE[39m takeScreenshot
17:53:55.177 detox[23433] [90mE[39m afterEach
17:53:55.178 detox[23433] [90mB[39m onTestDone
  args: ({"title":"should actually change name from John Doe to Purvi using inline editing","fullName":"Positive Flow - Profile Editing should actually change name from John Doe to Purvi using inline editing","status":"passed","invocations":1})
17:53:55.178 detox[23433] [90mi[39m stopping ADBLogcatRecording
17:53:55.179 detox[23433] [90mi[39m starting ADBScreencapRecording
17:53:55.179 detox[23433] [90mi[39m "/Users/ips-162/Library/Android/sdk/platform-tools/adb" -s ZD22227Q7K shell "screencap /sdcard/17530230_7.png"
17:53:55.180 detox[23433] [90mi[39m "/Users/ips-162/Library/Android/sdk/platform-tools/adb" -s ZD22227Q7K shell "date +\"%m-%d %T.000\""
17:53:55.272 detox[23433] [90mi[39m 12-17 17:54:58.000

17:53:55.274 detox[23433] [90mi[39m sending SIGINT to: /Users/ips-162/Library/Android/sdk/platform-tools/adb -s ZD22227Q7K shell logcat -T "12-17 17:54:25.000" --pid=9095 -f /sdcard/17530230_1.log
17:53:55.275 detox[23433] [90mi[39m /Users/ips-162/Library/Android/sdk/platform-tools/adb -s ZD22227Q7K shell "logcat -T \"12-17 17:54:25.000\" --pid=9095 -f /sdcard/17530230_1.log" terminated with SIGINT
17:53:55.282 detox[23433] [90mi[39m saving ADBLogcatRecording to: artifacts/android.att.debug.2025-12-17 12-22-58Z/✓ Positive Flow - Profile Editing should actually change name from John Doe to Purvi using inline editing/device.log
17:53:55.282 detox[23433] [90mi[39m "/Users/ips-162/Library/Android/sdk/platform-tools/adb" -s ZD22227Q7K pull "/sdcard/17530230_1.log" "artifacts/android.att.debug.2025-12-17 12-22-58Z/✓ Positive Flow - Profile Editing should actually change name from John Doe to Purvi using inline editing/device.log"
17:53:55.319 detox[23433] [90mi[39m /sdcard/17530230_1.log: 1 file pulled, 0 skipped. 5.4 MB/s (98687 bytes in 0.017s)

17:53:55.319 detox[23433] [90mi[39m "/Users/ips-162/Library/Android/sdk/platform-tools/adb" -s ZD22227Q7K shell "rm  \"/sdcard/17530230_1.log\""
17:53:55.399 detox[23433] [90mi[39m 
17:53:55.399 detox[23433] [90mi[39m saving ADBLogcatRecording to: artifacts/android.att.debug.2025-12-17 12-22-58Z/ZD22227Q7K 2025-12-17 12-23-55Z.startup.log
17:53:55.400 detox[23433] [90mi[39m "/Users/ips-162/Library/Android/sdk/platform-tools/adb" -s ZD22227Q7K pull "/sdcard/17530230_0.log" "artifacts/android.att.debug.2025-12-17 12-22-58Z/ZD22227Q7K 2025-12-17 12-23-55Z.startup.log"
17:53:55.426 detox[23433] [90mi[39m /sdcard/17530230_0.log: 1 file pulled, 0 skipped. 4.8 MB/s (44041 bytes in 0.009s)

17:53:55.426 detox[23433] [90mi[39m "/Users/ips-162/Library/Android/sdk/platform-tools/adb" -s ZD22227Q7K shell "rm  \"/sdcard/17530230_0.log\""
17:53:55.496 detox[23433] [90mi[39m 
17:53:55.734 detox[23433] [90mi[39m 
17:53:55.734 detox[23433] [90mi[39m stopping ADBScreencapRecording
17:53:55.734 detox[23433] [90mE[39m onTestDone
17:53:55.735 detox[23433] [90mE[39m should actually change name from John Doe to Purvi using inline editing
17:53:55.735 detox[23433] [90mi[39m Positive Flow - Profile Editing: should actually change name from John Doe to Purvi using inline editing [OK]
17:53:55.737 detox[23433] [90mB[39m onRunDescribeFinish
  args: ({"name":"Positive Flow - Profile Editing"})
17:53:55.738 detox[23433] [90mE[39m onRunDescribeFinish
17:53:55.738 detox[23433] [90mE[39m Positive Flow - Profile Editing
17:53:55.738 detox[23433] [90mB[39m afterAll
17:53:55.738 detox[23433] [90mi[39m 🏁 Test suite completed
17:53:55.739 detox[23433] [90mE[39m afterAll
17:53:55.739 detox[23433] [90mB[39m onRunDescribeFinish
  args: ({"name":"ROOT_DESCRIBE_BLOCK"})
17:53:55.739 detox[23433] [90mE[39m onRunDescribeFinish
17:53:55.739 detox[23433] [90mE[39m run the tests
17:53:55.741 detox[23433] [90mB[39m tear down environment
17:53:55.742 detox[23433] [90mB[39m onBeforeCleanup
  args: ()
17:53:55.749 detox[23433] [90mi[39m saving FileArtifact to: artifacts/android.att.debug.2025-12-17 12-22-58Z/✓ Positive Flow - Profile Editing should actually change name from John Doe to Purvi using inline editing/profile-before-edit.png
17:53:55.751 detox[23433] [90mi[39m moving "/private/var/folders/r0/j9yltjr10ysg22c7l5sx938r0000gn/T/detox-23433-2fizIp.detox.png" to artifacts/android.att.debug.2025-12-17 12-22-58Z/✓ Positive Flow - Profile Editing should actually change name from John Doe to Purvi using inline editing/profile-before-edit.png
17:53:55.753 detox[23433] [90mi[39m saving FileArtifact to: artifacts/android.att.debug.2025-12-17 12-22-58Z/✓ Positive Flow - Profile Editing should actually change name from John Doe to Purvi using inline editing/profile-in-edit-mode.png
17:53:55.754 detox[23433] [90mi[39m moving "/private/var/folders/r0/j9yltjr10ysg22c7l5sx938r0000gn/T/detox-23433-ZrnE9j.detox.png" to artifacts/android.att.debug.2025-12-17 12-22-58Z/✓ Positive Flow - Profile Editing should actually change name from John Doe to Purvi using inline editing/profile-in-edit-mode.png
17:53:55.756 detox[23433] [90mi[39m saving FileArtifact to: artifacts/android.att.debug.2025-12-17 12-22-58Z/✓ Positive Flow - Profile Editing should actually change name from John Doe to Purvi using inline editing/profile-after-save.png
17:53:55.757 detox[23433] [90mi[39m moving "/private/var/folders/r0/j9yltjr10ysg22c7l5sx938r0000gn/T/detox-23433-S8ydUa.detox.png" to artifacts/android.att.debug.2025-12-17 12-22-58Z/✓ Positive Flow - Profile Editing should actually change name from John Doe to Purvi using inline editing/profile-after-save.png
17:53:55.760 detox[23433] [90mi[39m saving FileArtifact to: artifacts/android.att.debug.2025-12-17 12-22-58Z/✓ Positive Flow - Profile Editing should actually change name from John Doe to Purvi using inline editing/profile-final-result.png
17:53:55.760 detox[23433] [90mi[39m moving "/private/var/folders/r0/j9yltjr10ysg22c7l5sx938r0000gn/T/detox-23433-eWRt0H.detox.png" to artifacts/android.att.debug.2025-12-17 12-22-58Z/✓ Positive Flow - Profile Editing should actually change name from John Doe to Purvi using inline editing/profile-final-result.png
17:53:55.770 detox[23433] [90mi[39m saving FileArtifact to: artifacts/android.att.debug.2025-12-17 12-22-58Z/✓ Positive Flow - Profile Editing should actually change name from John Doe to Purvi using inline editing/profile-test-screenshot.png
17:53:55.770 detox[23433] [90mi[39m moving "/private/var/folders/r0/j9yltjr10ysg22c7l5sx938r0000gn/T/detox-23433-FV3XYZ.detox.png" to artifacts/android.att.debug.2025-12-17 12-22-58Z/✓ Positive Flow - Profile Editing should actually change name from John Doe to Purvi using inline editing/profile-test-screenshot.png
17:53:55.771 detox[23433] [90mi[39m saving ADBScreencapRecording to: artifacts/android.att.debug.2025-12-17 12-22-58Z/✓ Positive Flow - Profile Editing should actually change name from John Doe to Purvi using inline editing/testDone.png
17:53:55.772 detox[23433] [90mi[39m "/Users/ips-162/Library/Android/sdk/platform-tools/adb" -s ZD22227Q7K pull "/sdcard/17530230_7.png" "artifacts/android.att.debug.2025-12-17 12-22-58Z/✓ Positive Flow - Profile Editing should actually change name from John Doe to Purvi using inline editing/testDone.png"
17:53:55.805 detox[23433] [90mi[39m /sdcard/17530230_7.png: 1 file pulled, 0 skipped. 16.4 MB/s (115245 bytes in 0.007s)

17:53:55.805 detox[23433] [90mi[39m "/Users/ips-162/Library/Android/sdk/platform-tools/adb" -s ZD22227Q7K shell "rm  \"/sdcard/17530230_7.png\""
17:53:55.916 detox[23433] [90mi[39m 
17:53:55.917 detox[23433] [90mi[39m saving FileArtifact to: artifacts/android.att.debug.2025-12-17 12-22-58Z/detox_pid_23433.json.log { append: true }
17:53:55.918 detox[23433] [90mi[39m saving FileArtifact to: artifacts/android.att.debug.2025-12-17 12-22-58Z/detox_pid_23433.log { append: true }
17:53:55.918 detox[23433] [90mE[39m onBeforeCleanup
17:53:55.919 detox[23433] [90mi[39m send message
  data: {"type":"cleanup","params":{"stopRunner":false},"messageId":-49642}
17:53:55.920 detox[23432] [90mi[39m get
  data: {"type":"cleanup","params":{"stopRunner":false},"messageId":-49642}
17:53:55.920 detox[23432] [90mi[39m send
  data: {
    "type": "cleanup",
    "params": {
      "stopRunner": false
    },
    "messageId": -49642
  }
17:53:55.933 detox[23432] [90mi[39m get
  data: {"messageId":-49642,"type":"cleanupDone","params":{}}
17:53:55.933 detox[23432] [90mi[39m send
  data: {
    "messageId": -49642,
    "type": "cleanupDone",
    "params": {}
  }
17:53:55.933 detox[23433] [90mi[39m get message
  data: {"messageId":-49642,"type":"cleanupDone","params":{}}
   
17:53:55.936 detox[23432] [90mi[39m tester exited session 9c791ad0-fcc5-0c81-e18a-6656f6b532ad
17:53:55.936 detox[23432] [90mi[39m send
  data: {
    "type": "testerDisconnected",
    "messageId": -1
  }
17:53:55.936 detox[23432] [90mE[39m connection :61420<->:61445
17:53:55.940 detox[23433] [90mi[39m sending SIGINT to: /Users/ips-162/Library/Android/sdk/platform-tools/adb -s ZD22227Q7K shell am instrument -w -r -e detoxServer ws://localhost:61420 -e detoxSessionId 9c791ad0-fcc5-0c81-e18a-6656f6b532ad -e debug false com.detoxtest.test/androidx.test.runner.AndroidJUnitRunner
17:53:55.945 detox[23433] [90mi[39m /Users/ips-162/Library/Android/sdk/platform-tools/adb -s ZD22227Q7K shell am instrument -w -r -e detoxServer ws://localhost:61420 -e detoxSessionId 9c791ad0-fcc5-0c81-e18a-6656f6b532ad -e debug false com.detoxtest.test/androidx.test.runner.AndroidJUnitRunner terminated with SIGINT
17:53:55.945 detox[23433] [90mi[39m "/Users/ips-162/Library/Android/sdk/platform-tools/adb" -s ZD22227Q7K reverse --remove tcp:61420
17:53:55.947 detox[23433] [90mi[39m dispatching event to  primary-23432 /tmp/detox.primary-23432  :  deallocateDevice , { deviceCookie: { id: 'ZD22227Q7K', adbName: 'ZD22227Q7K' } }
17:53:55.948 detox[23432] [90mi[39m received event of :  deallocateDevice { deviceCookie: { id: 'ZD22227Q7K', adbName: 'ZD22227Q7K' } }
17:53:55.948 detox[23432] [90mB[39m free: ZD22227Q7K
  data: {}
17:53:55.950 detox[23432] [90mE[39m free: ZD22227Q7K
17:53:55.951 detox[23432] [90mi[39m dispatching event to socket  :  deallocateDeviceDone {}
17:53:55.951 detox[23433] [90mi[39m ## received events ##
17:53:55.951 detox[23433] [90mi[39m detected event deallocateDeviceDone {}
17:53:55.952 detox[23433] [90mE[39m tear down environment
17:53:55.952 detox[23433] [90mE[39m e2e/profile.e2e.js
17:53:55.963 detox[23433] [90mi[39m dispatching event to  primary-23432 /tmp/detox.primary-23432  :  reportTestResults , {
  testResults: [
    {
      success: true,
      testFilePath: '/Users/ips-162/Documents/RearchTopics/DetoxTest/e2e/profile.e2e.js',
      testExecError: undefined,
      isPermanentFailure: false
    }
  ]
}
17:53:55.967 detox[23432] [90mi[39m received event of :  reportTestResults {
  testResults: [
    {
      success: true,
      testFilePath: '/Users/ips-162/Documents/RearchTopics/DetoxTest/e2e/profile.e2e.js',
      isPermanentFailure: false
    }
  ]
}
17:53:55.971 detox[23432] [90mi[39m dispatching event to socket  :  reportTestResultsDone {
  testResults: [
    {
      success: true,
      testFilePath: '/Users/ips-162/Documents/RearchTopics/DetoxTest/e2e/profile.e2e.js',
      isPermanentFailure: false
    }
  ]
}
17:53:55.972 detox[23432] [90mi[39m broadcasting event to all known sockets listening to  /tmp/detox.primary-23432  :   sessionStateUpdate {
  testResults: [
    {
      success: true,
      testFilePath: '/Users/ips-162/Documents/RearchTopics/DetoxTest/e2e/profile.e2e.js',
      isPermanentFailure: false
    }
  ]
}
17:53:55.973 detox[23433] [90mi[39m ## received events ##
17:53:55.973 detox[23433] [90mi[39m detected event reportTestResultsDone {
  testResults: [
    {
      success: true,
      testFilePath: '/Users/ips-162/Documents/RearchTopics/DetoxTest/e2e/profile.e2e.js',
      isPermanentFailure: false
    }
  ]
}
17:53:55.974 detox[23433] [90mi[39m detected event sessionStateUpdate {
  testResults: [
    {
      success: true,
      testFilePath: '/Users/ips-162/Documents/RearchTopics/DetoxTest/e2e/profile.e2e.js',
      isPermanentFailure: false
    }
  ]
}
17:53:55.994 detox[23433] [90mi[39m connection closed primary-23432 /tmp/detox.primary-23432 0 tries remaining of 0
17:53:55.995 detox[23433] [90mi[39m secondary-23433 exceeded connection rety amount of  or stopRetrying flag set.
17:53:55.996 detox[23432] [90mi[39m socket disconnected secondary-23433
17:53:56.005 detox[23433] [90mi[39m 
17:53:56.070 detox[23432] [90mE[39m jest --config e2e/jest.config.js e2e/profile.e2e.js
17:53:56.071 detox[23432] [90mB[39m cleanup
  args: ()
17:53:56.071 detox[23432] [90mE[39m cleanup
17:53:56.072 detox[23432] [90mi[39m Detox server has been closed gracefully
17:53:56.072 detox[23432] [90mi[39m app exited session 9c791ad0-fcc5-0c81-e18a-6656f6b532ad
17:53:56.072 detox[23432] [90mE[39m connection :61420<->:61693
17:53:56.074 detox[23432] [90mE[39m node_modules/.bin/detox test --configuration android.att.debug e2e/profile.e2e.js
