--------- beginning of main
12-17 17:25:47.292 30219 30384 D DetoxWSClient: Received action 'reactNativeReload' (ID #-1000, params={})
12-17 17:25:47.293 30219 30360 I DetoxDispatcher: Handling action 'reactNativeReload' (ID #-1000)...
12-17 17:25:47.309 30219 30360 I DetoxRNExt: Reloading React Native
12-17 17:25:47.310 30219 30360 D IdlingRegistry: Unregistering idling resources: [com.wix.detox.reactnative.idlingresources.timers.FabricTimersIdlingResource@43c30a1]
12-17 17:25:47.310 30219 30360 D IdlingRegistry: Unregistering idling resources: [com.wix.detox.reactnative.idlingresources.StabilizedIdlingResource@daee287]
12-17 17:25:47.310 30219 30360 D IdlingRegistry: Unregistering idling resources: [com.wix.detox.reactnative.idlingresources.uimodule.fabric.FabricUIManagerIdlingResources@b7086ab]
12-17 17:25:47.310 30219 30360 D IdlingRegistry: Unregistering idling resources: [com.wix.detox.reactnative.idlingresources.animations.AnimatedModuleIdlingResource@b33a108]
12-17 17:25:47.310 30219 30360 D IdlingRegistry: Unregistering idling resources: [com.wix.detox.reactnative.idlingresources.network.NetworkIdlingResource@1f7f2c6]
12-17 17:25:47.314 30219 30499 W unknown:BridgelessReact: ReactHost{0}.getOrCreateReloadTask()
12-17 17:25:47.314 30219 30499 W unknown:BridgelessReact: ReactHost{0}.raiseSoftException(getOrCreateReloadTask()): Detox
12-17 17:25:47.315 30219 30499 E unknown:ReactHost: Unhandled SoftException
12-17 17:25:47.315 30219 30499 E unknown:ReactHost: com.facebook.react.bridge.ReactNoCrashSoftException: raiseSoftException(getOrCreateReloadTask()): Detox
12-17 17:25:47.315 30219 30499 E unknown:ReactHost: 	at com.facebook.react.runtime.ReactHostImpl.raiseSoftException(ReactHostImpl.java:1038)
12-17 17:25:47.315 30219 30499 E unknown:ReactHost: 	at com.facebook.react.runtime.ReactHostImpl.raiseSoftException(ReactHostImpl.java:1031)
12-17 17:25:47.315 30219 30499 E unknown:ReactHost: 	at com.facebook.react.runtime.ReactHostImpl.getOrCreateReloadTask(ReactHostImpl.java:1478)
12-17 17:25:47.315 30219 30499 E unknown:ReactHost: 	at com.facebook.react.runtime.ReactHostImpl.lambda$reload$5(ReactHostImpl.java:502)
12-17 17:25:47.315 30219 30499 E unknown:ReactHost: 	at com.facebook.react.runtime.ReactHostImpl.$r8$lambda$pnssLYpRgj-ac0gqivuqyD-9TKQ(Unknown Source:0)
12-17 17:25:47.315 30219 30499 E unknown:ReactHost: 	at com.facebook.react.runtime.ReactHostImpl$$ExternalSyntheticLambda0.call(D8$$SyntheticClass:0)
12-17 17:25:47.315 30219 30499 E unknown:ReactHost: 	at com.facebook.react.runtime.internal.bolts.Task$Companion.call$lambda$2(Task.kt:315)
12-17 17:25:47.315 30219 30499 E unknown:ReactHost: 	at com.facebook.react.runtime.internal.bolts.Task$Companion.$r8$lambda$MFqd_-X5KhHmu0hvNE2Bec_4mJM(Unknown Source:0)
12-17 17:25:47.315 30219 30499 E unknown:ReactHost: 	at com.facebook.react.runtime.internal.bolts.Task$Companion$$ExternalSyntheticLambda1.run(D8$$SyntheticClass:0)
12-17 17:25:47.315 30219 30499 E unknown:ReactHost: 	at java.util.concurrent.ThreadPoolExecutor.runWorker(ThreadPoolExecutor.java:1156)
12-17 17:25:47.315 30219 30499 E unknown:ReactHost: 	at java.util.concurrent.ThreadPoolExecutor$Worker.run(ThreadPoolExecutor.java:651)
12-17 17:25:47.315 30219 30499 E unknown:ReactHost: 	at java.lang.Thread.run(Thread.java:1119)
12-17 17:25:47.315 30219 30499 W unknown:BridgelessReact: ReactHost{0}.getOrCreateReloadTask(): Resetting createReactInstance task ref
12-17 17:25:47.316 30219 30219 W unknown:BridgelessReact: ReactHost{0}.getOrCreateReloadTask(): Starting React Native reload
12-17 17:25:47.316 30219 30219 W unknown:BridgelessReact: ReactHost{0}.getOrCreateReloadTask(): Calling ReactContext.onHostPause()
12-17 17:25:47.319 30219 30219 W unknown:BridgelessReact: ReactHost{0}.raiseSoftException(callWithExistingReactInstance(callFunctionOnModule("RCTDeviceEventEmitter", "emit"))): Execute: reactInstance is null. Dropping work.
12-17 17:25:47.321 30219 30219 E unknown:ReactHost: Unhandled SoftException
12-17 17:25:47.321 30219 30219 E unknown:ReactHost: com.facebook.react.bridge.ReactNoCrashSoftException: raiseSoftException(callWithExistingReactInstance(callFunctionOnModule("RCTDeviceEventEmitter", "emit"))): Execute: reactInstance is null. Dropping work.
12-17 17:25:47.321 30219 30219 E unknown:ReactHost: 	at com.facebook.react.runtime.ReactHostImpl.raiseSoftException(ReactHostImpl.java:1038)
12-17 17:25:47.321 30219 30219 E unknown:ReactHost: 	at com.facebook.react.runtime.ReactHostImpl.raiseSoftException(ReactHostImpl.java:1031)
12-17 17:25:47.321 30219 30219 E unknown:ReactHost: 	at com.facebook.react.runtime.ReactHostImpl.lambda$callWithExistingReactInstance$16(ReactHostImpl.java:1059)
12-17 17:25:47.321 30219 30219 E unknown:ReactHost: 	at com.facebook.react.runtime.ReactHostImpl.$r8$lambda$v_wsWn1AM15FUeMv5__nLvaLvTQ(Unknown Source:0)
12-17 17:25:47.321 30219 30219 E unknown:ReactHost: 	at com.facebook.react.runtime.ReactHostImpl$$ExternalSyntheticLambda16.then(D8$$SyntheticClass:0)
12-17 17:25:47.321 30219 30219 E unknown:ReactHost: 	at com.facebook.react.runtime.internal.bolts.Task$Companion.completeImmediately$lambda$3(Task.kt:356)
12-17 17:25:47.321 30219 30219 E unknown:ReactHost: 	at com.facebook.react.runtime.internal.bolts.Task$Companion.$r8$lambda$b7MTC0ufkn_2TjF4BGcNqGR9qK0(Unknown Source:0)
12-17 17:25:47.321 30219 30219 E unknown:ReactHost: 	at com.facebook.react.runtime.internal.bolts.Task$Companion$$ExternalSyntheticLambda3.run(D8$$SyntheticClass:0)
12-17 17:25:47.321 30219 30219 E unknown:ReactHost: 	at com.facebook.react.runtime.internal.bolts.Executors$ImmediateExecutor.execute(Executors.kt:41)
12-17 17:25:47.321 30219 30219 E unknown:ReactHost: 	at com.facebook.react.runtime.internal.bolts.Task$Companion.completeImmediately(Task.kt:354)
12-17 17:25:47.321 30219 30219 E unknown:ReactHost: 	at com.facebook.react.runtime.internal.bolts.Task$Companion.access$completeImmediately(Task.kt:250)
12-17 17:25:47.321 30219 30219 E unknown:ReactHost: 	at com.facebook.react.runtime.internal.bolts.Task.continueWith(Task.kt:132)
12-17 17:25:47.321 30219 30219 E unknown:ReactHost: 	at com.facebook.react.runtime.internal.bolts.Task.continueWith$default(Task.kt:117)
12-17 17:25:47.321 30219 30219 E unknown:ReactHost: 	at com.facebook.react.runtime.internal.bolts.Task.onSuccess$lambda$12(Task.kt:174)
12-17 17:25:47.321 30219 30219 E unknown:ReactHost: 	at com.facebook.react.runtime.internal.bolts.Task.$r8$lambda$l0wwo5AvbHxlwfI1R7CH_codxoo(Unknown Source:0)
12-17 17:25:47.321 30219 30219 E unknown:ReactHost: 	at com.facebook.react.runtime.internal.bolts.Task$$ExternalSyntheticLambda2.then(D8$$SyntheticClass:0)
12-17 17:25:47.321 30219 30219 E unknown:ReactHost: 	at com.facebook.react.runtime.internal.bolts.Task$Companion.completeAfterTask$lambda$5(Task.kt:390)
12-17 17:25:47.321 30219 30219 E unknown:ReactHost: 	at com.facebook.react.runtime.internal.bolts.Task$Companion.$r8$lambda$IPpysnehFwANEiW061YzapkMdoE(Unknown Source:0)
12-17 17:25:47.321 30219 30219 E unknown:ReactHost: 	at com.facebook.react.runtime.internal.bolts.Task$Companion$$ExternalSyntheticLambda4.run(D8$$SyntheticClass:0)
12-17 17:25:47.321 30219 30219 E unknown:ReactHost: 	at com.facebook.react.runtime.internal.bolts.Executors$ImmediateExecutor.execute(Executors.kt:41)
12-17 17:25:47.321 30219 30219 E unknown:ReactHost: 	at com.facebook.react.runtime.internal.bolts.Task$Companion.completeAfterTask(Task.kt:388)
12-17 17:25:47.321 30219 30219 E unknown:ReactHost: 	at com.facebook.react.runtime.internal.bolts.Task$Companion.access$completeAfterTask(Task.kt:250)
12-17 17:25:47.321 30219 30219 E unknown:ReactHost: 	at com.facebook.react.runtime.internal.bolts.Task.continueWithTask(Task.kt:156)
12-17 17:25:47.321 30219 30219 E unknown:ReactHost: 	at com.facebook.react.runtime.internal.bolts.Task.onSuccess(Task.kt:169)
12-17 17:25:47.321 30219 30219 E unknown:ReactHost: 	at com.facebook.react.runtime.ReactHostImpl.callWithExistingReactInstance(ReactHostImpl.java:1055)
12-17 17:25:47.321 30219 30219 E unknown:ReactHost: 	at com.facebook.react.runtime.ReactHostImpl.callFunctionOnModule(ReactHostImpl.java:912)
12-17 17:25:47.321 30219 30219 E unknown:ReactHost: 	at com.facebook.react.runtime.BridgelessReactContext.emitDeviceEvent(BridgelessReactContext.kt:132)
12-17 17:25:47.321 30219 30219 E unknown:ReactHost: 	at com.facebook.react.modules.appstate.AppStateModule.sendEvent(AppStateModule.kt:71)
12-17 17:25:47.321 30219 30219 E unknown:ReactHost: 	at com.facebook.react.modules.appstate.AppStateModule.sendAppStateChangeEvent(AppStateModule.kt:75)
12-17 17:25:47.321 30219 30219 E unknown:ReactHost: 	at com.facebook.react.modules.appstate.AppStateModule.onHostPause(AppStateModule.kt:48)
12-17 17:25:47.321 30219 30219 E unknown:ReactHost: 	at com.facebook.react.bridge.ReactContext.onHostPause(ReactContext.java:302)
12-17 17:25:47.321 30219 30219 E unknown:ReactHost: 	at com.facebook.react.runtime.ReactHostImpl.lambda$getOrCreateReloadTask$29(ReactHostImpl.java:1507)
12-17 17:25:47.321 30219 30219 E unknown:ReactHost: 	at com.facebook.react.runtime.ReactHostImpl.$r8$lambda$3_hO2W0xswhzVpHPxbwcWlR35dM(Unknown Source:0)
12-17 17:25:47.321 30219 30219 E unknown:ReactHost: 	at com.facebook.react.runtime.ReactHostImpl$$ExternalSyntheticLambda9.then(D8$$SyntheticClass:0)
12-17 17:25:47.321 30219 30219 E unknown:ReactHost: 	at com.facebook.react.runtime.internal.bolts.Task$Companion.completeAfterTask$lambda$5(Task.kt:390)
12-17 17:25:47.321 30219 30219 E unknown:ReactHost: 	at com.facebook.react.runtime.internal.bolts.Task$Companion.$r8$lambda$IPpysnehFwANEiW061YzapkMdoE(Unknown Source:0)
12-17 17:25:47.321 30219 30219 E unknown:ReactHost: 	at com.facebook.react.runtime.internal.bolts.Task$Companion$$ExternalSyntheticLambda4.run(D8$$SyntheticClass:0)
12-17 17:25:47.321 30219 30219 E unknown:ReactHost: 	at android.os.Handler.handleCallback(Handler.java:978)
12-17 17:25:47.321 30219 30219 E unknown:ReactHost: 	at android.os.Handler.dispatchMessage(Handler.java:104)
12-17 17:25:47.321 30219 30219 E unknown:ReactHost: 	at android.os.Looper.loopOnce(Looper.java:238)
12-17 17:25:47.321 30219 30219 E unknown:ReactHost: 	at android.os.Looper.loop(Looper.java:357)
12-17 17:25:47.321 30219 30219 E unknown:ReactHost: 	at android.app.ActivityThread.main(ActivityThread.java:8090)
12-17 17:25:47.321 30219 30219 E unknown:ReactHost: 	at java.lang.reflect.Method.invoke(Native Method)
12-17 17:25:47.321 30219 30219 E unknown:ReactHost: 	at com.android.internal.os.RuntimeInit$MethodAndArgsCaller.run(RuntimeInit.java:548)
12-17 17:25:47.321 30219 30219 E unknown:ReactHost: 	at com.android.internal.os.ZygoteInit.main(ZygoteInit.java:1026)
12-17 17:25:47.326 30219 30499 W unknown:BridgelessReact: ReactHost{0}.getOrCreateReloadTask(): Stopping all React Native surfaces
12-17 17:25:47.326 30219 30499 E unknown:SurfaceMountingManager: Stopping surface [21]
12-17 17:25:47.329 30219 30219 I ReactNative: [GESTURE HANDLER] Tearing down gesture handler registered for root view com.facebook.react.runtime.ReactSurfaceView{efd77cd V.E...... ........ 0,0-1080,2225 #15}
12-17 17:25:47.329 30219 30219 E unknown:SurfaceMountingManager: Surface [21] was stopped on SurfaceMountingManager.
12-17 17:25:47.335 30219 30219 W unknown:BridgelessReact: ReactHost{0}.getOrCreateReloadTask(): Removing memory pressure listener
12-17 17:25:47.335 30219 30219 W unknown:BridgelessReact: ReactHost{0}.getOrCreateReloadTask(): Resetting ReactContext ref
12-17 17:25:47.336 30219 30219 W unknown:BridgelessReact: ReactHost{0}.getOrCreateReloadTask(): Destroying ReactContext
12-17 17:25:47.336 30219 30219 W unknown:BridgelessReact: ReactHost{0}.getOrCreateReloadTask(): Calling DevSupportManager.onReactInstanceDestroyed(reactContext)
12-17 17:25:47.336 30219 30219 W unknown:ReactNative: Packager connection already open, nooping.
12-17 17:25:47.379 30219 30219 I com.detoxtest: Explicit concurrent copying GC freed 3852KB AllocSpace bytes, 0(0B) LOS objects, 49% free, 8916KB/17MB, paused 56us,37us total 42.734ms
12-17 17:25:47.379 30219 30499 W unknown:BridgelessReact: ReactHost{0}.getOrCreateReloadTask(): Resetting ReactInstance ptr
12-17 17:25:47.379 30219 30499 W unknown:BridgelessReact: ReactHost{0}.getOrCreateReloadTask(): Destroying ReactInstance
12-17 17:25:47.380 30219 31265 W unknown:ReactNative: Tried to enqueue runnable on already finished thread: 'v_native... dropping Runnable.
12-17 17:25:47.380 30219 31265 W unknown:ReactNative: Tried to enqueue runnable on already finished thread: 'v_native... dropping Runnable.
12-17 17:25:47.380 30219 31265 W unknown:ReactNative: Tried to enqueue runnable on already finished thread: 'v_native... dropping Runnable.
12-17 17:25:47.387 30219 30499 E unknown:ReactNative: Tried to remove non-existent frame callback
12-17 17:25:47.389 30219 30499 W unknown:ReactNative: Tried to enqueue runnable on already finished thread: 'v_native... dropping Runnable.
12-17 17:25:47.389 30219 30499 W unknown:ReactNative: Tried to enqueue runnable on already finished thread: 'v_native... dropping Runnable.
12-17 17:25:47.389 30219 30499 W unknown:ReactNative: Tried to enqueue runnable on already finished thread: 'v_native... dropping Runnable.
12-17 17:25:47.390 30219 30499 W unknown:ReactNative: Tried to enqueue runnable on already finished thread: 'v_native... dropping Runnable.
12-17 17:25:47.390 30219 30499 W unknown:ReactNative: Tried to enqueue runnable on already finished thread: 'v_native... dropping Runnable.
12-17 17:25:47.390 30219 30499 W unknown:ReactNative: Tried to enqueue runnable on already finished thread: 'v_native... dropping Runnable.
12-17 17:25:47.390 30219 30499 W unknown:ReactNative: Tried to enqueue runnable on already finished thread: 'v_native... dropping Runnable.
12-17 17:25:47.390 30219 30499 W unknown:ReactNative: Tried to enqueue runnable on already finished thread: 'v_native... dropping Runnable.
12-17 17:25:47.390 30219 30499 W unknown:ReactNative: Tried to enqueue runnable on already finished thread: 'v_native... dropping Runnable.
12-17 17:25:47.391 30219 30499 W unknown:ReactNative: Tried to enqueue runnable on already finished thread: 'v_native... dropping Runnable.
12-17 17:25:47.391 30219 30499 W unknown:ReactNative: Tried to enqueue runnable on already finished thread: 'v_native... dropping Runnable.
12-17 17:25:47.391 30219 30499 W unknown:ReactNative: Tried to enqueue runnable on already finished thread: 'v_native... dropping Runnable.
12-17 17:25:47.391 30219 30499 W unknown:ReactNative: Tried to enqueue runnable on already finished thread: 'v_native... dropping Runnable.
12-17 17:25:47.392 30219 30499 W unknown:ReactNative: Tried to enqueue runnable on already finished thread: 'v_native... dropping Runnable.
12-17 17:25:47.392 30219 30499 W unknown:ReactNative: Tried to enqueue runnable on already finished thread: 'v_native... dropping Runnable.
12-17 17:25:47.392 30219 30499 W unknown:ReactNative: Tried to enqueue runnable on already finished thread: 'v_native... dropping Runnable.
12-17 17:25:47.392 30219 30499 W unknown:ReactNative: Tried to enqueue runnable on already finished thread: 'v_native... dropping Runnable.
12-17 17:25:47.392 30219 30499 W unknown:ReactNative: Tried to enqueue runnable on already finished thread: 'v_native... dropping Runnable.
12-17 17:25:47.392 30219 30499 W unknown:ReactNative: Tried to enqueue runnable on already finished thread: 'v_native... dropping Runnable.
12-17 17:25:47.392 30219 30499 W unknown:ReactNative: Tried to enqueue runnable on already finished thread: 'v_native... dropping Runnable.
12-17 17:25:47.393 30219 30499 W unknown:ReactNative: Tried to enqueue runnable on already finished thread: 'v_native... dropping Runnable.
12-17 17:25:47.393 30219 30499 W unknown:ReactNative: Tried to enqueue runnable on already finished thread: 'v_native... dropping Runnable.
12-17 17:25:47.396 30219 30499 W unknown:ReactNative: Tried to enqueue runnable on already finished thread: 'v_native... dropping Runnable.
12-17 17:25:47.397 30219 30499 W unknown:ReactNative: Tried to enqueue runnable on already finished thread: 'v_native... dropping Runnable.
12-17 17:25:47.432 30219 30499 W unknown:BridgelessReact: ReactHost{0}.getOrCreateReloadTask(): Resetting start task ref
12-17 17:25:47.432 30219 30499 W unknown:BridgelessReact: ReactHost{0}.getOrCreateReactInstanceTask()
12-17 17:25:47.432 30219 30499 W unknown:BridgelessReact: ReactHost{0}.getOrCreateReactInstanceTask(): Start
12-17 17:25:47.432 30219 30499 D Detox.RNMarker: REACT_BRIDGELESS_LOADING_START (null)
12-17 17:25:47.432 30219 30499 W unknown:BridgelessReact: ReactHost{0}.getJSBundleLoader()
12-17 17:25:47.432 30219 30499 W unknown:BridgelessReact: ReactHost{0}.isMetroRunning()
12-17 17:25:47.437 30219 30500 W unknown:BridgelessReact: ReactHost{0}.isMetroRunning(): Async result = true
12-17 17:25:47.438 30219 30499 W unknown:BridgelessReact: ReactHost{0}.loadJSBundleFromMetro()
12-17 17:25:47.438 30219 30499 D Detox.RNMarker: DOWNLOAD_START (null)
12-17 17:25:47.782 30219 30500 D Detox.RNMarker: DOWNLOAD_END ({"url":"http:\/\/localhost:8081\/index.bundle?platform=android&dev=true&lazy=true&minify=false&app=com.detoxtest&modulesOnly=false&runModule=true&excludeSource=true&sourcePaths=url-server","filesChangedCount":0})
12-17 17:25:47.782 30219 30500 W unknown:BridgelessReact: ReactHost{0}.loadJSBundleFromMetro(): Creating BundleLoader
12-17 17:25:47.782 30219 30499 W unknown:BridgelessReact: ReactHost{0}.getOrCreateReactContext(): Creating BridgelessReactContext
12-17 17:25:47.783 30219 30499 W unknown:BridgelessReact: ReactHost{0}.getOrCreateReactInstanceTask(): Creating ReactInstance
12-17 17:25:47.784 30219 30499 W unknown:ReactNative: Inspector connection already open, nooping.
12-17 17:25:47.825 30219 30499 W unknown:BridgelessReact: ReactHost{0}.getOrCreateReactInstanceTask(): Loading JS Bundle
12-17 17:25:47.825 30219 30499 W unknown:BridgelessReact: ReactHost{0}.getOrCreateReactInstanceTask(): Calling DevSupportManagerBase.onNewReactContextCreated(reactContext)
12-17 17:25:47.826 30219 31495 D Detox.RNMarker: RUN_JS_BUNDLE_START (/index.bundle?platform=android&dev=true&lazy=true&minify=false&app=com.detoxtest&modulesOnly=false&runModule=true&excludeSource=true&sourcePaths=url-server)
12-17 17:25:47.826 30219 30219 W unknown:ReactNative: Packager connection already open, nooping.
12-17 17:25:47.826 30219 30499 W unknown:BridgelessReact: ReactHost{0}.getOrCreateReloadTask(): Restarting previously running React Native Surfaces
12-17 17:25:47.827 30219 30499 W unknown:BridgelessReact: ReactHost{0}.getOrCreateReloadTask(): Resetting reload task ref
12-17 17:25:47.827 30219 30219 W unknown:BridgelessReact: ReactContext.onHostResume()
12-17 17:25:47.828 30219 30219 W unknown:BridgelessReact: ReactHost{0}.getOrCreateReactInstanceTask(): Executing ReactInstanceEventListeners
12-17 17:25:47.828 30219 30219 I DetoxRNLoading: Got new RN-context through listener
12-17 17:25:47.829 30219 30360 I DetoxRNIdleRes: Setting up Espresso Idling Resources for React Native
12-17 17:25:47.833 30219 30219 D DetoxRNHelpers: Native RN module resolution (class com.reactnativecommunity.asyncstorage.AsyncStorageModule): no registered module found
12-17 17:25:47.833 30219 30360 D IdlingRegistry: Registering idling resources: [com.wix.detox.reactnative.idlingresources.uimodule.fabric.FabricUIManagerIdlingResources@b00a1ce]
12-17 17:25:47.834 30219 30360 D IdlingRegistry: Registering idling resources: [com.wix.detox.reactnative.idlingresources.animations.AnimatedModuleIdlingResource@3e5d8ef]
12-17 17:25:47.834 30219 30360 D IdlingRegistry: Registering idling resources: [com.wix.detox.reactnative.idlingresources.timers.FabricTimersIdlingResource@8d05ffc]
12-17 17:25:47.834 30219 30360 D IdlingRegistry: Registering idling resources: [com.wix.detox.reactnative.idlingresources.network.NetworkIdlingResource@6dfd685]
12-17 17:25:47.834 30219 30360 D IdlingRegistry: Registering idling resources: [com.wix.detox.reactnative.idlingresources.StabilizedIdlingResource@890cda]
12-17 17:25:47.835 30219 30219 D DetoxRNHelpers: Native RN module resolution (class com.reactnativecommunity.asyncstorage.AsyncStorageModule): no registered module found
12-17 17:25:47.836 30219 30360 I DetoxWSClient: Sending out action 'ready' (ID #-1000)
12-17 17:25:47.836 30219 30360 I DetoxDispatcher: Done with action 'reactNativeReload'
12-17 17:25:47.845 30219 30384 D DetoxWSClient: Received action 'invoke' (ID #10, params={"target":{"type":"Class","value":"com.wix.detox.espresso.EspressoDetox"},"method":"setSynchronization","args":[{"type":"boolean","value":false}]})
12-17 17:25:47.846 30219 30360 I DetoxDispatcher: Handling action 'invoke' (ID #10)...
12-17 17:25:47.846 30219 30360 D Detox   : class com.wix.detox.espresso.EspressoDetox, setSynchronization, [false]
12-17 17:25:47.846 30219 30360 D IdlingRegistry: Unregistering idling resources: [com.wix.detox.reactnative.idlingresources.timers.FabricTimersIdlingResource@8d05ffc]
12-17 17:25:47.846 30219 30360 D IdlingRegistry: Unregistering idling resources: [com.wix.detox.reactnative.idlingresources.StabilizedIdlingResource@890cda]
12-17 17:25:47.846 30219 30360 D IdlingRegistry: Unregistering idling resources: [com.wix.detox.reactnative.idlingresources.uimodule.fabric.FabricUIManagerIdlingResources@b00a1ce]
12-17 17:25:47.847 30219 30360 D IdlingRegistry: Unregistering idling resources: [com.wix.detox.reactnative.idlingresources.animations.AnimatedModuleIdlingResource@3e5d8ef]
12-17 17:25:47.847 30219 30360 D IdlingRegistry: Unregistering idling resources: [com.wix.detox.reactnative.idlingresources.network.NetworkIdlingResource@6dfd685]
12-17 17:25:47.847 30219 30360 I DetoxWSClient: Sending out action 'invokeResult' (ID #10)
12-17 17:25:47.847 30219 30360 I DetoxDispatcher: Done with action 'invoke'
12-17 17:25:48.272 30219 31495 W [RNScreens]: InsetObserverProxy registers on new context while it has not been invalidated on the old one. Please report this as issue at https://github.com/software-mansion/react-native-screens/issues
12-17 17:25:48.273 30219 31495 W unknown:ViewManagerPropertyUpdater: Could not find generated setter for class com.th3rdwave.safeareacontext.SafeAreaProviderManager
12-17 17:25:48.275 30219 31495 W unknown:ViewManagerPropertyUpdater: Could not find generated setter for class com.facebook.react.uimanager.LayoutShadowNode
12-17 17:25:48.277 30219 31495 W unknown:ViewManagerPropertyUpdater: Could not find generated setter for class com.swmansion.rnscreens.SearchBarManager
12-17 17:25:48.278 30219 31495 W unknown:ViewManagerPropertyUpdater: Could not find generated setter for class com.swmansion.rnscreens.ScreenFooterManager
12-17 17:25:48.279 30219 31495 W unknown:ViewManagerPropertyUpdater: Could not find generated setter for class com.swmansion.rnscreens.gamma.tabs.TabScreenViewManager
12-17 17:25:48.279 30219 31495 W unknown:ViewManagerPropertyUpdater: Could not find generated setter for class com.swmansion.rnscreens.ScreenContainerViewManager
12-17 17:25:48.280 30219 31495 W unknown:ViewManagerPropertyUpdater: Could not find generated setter for class com.swmansion.rnscreens.gamma.tabs.TabsHostViewManager
12-17 17:25:48.281 30219 31495 W unknown:ViewManagerPropertyUpdater: Could not find generated setter for class com.swmansion.rnscreens.ModalScreenViewManager
12-17 17:25:48.283 30219 31495 W unknown:ViewManagerPropertyUpdater: Could not find generated setter for class com.swmansion.rnscreens.ScreenStackHeaderConfigViewManager
12-17 17:25:48.285 30219 31495 W unknown:ViewManagerPropertyUpdater: Could not find generated setter for class com.swmansion.rnscreens.ScreenContentWrapperManager
12-17 17:25:48.285 30219 31495 W unknown:ViewManagerPropertyUpdater: Could not find generated setter for class com.th3rdwave.safeareacontext.SafeAreaViewManager
12-17 17:25:48.287 30219 31495 W unknown:ViewManagerPropertyUpdater: Could not find generated setter for class com.th3rdwave.safeareacontext.SafeAreaViewShadowNode
12-17 17:25:48.287 30219 31495 W unknown:ViewManagerPropertyUpdater: Could not find generated setter for class com.swmansion.rnscreens.safearea.SafeAreaViewManager
12-17 17:25:48.288 30219 31495 W unknown:ViewManagerPropertyUpdater: Could not find generated setter for class com.swmansion.rnscreens.safearea.paper.SafeAreaViewShadowNode
12-17 17:25:48.288 30219 31495 W unknown:ViewManagerPropertyUpdater: Could not find generated setter for class com.swmansion.rnscreens.ScreenViewManager
12-17 17:25:48.289 30219 31495 W unknown:ViewManagerPropertyUpdater: Could not find generated setter for class com.swmansion.rnscreens.ScreenStackHeaderSubviewManager
12-17 17:25:48.289 30219 31495 W unknown:ViewManagerPropertyUpdater: Could not find generated setter for class com.swmansion.rnscreens.ScreenStackViewManager
12-17 17:25:48.353 30219 31495 W unknown:ViewManagerPropertyUpdater: Could not find generated setter for class com.facebook.react.views.debuggingoverlay.DebuggingOverlayManager
12-17 17:25:48.358 30219 31495 W unknown:ViewManagerPropertyUpdater: Could not find generated setter for class com.swmansion.gesturehandler.react.RNGestureHandlerButtonViewManager
12-17 17:25:48.364 30219 31495 W unknown:ViewManagerPropertyUpdater: Could not find generated setter for class com.facebook.react.views.safeareaview.ReactSafeAreaViewManager
12-17 17:25:48.364 30219 31495 W unknown:ViewManagerPropertyUpdater: Could not find generated setter for class com.facebook.react.views.safeareaview.ReactSafeAreaViewShadowNode
12-17 17:25:48.369 30219 31495 W unknown:ViewManagerPropertyUpdater: Could not find generated setter for class com.facebook.react.views.modal.ReactModalHostManager
12-17 17:25:48.375 30219 31495 W unknown:ViewManagerPropertyUpdater: Could not find generated setter for class com.facebook.react.views.text.frescosupport.FrescoBasedReactTextInlineImageViewManager
12-17 17:25:48.375 30219 31495 W unknown:ViewManagerPropertyUpdater: Could not find generated setter for class com.facebook.react.views.text.frescosupport.FrescoBasedReactTextInlineImageShadowNode
12-17 17:25:48.380 30219 31495 W unknown:ViewManagerPropertyUpdater: Could not find generated setter for class com.facebook.react.views.progressbar.ReactProgressBarViewManager
12-17 17:25:48.381 30219 31495 W unknown:ViewManagerPropertyUpdater: Could not find generated setter for class com.facebook.react.views.progressbar.ProgressBarShadowNode
12-17 17:25:48.386 30219 31495 W unknown:ViewManagerPropertyUpdater: Could not find generated setter for class com.facebook.react.views.scroll.ReactHorizontalScrollViewManager
12-17 17:25:48.393 30219 31495 W unknown:ViewManagerPropertyUpdater: Could not find generated setter for class com.facebook.react.views.image.ReactImageManager
12-17 17:25:48.401 30219 31495 W unknown:ViewManagerPropertyUpdater: Could not find generated setter for class com.facebook.react.views.text.ReactTextViewManager
12-17 17:25:48.402 30219 31495 W unknown:ViewManagerPropertyUpdater: Could not find generated setter for class com.facebook.react.views.text.ReactTextShadowNode
12-17 17:25:48.410 30219 31495 W unknown:ViewManagerPropertyUpdater: Could not find generated setter for class com.facebook.react.views.scroll.ReactHorizontalScrollContainerViewManager
12-17 17:25:48.416 30219 31495 W unknown:ViewManagerPropertyUpdater: Could not find generated setter for class com.facebook.react.views.unimplementedview.ReactUnimplementedViewManager
12-17 17:25:48.421 30219 31495 W unknown:ViewManagerPropertyUpdater: Could not find generated setter for class com.facebook.react.views.scroll.ReactScrollViewManager
12-17 17:25:48.428 30219 31495 W unknown:ViewManagerPropertyUpdater: Could not find generated setter for class com.facebook.react.views.view.ReactViewManager
12-17 17:25:48.434 30219 31495 W unknown:ViewManagerPropertyUpdater: Could not find generated setter for class com.facebook.react.views.drawer.ReactDrawerLayoutManager
12-17 17:25:48.440 30219 31495 W unknown:ViewManagerPropertyUpdater: Could not find generated setter for class com.facebook.react.views.switchview.ReactSwitchManager
12-17 17:25:48.441 30219 31495 W unknown:ViewManagerPropertyUpdater: Could not find generated setter for class com.facebook.react.views.switchview.ReactSwitchShadowNode
12-17 17:25:48.445 30219 31495 W unknown:ViewManagerPropertyUpdater: Could not find generated setter for class com.facebook.react.views.text.ReactVirtualTextViewManager
12-17 17:25:48.446 30219 31495 W unknown:ViewManagerPropertyUpdater: Could not find generated setter for class com.facebook.react.views.text.ReactVirtualTextShadowNode
12-17 17:25:48.451 30219 31495 W unknown:ViewManagerPropertyUpdater: Could not find generated setter for class com.facebook.react.views.swiperefresh.SwipeRefreshLayoutManager
12-17 17:25:48.456 30219 31495 W unknown:ViewManagerPropertyUpdater: Could not find generated setter for class com.facebook.react.views.text.ReactRawTextManager
12-17 17:25:48.457 30219 31495 W unknown:ViewManagerPropertyUpdater: Could not find generated setter for class com.facebook.react.views.text.ReactRawTextShadowNode
12-17 17:25:48.458 30219 31495 W unknown:ViewManagerPropertyUpdater: Could not find generated setter for class com.facebook.react.views.textinput.ReactTextInputManager
12-17 17:25:48.460 30219 31495 W unknown:ViewManagerPropertyUpdater: Could not find generated setter for class com.facebook.react.views.textinput.ReactTextInputShadowNode
12-17 17:25:48.467 30219 31495 W unknown:ViewManagerPropertyUpdater: Could not find generated setter for class com.swmansion.gesturehandler.react.RNGestureHandlerRootViewManager
12-17 17:25:48.620 30219 31495 D Detox.RNMarker: RUN_JS_BUNDLE_END (/index.bundle?platform=android&dev=true&lazy=true&minify=false&app=com.detoxtest&modulesOnly=false&runModule=true&excludeSource=true&sourcePaths=url-server)
12-17 17:25:48.623 30219 31495 I ReactNativeJS: Running "DetoxTest" with {"rootTag":31,"initialProps":{},"fabric":true}
12-17 17:25:49.234 30219 31495 I ReactNativeJS: Store rehydrated successfully
12-17 17:25:49.923 30219 30219 I ReactNative: [GESTURE HANDLER] Initialize gesture handler for root view com.facebook.react.runtime.ReactSurfaceView{efd77cd V.E...... ......ID 0,0-1080,2225 #1f}
12-17 17:25:50.035 30219 30233 W System  : A resource failed to call close. 
12-17 17:25:50.075 30219 31495 D Detox.RNMarker: REACT_BRIDGELESS_LOADING_END (null)
12-17 17:25:50.855 30219 30384 D DetoxWSClient: Received action 'invoke' (ID #11, params={"target":{"type":"Class","value":"com.wix.detox.espresso.EspressoDetox"},"method":"setSynchronization","args":[{"type":"boolean","value":true}]})
12-17 17:25:50.856 30219 30360 I DetoxDispatcher: Handling action 'invoke' (ID #11)...
12-17 17:25:50.856 30219 30360 D Detox   : class com.wix.detox.espresso.EspressoDetox, setSynchronization, [true]
12-17 17:25:50.857 30219 30360 I DetoxRNIdleRes: Setting up Espresso Idling Resources for React Native
12-17 17:25:50.867 30219 30360 D IdlingRegistry: Registering idling resources: [com.wix.detox.reactnative.idlingresources.uimodule.fabric.FabricUIManagerIdlingResources@4b9202a]
12-17 17:25:50.867 30219 30360 D IdlingRegistry: Registering idling resources: [com.wix.detox.reactnative.idlingresources.animations.AnimatedModuleIdlingResource@51bae1b]
12-17 17:25:50.867 30219 30360 D IdlingRegistry: Registering idling resources: [com.wix.detox.reactnative.idlingresources.timers.FabricTimersIdlingResource@fb78bb8]
12-17 17:25:50.867 30219 30360 D IdlingRegistry: Registering idling resources: [com.wix.detox.reactnative.idlingresources.network.NetworkIdlingResource@608bd91]
12-17 17:25:50.867 30219 30360 D IdlingRegistry: Registering idling resources: [com.wix.detox.reactnative.idlingresources.StabilizedIdlingResource@aa114f6]
12-17 17:25:50.872 30219 30360 I DetoxWSClient: Sending out action 'invokeResult' (ID #11)
12-17 17:25:50.872 30219 30360 I DetoxDispatcher: Done with action 'invoke'
12-17 17:25:50.880 30219 30384 D DetoxWSClient: Received action 'invoke' (ID #12, params={"target":{"type":"Class","value":"com.wix.detox.espresso.DetoxAssertion"},"method":"waitForAssertMatcher","args":[{"type":"Invocation","value":{"target":{"type":"Class","value":"androidx.test.espresso.Espresso"},"method":"onView","args":[{"type":"Invocation","value":{"target":{"type":"Class","value":"com.wix.detox.espresso.DetoxMatcher"},"method":"matcherForTestId","args":["login-root",{"type":"boolean","value":false}]}}]}},{"type":"Invocation","value":{"target":{"type":"Class","value":"com.wix.detox.espresso.DetoxMatcher"},"method":"matcherForSufficientlyVisible","args":[{"type":"Integer","value":75}]}},{"type":"Double","value":10}]})
12-17 17:25:50.881 30219 30360 I DetoxDispatcher: Handling action 'invoke' (ID #12)...
12-17 17:25:50.882 30219 30360 D Detox   : class com.wix.detox.espresso.DetoxMatcher, matcherForTestId, [login-root, false]
12-17 17:25:50.883 30219 30360 D Detox   : class androidx.test.espresso.Espresso, onView, [(view.getTag() is "login-root" and view has effective visibility <VISIBLE>)]
12-17 17:25:50.885 30219 30360 D Detox   : class com.wix.detox.espresso.DetoxMatcher, matcherForSufficientlyVisible, [75]
12-17 17:25:50.886 30219 30360 D Detox   : class com.wix.detox.espresso.DetoxAssertion, waitForAssertMatcher, [androidx.test.espresso.ViewInteraction@73d10f7, (view has effective visibility <VISIBLE> and view.getGlobalVisibleRect() covers at least <75> percent of the view's area), 10.0]
12-17 17:25:51.657 30219 30219 W UiControllerImpl: Waiting for: DYNAMIC_TASKS_HAVE_IDLED for 100 iterations.
12-17 17:25:52.490 30219 30219 W UiControllerImpl: Waiting for: DYNAMIC_TASKS_HAVE_IDLED for 200 iterations.
12-17 17:25:53.316 30219 30219 W UiControllerImpl: Waiting for: DYNAMIC_TASKS_HAVE_IDLED for 300 iterations.
12-17 17:25:54.125 30219 30219 W UiControllerImpl: Waiting for: DYNAMIC_TASKS_HAVE_IDLED for 400 iterations.
12-17 17:25:54.949 30219 30219 W UiControllerImpl: Waiting for: DYNAMIC_TASKS_HAVE_IDLED for 500 iterations.
12-17 17:25:55.774 30219 30219 W UiControllerImpl: Waiting for: DYNAMIC_TASKS_HAVE_IDLED for 600 iterations.
12-17 17:25:55.913 30219 30219 I ViewInteraction: Checking 'MatchesViewAssertion(Detox){viewMatcher=(view has effective visibility <VISIBLE> and view.getGlobalVisibleRect() covers at least <75> percent of the view's area)}' assertion on view (view.getTag() is "login-root" and view has effective visibility <VISIBLE>)
12-17 17:25:55.929 30219 30360 I DetoxWSClient: Sending out action 'invokeResult' (ID #12)
12-17 17:25:55.930 30219 30360 I DetoxDispatcher: Done with action 'invoke'
12-17 17:25:55.942 30219 30384 D DetoxWSClient: Received action 'invoke' (ID #13, params={"target":{"type":"Class","value":"com.wix.detox.espresso.EspressoDetox"},"method":"setURLBlacklist","args":[[".*"]]})
12-17 17:25:55.942 30219 30360 I DetoxDispatcher: Handling action 'invoke' (ID #13)...
12-17 17:25:55.943 30219 30360 D Detox   : class com.wix.detox.espresso.EspressoDetox, setURLBlacklist, [[.*]]
12-17 17:25:55.945 30219 30360 I DetoxWSClient: Sending out action 'invokeResult' (ID #13)
12-17 17:25:55.946 30219 30360 I DetoxDispatcher: Done with action 'invoke'
12-17 17:25:55.957 30219 30384 D DetoxWSClient: Received action 'invoke' (ID #14, params={"target":{"type":"Class","value":"com.wix.detox.espresso.EspressoDetox"},"method":"perform","args":[{"type":"Invocation","value":{"target":{"type":"Class","value":"com.wix.detox.espresso.DetoxMatcher"},"method":"matcherForTestId","args":["email-input",{"type":"boolean","value":false}]}},{"type":"Invocation","value":{"target":{"type":"Class","value":"androidx.test.espresso.action.ViewActions"},"method":"replaceText","args":["john@gmail.com"]}}]})
12-17 17:25:55.958 30219 30360 I DetoxDispatcher: Handling action 'invoke' (ID #14)...
12-17 17:25:55.959 30219 30360 D Detox   : class com.wix.detox.espresso.DetoxMatcher, matcherForTestId, [email-input, false]
12-17 17:25:55.962 30219 30360 D Detox   : class androidx.test.espresso.action.ViewActions, replaceText, [john@gmail.com]
12-17 17:25:55.963 30219 30360 D Detox   : class com.wix.detox.espresso.EspressoDetox, perform, [(view.getTag() is "email-input" and view has effective visibility <VISIBLE>), androidx.test.espresso.action.ReplaceTextAction@68c8dc9]
12-17 17:25:55.978 30219 30219 I ViewInteraction: Performing 'replace text(john@gmail.com)' action on view (view.getTag() is "email-input" and view has effective visibility <VISIBLE>)
12-17 17:25:55.989 30219 30360 I DetoxWSClient: Sending out action 'invokeResult' (ID #14)
12-17 17:25:55.989 30219 30360 I DetoxDispatcher: Done with action 'invoke'
12-17 17:25:55.997 30219 30384 D DetoxWSClient: Received action 'invoke' (ID #15, params={"target":{"type":"Class","value":"com.wix.detox.espresso.EspressoDetox"},"method":"perform","args":[{"type":"Invocation","value":{"target":{"type":"Class","value":"com.wix.detox.espresso.DetoxMatcher"},"method":"matcherForTestId","args":["password-input",{"type":"boolean","value":false}]}},{"type":"Invocation","value":{"target":{"type":"Class","value":"androidx.test.espresso.action.ViewActions"},"method":"replaceText","args":["Password123!"]}}]})
12-17 17:25:56.005 30219 30360 I DetoxDispatcher: Handling action 'invoke' (ID #15)...
12-17 17:25:56.005 30219 30360 D Detox   : class com.wix.detox.espresso.DetoxMatcher, matcherForTestId, [password-input, false]
12-17 17:25:56.006 30219 30360 D Detox   : class androidx.test.espresso.action.ViewActions, replaceText, [Password123!]
12-17 17:25:56.006 30219 30360 D Detox   : class com.wix.detox.espresso.EspressoDetox, perform, [(view.getTag() is "password-input" and view has effective visibility <VISIBLE>), androidx.test.espresso.action.ReplaceTextAction@c6feadf]
12-17 17:25:56.022 30219 30241 I OpenGLRenderer: Davey! duration=9223300334346ms; Flags=0, FrameTimelineVsyncId=2226640, IntendedVsync=71702508062504, Vsync=71702516395837, InputEventId=0, HandleInputStart=71702517266912, AnimationStart=71702517269360, PerformTraversalsStart=71702517932016, DrawStart=71702519277902, FrameDeadline=71702523729170, FrameInterval=71702517260089, FrameStartTime=8333333, SyncQueued=71702520419673, SyncStart=71702520628944, IssueDrawCommandsStart=71702521648423, SwapBuffers=71702525668371, FrameCompleted=9223372036854775807, DequeueBufferDuration=53698, QueueBufferDuration=1675104, GpuCompleted=9223372036854775807, SwapBuffersCompleted=71702528452590, DisplayPresentTime=0, 
12-17 17:25:56.096 30219 30219 I ViewInteraction: Performing 'replace text(Password123!)' action on view (view.getTag() is "password-input" and view has effective visibility <VISIBLE>)
12-17 17:25:56.105 30219 30360 I DetoxWSClient: Sending out action 'invokeResult' (ID #15)
12-17 17:25:56.105 30219 30360 I DetoxDispatcher: Done with action 'invoke'
12-17 17:25:56.114 30219 30384 D DetoxWSClient: Received action 'invoke' (ID #16, params={"target":{"type":"Class","value":"com.wix.detox.espresso.EspressoDetox"},"method":"perform","args":[{"type":"Invocation","value":{"target":{"type":"Class","value":"com.wix.detox.espresso.DetoxMatcher"},"method":"matcherForTestId","args":["login-button",{"type":"boolean","value":false}]}},{"type":"Invocation","value":{"target":{"type":"Class","value":"com.wix.detox.espresso.DetoxViewActions"},"method":"click","args":[]}}]})
12-17 17:25:56.116 30219 30360 I DetoxDispatcher: Handling action 'invoke' (ID #16)...
12-17 17:25:56.116 30219 30360 D Detox   : class com.wix.detox.espresso.DetoxMatcher, matcherForTestId, [login-button, false]
12-17 17:25:56.117 30219 30360 D Detox   : class com.wix.detox.espresso.DetoxViewActions, click, []
12-17 17:25:56.117 30219 30360 D Detox   : class com.wix.detox.espresso.EspressoDetox, perform, [(view.getTag() is "login-button" and view has effective visibility <VISIBLE>), com.wix.detox.espresso.action.RNClickAction@aba6ddb]
12-17 17:25:56.148 30219 30219 I ViewInteraction: Performing 'com.wix.detox.espresso.action.detoxsingletap@13bb078 click' action on view (view.getTag() is "login-button" and view has effective visibility <VISIBLE>)
12-17 17:25:56.236 30219 31495 I ReactNativeJS: Starting login process...
12-17 17:25:56.301 30219 30219 I ReactNative: [GESTURE HANDLER] Tearing down gesture handler registered for root view com.facebook.react.runtime.ReactSurfaceView{efd77cd V.E...... ......ID 0,0-1080,2225 #1f}
12-17 17:25:56.308 30219 31495 I ReactNativeJS:  Network blocked - this appears to be an offline test
12-17 17:25:56.403 30219 30219 I ReactNative: [GESTURE HANDLER] Initialize gesture handler for root view com.facebook.react.runtime.ReactSurfaceView{efd77cd V.E...... ......ID 0,0-1080,2225 #1f}
12-17 17:25:57.289 30219 30360 I DetoxWSClient: Sending out action 'invokeResult' (ID #16)
12-17 17:25:57.290 30219 30360 I DetoxDispatcher: Done with action 'invoke'
12-17 17:25:57.296 30219 30384 D DetoxWSClient: Received action 'invoke' (ID #17, params={"target":{"type":"Class","value":"com.wix.detox.espresso.DetoxAssertion"},"method":"waitForAssertMatcher","args":[{"type":"Invocation","value":{"target":{"type":"Class","value":"androidx.test.espresso.Espresso"},"method":"onView","args":[{"type":"Invocation","value":{"target":{"type":"Class","value":"com.wix.detox.espresso.DetoxMatcher"},"method":"matcherForText","args":["Network Error. Please check your internet connection and try again.",{"type":"boolean","value":false}]}}]}},{"type":"Invocation","value":{"target":{"type":"Class","value":"com.wix.detox.espresso.DetoxMatcher"},"method":"matcherForSufficientlyVisible","args":[{"type":"Integer","value":75}]}},{"type":"Double","value":5}]})
12-17 17:25:57.297 30219 30360 I DetoxDispatcher: Handling action 'invoke' (ID #17)...
12-17 17:25:57.298 30219 30360 D Detox   : class com.wix.detox.espresso.DetoxMatcher, matcherForText, [Network Error. Please check your internet connection and try again., false]
12-17 17:25:57.300 30219 30360 D Detox   : class androidx.test.espresso.Espresso, onView, [(an instance of android.widget.TextView and view.getText() with or without transformation to match: is "Network Error. Please check your internet connection and try again." and view has effective visibility <VISIBLE>)]
12-17 17:25:57.303 30219 30360 D Detox   : class com.wix.detox.espresso.DetoxMatcher, matcherForSufficientlyVisible, [75]
12-17 17:25:57.304 30219 30360 D Detox   : class com.wix.detox.espresso.DetoxAssertion, waitForAssertMatcher, [androidx.test.espresso.ViewInteraction@c852c7, (view has effective visibility <VISIBLE> and view.getGlobalVisibleRect() covers at least <75> percent of the view's area), 5.0]
12-17 17:25:57.310 30219 30219 I ViewInteraction: Checking 'MatchesViewAssertion(Detox){viewMatcher=(view has effective visibility <VISIBLE> and view.getGlobalVisibleRect() covers at least <75> percent of the view's area)}' assertion on view (an instance of android.widget.TextView and view.getText() with or without transformation to match: is "Network Error. Please check your internet connection and try again." and view has effective visibility <VISIBLE>)
12-17 17:25:57.313 30219 30360 I DetoxWSClient: Sending out action 'invokeResult' (ID #17)
12-17 17:25:57.314 30219 30360 I DetoxDispatcher: Done with action 'invoke'
12-17 17:25:57.323 30219 30384 D DetoxWSClient: Received action 'invoke' (ID #18, params={"target":{"type":"Class","value":"com.wix.detox.espresso.EspressoDetox"},"method":"setURLBlacklist","args":[[]]})
12-17 17:25:57.324 30219 30360 I DetoxDispatcher: Handling action 'invoke' (ID #18)...
12-17 17:25:57.325 30219 30360 D Detox   : class com.wix.detox.espresso.EspressoDetox, setURLBlacklist, [[]]
12-17 17:25:57.325 30219 30360 I DetoxWSClient: Sending out action 'invokeResult' (ID #18)
12-17 17:25:57.326 30219 30360 I DetoxDispatcher: Done with action 'invoke'
12-17 17:25:58.078 30219 30219 D CompatibilityChangeReporter: Compat change id reported: 150939131; UID 10954; state: ENABLED
12-17 17:25:59.342 30219 30384 D DetoxWSClient: Received action 'invoke' (ID #19, params={"target":{"type":"Class","value":"com.wix.detox.espresso.EspressoDetox"},"method":"perform","args":[{"type":"Invocation","value":{"target":{"type":"Class","value":"com.wix.detox.espresso.DetoxMatcher"},"method":"matcherForTestId","args":["login-button",{"type":"boolean","value":false}]}},{"type":"Invocation","value":{"target":{"type":"Class","value":"com.wix.detox.espresso.DetoxViewActions"},"method":"click","args":[]}}]})
12-17 17:25:59.344 30219 30360 I DetoxDispatcher: Handling action 'invoke' (ID #19)...
12-17 17:25:59.344 30219 30360 D Detox   : class com.wix.detox.espresso.DetoxMatcher, matcherForTestId, [login-button, false]
12-17 17:25:59.345 30219 30360 D Detox   : class com.wix.detox.espresso.DetoxViewActions, click, []
12-17 17:25:59.346 30219 30360 D Detox   : class com.wix.detox.espresso.EspressoDetox, perform, [(view.getTag() is "login-button" and view has effective visibility <VISIBLE>), com.wix.detox.espresso.action.RNClickAction@7bfc01d]
12-17 17:25:59.363 30219 30219 I ViewInteraction: Performing 'com.wix.detox.espresso.action.detoxsingletap@c9bd292 click' action on view (view.getTag() is "login-button" and view has effective visibility <VISIBLE>)
12-17 17:26:00.051 30219 30360 I DetoxWSClient: Sending out action 'invokeResult' (ID #19)
12-17 17:26:00.052 30219 30360 I DetoxDispatcher: Done with action 'invoke'
12-17 17:26:00.059 30219 30384 D DetoxWSClient: Received action 'invoke' (ID #20, params={"target":{"type":"Class","value":"com.wix.detox.espresso.DetoxAssertion"},"method":"waitForAssertMatcher","args":[{"type":"Invocation","value":{"target":{"type":"Class","value":"androidx.test.espresso.Espresso"},"method":"onView","args":[{"type":"Invocation","value":{"target":{"type":"Class","value":"com.wix.detox.espresso.DetoxMatcher"},"method":"matcherForText","args":["Home",{"type":"boolean","value":false}]}}]}},{"type":"Invocation","value":{"target":{"type":"Class","value":"com.wix.detox.espresso.DetoxMatcher"},"method":"matcherForSufficientlyVisible","args":[{"type":"Integer","value":75}]}},{"type":"Double","value":10}]})
12-17 17:26:00.059 30219 30360 I DetoxDispatcher: Handling action 'invoke' (ID #20)...
12-17 17:26:00.060 30219 30360 D Detox   : class com.wix.detox.espresso.DetoxMatcher, matcherForText, [Home, false]
12-17 17:26:00.061 30219 30360 D Detox   : class androidx.test.espresso.Espresso, onView, [(an instance of android.widget.TextView and view.getText() with or without transformation to match: is "Home" and view has effective visibility <VISIBLE>)]
12-17 17:26:00.063 30219 30360 D Detox   : class com.wix.detox.espresso.DetoxMatcher, matcherForSufficientlyVisible, [75]
12-17 17:26:00.065 30219 30360 D Detox   : class com.wix.detox.espresso.DetoxAssertion, waitForAssertMatcher, [androidx.test.espresso.ViewInteraction@d137f84, (view has effective visibility <VISIBLE> and view.getGlobalVisibleRect() covers at least <75> percent of the view's area), 10.0]
12-17 17:26:00.119 30219 30219 I ViewInteraction: Checking 'MatchesViewAssertion(Detox){viewMatcher=(view has effective visibility <VISIBLE> and view.getGlobalVisibleRect() covers at least <75> percent of the view's area)}' assertion on view (an instance of android.widget.TextView and view.getText() with or without transformation to match: is "Home" and view has effective visibility <VISIBLE>)
12-17 17:26:00.183 30219 30219 I ViewInteraction: Checking 'MatchesViewAssertion(Detox){viewMatcher=(view has effective visibility <VISIBLE> and view.getGlobalVisibleRect() covers at least <75> percent of the view's area)}' assertion on view (an instance of android.widget.TextView and view.getText() with or without transformation to match: is "Home" and view has effective visibility <VISIBLE>)
12-17 17:26:00.247 30219 30219 I ViewInteraction: Checking 'MatchesViewAssertion(Detox){viewMatcher=(view has effective visibility <VISIBLE> and view.getGlobalVisibleRect() covers at least <75> percent of the view's area)}' assertion on view (an instance of android.widget.TextView and view.getText() with or without transformation to match: is "Home" and view has effective visibility <VISIBLE>)
12-17 17:26:00.300 30219 30219 I ViewInteraction: Checking 'MatchesViewAssertion(Detox){viewMatcher=(view has effective visibility <VISIBLE> and view.getGlobalVisibleRect() covers at least <75> percent of the view's area)}' assertion on view (an instance of android.widget.TextView and view.getText() with or without transformation to match: is "Home" and view has effective visibility <VISIBLE>)
12-17 17:26:00.372 30219 30219 I ViewInteraction: Checking 'MatchesViewAssertion(Detox){viewMatcher=(view has effective visibility <VISIBLE> and view.getGlobalVisibleRect() covers at least <75> percent of the view's area)}' assertion on view (an instance of android.widget.TextView and view.getText() with or without transformation to match: is "Home" and view has effective visibility <VISIBLE>)
12-17 17:26:00.418 30219 30219 I ViewInteraction: Checking 'MatchesViewAssertion(Detox){viewMatcher=(view has effective visibility <VISIBLE> and view.getGlobalVisibleRect() covers at least <75> percent of the view's area)}' assertion on view (an instance of android.widget.TextView and view.getText() with or without transformation to match: is "Home" and view has effective visibility <VISIBLE>)
12-17 17:26:00.471 30219 30219 I ViewInteraction: Checking 'MatchesViewAssertion(Detox){viewMatcher=(view has effective visibility <VISIBLE> and view.getGlobalVisibleRect() covers at least <75> percent of the view's area)}' assertion on view (an instance of android.widget.TextView and view.getText() with or without transformation to match: is "Home" and view has effective visibility <VISIBLE>)
12-17 17:26:00.513 30219 30219 I ViewInteraction: Checking 'MatchesViewAssertion(Detox){viewMatcher=(view has effective visibility <VISIBLE> and view.getGlobalVisibleRect() covers at least <75> percent of the view's area)}' assertion on view (an instance of android.widget.TextView and view.getText() with or without transformation to match: is "Home" and view has effective visibility <VISIBLE>)
12-17 17:26:00.558 30219 30219 I ViewInteraction: Checking 'MatchesViewAssertion(Detox){viewMatcher=(view has effective visibility <VISIBLE> and view.getGlobalVisibleRect() covers at least <75> percent of the view's area)}' assertion on view (an instance of android.widget.TextView and view.getText() with or without transformation to match: is "Home" and view has effective visibility <VISIBLE>)
12-17 17:26:00.600 30219 30219 I ViewInteraction: Checking 'MatchesViewAssertion(Detox){viewMatcher=(view has effective visibility <VISIBLE> and view.getGlobalVisibleRect() covers at least <75> percent of the view's area)}' assertion on view (an instance of android.widget.TextView and view.getText() with or without transformation to match: is "Home" and view has effective visibility <VISIBLE>)
12-17 17:26:00.668 30219 30219 I ViewInteraction: Checking 'MatchesViewAssertion(Detox){viewMatcher=(view has effective visibility <VISIBLE> and view.getGlobalVisibleRect() covers at least <75> percent of the view's area)}' assertion on view (an instance of android.widget.TextView and view.getText() with or without transformation to match: is "Home" and view has effective visibility <VISIBLE>)
12-17 17:26:00.737 30219 30219 I ViewInteraction: Checking 'MatchesViewAssertion(Detox){viewMatcher=(view has effective visibility <VISIBLE> and view.getGlobalVisibleRect() covers at least <75> percent of the view's area)}' assertion on view (an instance of android.widget.TextView and view.getText() with or without transformation to match: is "Home" and view has effective visibility <VISIBLE>)
12-17 17:26:00.798 30219 30219 I ViewInteraction: Checking 'MatchesViewAssertion(Detox){viewMatcher=(view has effective visibility <VISIBLE> and view.getGlobalVisibleRect() covers at least <75> percent of the view's area)}' assertion on view (an instance of android.widget.TextView and view.getText() with or without transformation to match: is "Home" and view has effective visibility <VISIBLE>)
12-17 17:26:00.852 30219 30219 I ViewInteraction: Checking 'MatchesViewAssertion(Detox){viewMatcher=(view has effective visibility <VISIBLE> and view.getGlobalVisibleRect() covers at least <75> percent of the view's area)}' assertion on view (an instance of android.widget.TextView and view.getText() with or without transformation to match: is "Home" and view has effective visibility <VISIBLE>)
12-17 17:26:00.908 30219 30219 I ViewInteraction: Checking 'MatchesViewAssertion(Detox){viewMatcher=(view has effective visibility <VISIBLE> and view.getGlobalVisibleRect() covers at least <75> percent of the view's area)}' assertion on view (an instance of android.widget.TextView and view.getText() with or without transformation to match: is "Home" and view has effective visibility <VISIBLE>)
12-17 17:26:00.967 30219 30219 I ViewInteraction: Checking 'MatchesViewAssertion(Detox){viewMatcher=(view has effective visibility <VISIBLE> and view.getGlobalVisibleRect() covers at least <75> percent of the view's area)}' assertion on view (an instance of android.widget.TextView and view.getText() with or without transformation to match: is "Home" and view has effective visibility <VISIBLE>)
12-17 17:26:01.013 30219 30219 I ViewInteraction: Checking 'MatchesViewAssertion(Detox){viewMatcher=(view has effective visibility <VISIBLE> and view.getGlobalVisibleRect() covers at least <75> percent of the view's area)}' assertion on view (an instance of android.widget.TextView and view.getText() with or without transformation to match: is "Home" and view has effective visibility <VISIBLE>)
12-17 17:26:01.070 30219 30219 I ViewInteraction: Checking 'MatchesViewAssertion(Detox){viewMatcher=(view has effective visibility <VISIBLE> and view.getGlobalVisibleRect() covers at least <75> percent of the view's area)}' assertion on view (an instance of android.widget.TextView and view.getText() with or without transformation to match: is "Home" and view has effective visibility <VISIBLE>)
12-17 17:26:01.132 30219 30219 I ViewInteraction: Checking 'MatchesViewAssertion(Detox){viewMatcher=(view has effective visibility <VISIBLE> and view.getGlobalVisibleRect() covers at least <75> percent of the view's area)}' assertion on view (an instance of android.widget.TextView and view.getText() with or without transformation to match: is "Home" and view has effective visibility <VISIBLE>)
12-17 17:26:01.184 30219 30219 I ViewInteraction: Checking 'MatchesViewAssertion(Detox){viewMatcher=(view has effective visibility <VISIBLE> and view.getGlobalVisibleRect() covers at least <75> percent of the view's area)}' assertion on view (an instance of android.widget.TextView and view.getText() with or without transformation to match: is "Home" and view has effective visibility <VISIBLE>)
12-17 17:26:01.245 30219 30219 I ViewInteraction: Checking 'MatchesViewAssertion(Detox){viewMatcher=(view has effective visibility <VISIBLE> and view.getGlobalVisibleRect() covers at least <75> percent of the view's area)}' assertion on view (an instance of android.widget.TextView and view.getText() with or without transformation to match: is "Home" and view has effective visibility <VISIBLE>)
12-17 17:26:01.285 30219 30219 I ViewInteraction: Checking 'MatchesViewAssertion(Detox){viewMatcher=(view has effective visibility <VISIBLE> and view.getGlobalVisibleRect() covers at least <75> percent of the view's area)}' assertion on view (an instance of android.widget.TextView and view.getText() with or without transformation to match: is "Home" and view has effective visibility <VISIBLE>)
12-17 17:26:01.323 30219 30219 I ViewInteraction: Checking 'MatchesViewAssertion(Detox){viewMatcher=(view has effective visibility <VISIBLE> and view.getGlobalVisibleRect() covers at least <75> percent of the view's area)}' assertion on view (an instance of android.widget.TextView and view.getText() with or without transformation to match: is "Home" and view has effective visibility <VISIBLE>)
12-17 17:26:01.375 30219 30219 I ViewInteraction: Checking 'MatchesViewAssertion(Detox){viewMatcher=(view has effective visibility <VISIBLE> and view.getGlobalVisibleRect() covers at least <75> percent of the view's area)}' assertion on view (an instance of android.widget.TextView and view.getText() with or without transformation to match: is "Home" and view has effective visibility <VISIBLE>)
12-17 17:26:01.426 30219 30219 I ViewInteraction: Checking 'MatchesViewAssertion(Detox){viewMatcher=(view has effective visibility <VISIBLE> and view.getGlobalVisibleRect() covers at least <75> percent of the view's area)}' assertion on view (an instance of android.widget.TextView and view.getText() with or without transformation to match: is "Home" and view has effective visibility <VISIBLE>)
12-17 17:26:01.482 30219 30219 I ViewInteraction: Checking 'MatchesViewAssertion(Detox){viewMatcher=(view has effective visibility <VISIBLE> and view.getGlobalVisibleRect() covers at least <75> percent of the view's area)}' assertion on view (an instance of android.widget.TextView and view.getText() with or without transformation to match: is "Home" and view has effective visibility <VISIBLE>)
12-17 17:26:01.523 30219 30219 I ViewInteraction: Checking 'MatchesViewAssertion(Detox){viewMatcher=(view has effective visibility <VISIBLE> and view.getGlobalVisibleRect() covers at least <75> percent of the view's area)}' assertion on view (an instance of android.widget.TextView and view.getText() with or without transformation to match: is "Home" and view has effective visibility <VISIBLE>)
12-17 17:26:01.562 30219 30219 I ViewInteraction: Checking 'MatchesViewAssertion(Detox){viewMatcher=(view has effective visibility <VISIBLE> and view.getGlobalVisibleRect() covers at least <75> percent of the view's area)}' assertion on view (an instance of android.widget.TextView and view.getText() with or without transformation to match: is "Home" and view has effective visibility <VISIBLE>)
12-17 17:26:01.602 30219 30219 I ViewInteraction: Checking 'MatchesViewAssertion(Detox){viewMatcher=(view has effective visibility <VISIBLE> and view.getGlobalVisibleRect() covers at least <75> percent of the view's area)}' assertion on view (an instance of android.widget.TextView and view.getText() with or without transformation to match: is "Home" and view has effective visibility <VISIBLE>)
12-17 17:26:01.654 30219 30219 I ViewInteraction: Checking 'MatchesViewAssertion(Detox){viewMatcher=(view has effective visibility <VISIBLE> and view.getGlobalVisibleRect() covers at least <75> percent of the view's area)}' assertion on view (an instance of android.widget.TextView and view.getText() with or without transformation to match: is "Home" and view has effective visibility <VISIBLE>)
12-17 17:26:01.701 30219 30219 I ViewInteraction: Checking 'MatchesViewAssertion(Detox){viewMatcher=(view has effective visibility <VISIBLE> and view.getGlobalVisibleRect() covers at least <75> percent of the view's area)}' assertion on view (an instance of android.widget.TextView and view.getText() with or without transformation to match: is "Home" and view has effective visibility <VISIBLE>)
12-17 17:26:01.743 30219 30219 I ViewInteraction: Checking 'MatchesViewAssertion(Detox){viewMatcher=(view has effective visibility <VISIBLE> and view.getGlobalVisibleRect() covers at least <75> percent of the view's area)}' assertion on view (an instance of android.widget.TextView and view.getText() with or without transformation to match: is "Home" and view has effective visibility <VISIBLE>)
12-17 17:26:01.787 30219 30219 I ViewInteraction: Checking 'MatchesViewAssertion(Detox){viewMatcher=(view has effective visibility <VISIBLE> and view.getGlobalVisibleRect() covers at least <75> percent of the view's area)}' assertion on view (an instance of android.widget.TextView and view.getText() with or without transformation to match: is "Home" and view has effective visibility <VISIBLE>)
12-17 17:26:01.828 30219 30219 I ViewInteraction: Checking 'MatchesViewAssertion(Detox){viewMatcher=(view has effective visibility <VISIBLE> and view.getGlobalVisibleRect() covers at least <75> percent of the view's area)}' assertion on view (an instance of android.widget.TextView and view.getText() with or without transformation to match: is "Home" and view has effective visibility <VISIBLE>)
12-17 17:26:01.869 30219 30219 I ViewInteraction: Checking 'MatchesViewAssertion(Detox){viewMatcher=(view has effective visibility <VISIBLE> and view.getGlobalVisibleRect() covers at least <75> percent of the view's area)}' assertion on view (an instance of android.widget.TextView and view.getText() with or without transformation to match: is "Home" and view has effective visibility <VISIBLE>)
12-17 17:26:01.913 30219 30219 I ViewInteraction: Checking 'MatchesViewAssertion(Detox){viewMatcher=(view has effective visibility <VISIBLE> and view.getGlobalVisibleRect() covers at least <75> percent of the view's area)}' assertion on view (an instance of android.widget.TextView and view.getText() with or without transformation to match: is "Home" and view has effective visibility <VISIBLE>)
12-17 17:26:01.965 30219 30219 I ViewInteraction: Checking 'MatchesViewAssertion(Detox){viewMatcher=(view has effective visibility <VISIBLE> and view.getGlobalVisibleRect() covers at least <75> percent of the view's area)}' assertion on view (an instance of android.widget.TextView and view.getText() with or without transformation to match: is "Home" and view has effective visibility <VISIBLE>)
12-17 17:26:02.014 30219 30219 I ViewInteraction: Checking 'MatchesViewAssertion(Detox){viewMatcher=(view has effective visibility <VISIBLE> and view.getGlobalVisibleRect() covers at least <75> percent of the view's area)}' assertion on view (an instance of android.widget.TextView and view.getText() with or without transformation to match: is "Home" and view has effective visibility <VISIBLE>)
12-17 17:26:02.057 30219 30219 I ViewInteraction: Checking 'MatchesViewAssertion(Detox){viewMatcher=(view has effective visibility <VISIBLE> and view.getGlobalVisibleRect() covers at least <75> percent of the view's area)}' assertion on view (an instance of android.widget.TextView and view.getText() with or without transformation to match: is "Home" and view has effective visibility <VISIBLE>)
12-17 17:26:02.106 30219 30219 I ViewInteraction: Checking 'MatchesViewAssertion(Detox){viewMatcher=(view has effective visibility <VISIBLE> and view.getGlobalVisibleRect() covers at least <75> percent of the view's area)}' assertion on view (an instance of android.widget.TextView and view.getText() with or without transformation to match: is "Home" and view has effective visibility <VISIBLE>)
12-17 17:26:02.149 30219 30219 I ViewInteraction: Checking 'MatchesViewAssertion(Detox){viewMatcher=(view has effective visibility <VISIBLE> and view.getGlobalVisibleRect() covers at least <75> percent of the view's area)}' assertion on view (an instance of android.widget.TextView and view.getText() with or without transformation to match: is "Home" and view has effective visibility <VISIBLE>)
12-17 17:26:02.190 30219 30219 I ViewInteraction: Checking 'MatchesViewAssertion(Detox){viewMatcher=(view has effective visibility <VISIBLE> and view.getGlobalVisibleRect() covers at least <75> percent of the view's area)}' assertion on view (an instance of android.widget.TextView and view.getText() with or without transformation to match: is "Home" and view has effective visibility <VISIBLE>)
12-17 17:26:02.232 30219 30219 I ViewInteraction: Checking 'MatchesViewAssertion(Detox){viewMatcher=(view has effective visibility <VISIBLE> and view.getGlobalVisibleRect() covers at least <75> percent of the view's area)}' assertion on view (an instance of android.widget.TextView and view.getText() with or without transformation to match: is "Home" and view has effective visibility <VISIBLE>)
12-17 17:26:02.271 30219 30219 I ViewInteraction: Checking 'MatchesViewAssertion(Detox){viewMatcher=(view has effective visibility <VISIBLE> and view.getGlobalVisibleRect() covers at least <75> percent of the view's area)}' assertion on view (an instance of android.widget.TextView and view.getText() with or without transformation to match: is "Home" and view has effective visibility <VISIBLE>)
12-17 17:26:02.316 30219 30219 I ViewInteraction: Checking 'MatchesViewAssertion(Detox){viewMatcher=(view has effective visibility <VISIBLE> and view.getGlobalVisibleRect() covers at least <75> percent of the view's area)}' assertion on view (an instance of android.widget.TextView and view.getText() with or without transformation to match: is "Home" and view has effective visibility <VISIBLE>)
12-17 17:26:02.357 30219 30219 I ViewInteraction: Checking 'MatchesViewAssertion(Detox){viewMatcher=(view has effective visibility <VISIBLE> and view.getGlobalVisibleRect() covers at least <75> percent of the view's area)}' assertion on view (an instance of android.widget.TextView and view.getText() with or without transformation to match: is "Home" and view has effective visibility <VISIBLE>)
12-17 17:26:02.396 30219 30219 I ViewInteraction: Checking 'MatchesViewAssertion(Detox){viewMatcher=(view has effective visibility <VISIBLE> and view.getGlobalVisibleRect() covers at least <75> percent of the view's area)}' assertion on view (an instance of android.widget.TextView and view.getText() with or without transformation to match: is "Home" and view has effective visibility <VISIBLE>)
12-17 17:26:02.442 30219 30219 I ViewInteraction: Checking 'MatchesViewAssertion(Detox){viewMatcher=(view has effective visibility <VISIBLE> and view.getGlobalVisibleRect() covers at least <75> percent of the view's area)}' assertion on view (an instance of android.widget.TextView and view.getText() with or without transformation to match: is "Home" and view has effective visibility <VISIBLE>)
12-17 17:26:02.489 30219 30219 I ViewInteraction: Checking 'MatchesViewAssertion(Detox){viewMatcher=(view has effective visibility <VISIBLE> and view.getGlobalVisibleRect() covers at least <75> percent of the view's area)}' assertion on view (an instance of android.widget.TextView and view.getText() with or without transformation to match: is "Home" and view has effective visibility <VISIBLE>)
12-17 17:26:02.531 30219 30219 I ViewInteraction: Checking 'MatchesViewAssertion(Detox){viewMatcher=(view has effective visibility <VISIBLE> and view.getGlobalVisibleRect() covers at least <75> percent of the view's area)}' assertion on view (an instance of android.widget.TextView and view.getText() with or without transformation to match: is "Home" and view has effective visibility <VISIBLE>)
12-17 17:26:02.571 30219 30219 I ViewInteraction: Checking 'MatchesViewAssertion(Detox){viewMatcher=(view has effective visibility <VISIBLE> and view.getGlobalVisibleRect() covers at least <75> percent of the view's area)}' assertion on view (an instance of android.widget.TextView and view.getText() with or without transformation to match: is "Home" and view has effective visibility <VISIBLE>)
12-17 17:26:02.615 30219 30219 I ViewInteraction: Checking 'MatchesViewAssertion(Detox){viewMatcher=(view has effective visibility <VISIBLE> and view.getGlobalVisibleRect() covers at least <75> percent of the view's area)}' assertion on view (an instance of android.widget.TextView and view.getText() with or without transformation to match: is "Home" and view has effective visibility <VISIBLE>)
12-17 17:26:02.654 30219 30219 I ViewInteraction: Checking 'MatchesViewAssertion(Detox){viewMatcher=(view has effective visibility <VISIBLE> and view.getGlobalVisibleRect() covers at least <75> percent of the view's area)}' assertion on view (an instance of android.widget.TextView and view.getText() with or without transformation to match: is "Home" and view has effective visibility <VISIBLE>)
12-17 17:26:02.693 30219 30219 I ViewInteraction: Checking 'MatchesViewAssertion(Detox){viewMatcher=(view has effective visibility <VISIBLE> and view.getGlobalVisibleRect() covers at least <75> percent of the view's area)}' assertion on view (an instance of android.widget.TextView and view.getText() with or without transformation to match: is "Home" and view has effective visibility <VISIBLE>)
12-17 17:26:02.735 30219 30219 I ViewInteraction: Checking 'MatchesViewAssertion(Detox){viewMatcher=(view has effective visibility <VISIBLE> and view.getGlobalVisibleRect() covers at least <75> percent of the view's area)}' assertion on view (an instance of android.widget.TextView and view.getText() with or without transformation to match: is "Home" and view has effective visibility <VISIBLE>)
12-17 17:26:02.791 30219 30219 I ViewInteraction: Checking 'MatchesViewAssertion(Detox){viewMatcher=(view has effective visibility <VISIBLE> and view.getGlobalVisibleRect() covers at least <75> percent of the view's area)}' assertion on view (an instance of android.widget.TextView and view.getText() with or without transformation to match: is "Home" and view has effective visibility <VISIBLE>)
12-17 17:26:02.850 30219 30219 I ViewInteraction: Checking 'MatchesViewAssertion(Detox){viewMatcher=(view has effective visibility <VISIBLE> and view.getGlobalVisibleRect() covers at least <75> percent of the view's area)}' assertion on view (an instance of android.widget.TextView and view.getText() with or without transformation to match: is "Home" and view has effective visibility <VISIBLE>)
12-17 17:26:02.911 30219 30219 I ViewInteraction: Checking 'MatchesViewAssertion(Detox){viewMatcher=(view has effective visibility <VISIBLE> and view.getGlobalVisibleRect() covers at least <75> percent of the view's area)}' assertion on view (an instance of android.widget.TextView and view.getText() with or without transformation to match: is "Home" and view has effective visibility <VISIBLE>)
12-17 17:26:02.954 30219 30219 I ViewInteraction: Checking 'MatchesViewAssertion(Detox){viewMatcher=(view has effective visibility <VISIBLE> and view.getGlobalVisibleRect() covers at least <75> percent of the view's area)}' assertion on view (an instance of android.widget.TextView and view.getText() with or without transformation to match: is "Home" and view has effective visibility <VISIBLE>)
12-17 17:26:02.992 30219 30219 I ViewInteraction: Checking 'MatchesViewAssertion(Detox){viewMatcher=(view has effective visibility <VISIBLE> and view.getGlobalVisibleRect() covers at least <75> percent of the view's area)}' assertion on view (an instance of android.widget.TextView and view.getText() with or without transformation to match: is "Home" and view has effective visibility <VISIBLE>)
12-17 17:26:03.046 30219 30219 I ViewInteraction: Checking 'MatchesViewAssertion(Detox){viewMatcher=(view has effective visibility <VISIBLE> and view.getGlobalVisibleRect() covers at least <75> percent of the view's area)}' assertion on view (an instance of android.widget.TextView and view.getText() with or without transformation to match: is "Home" and view has effective visibility <VISIBLE>)
12-17 17:26:03.107 30219 30219 I ViewInteraction: Checking 'MatchesViewAssertion(Detox){viewMatcher=(view has effective visibility <VISIBLE> and view.getGlobalVisibleRect() covers at least <75> percent of the view's area)}' assertion on view (an instance of android.widget.TextView and view.getText() with or without transformation to match: is "Home" and view has effective visibility <VISIBLE>)
12-17 17:26:03.167 30219 30219 I ViewInteraction: Checking 'MatchesViewAssertion(Detox){viewMatcher=(view has effective visibility <VISIBLE> and view.getGlobalVisibleRect() covers at least <75> percent of the view's area)}' assertion on view (an instance of android.widget.TextView and view.getText() with or without transformation to match: is "Home" and view has effective visibility <VISIBLE>)
12-17 17:26:03.230 30219 30219 I ViewInteraction: Checking 'MatchesViewAssertion(Detox){viewMatcher=(view has effective visibility <VISIBLE> and view.getGlobalVisibleRect() covers at least <75> percent of the view's area)}' assertion on view (an instance of android.widget.TextView and view.getText() with or without transformation to match: is "Home" and view has effective visibility <VISIBLE>)
12-17 17:26:03.273 30219 30219 I ViewInteraction: Checking 'MatchesViewAssertion(Detox){viewMatcher=(view has effective visibility <VISIBLE> and view.getGlobalVisibleRect() covers at least <75> percent of the view's area)}' assertion on view (an instance of android.widget.TextView and view.getText() with or without transformation to match: is "Home" and view has effective visibility <VISIBLE>)
12-17 17:26:03.331 30219 30219 I ViewInteraction: Checking 'MatchesViewAssertion(Detox){viewMatcher=(view has effective visibility <VISIBLE> and view.getGlobalVisibleRect() covers at least <75> percent of the view's area)}' assertion on view (an instance of android.widget.TextView and view.getText() with or without transformation to match: is "Home" and view has effective visibility <VISIBLE>)
12-17 17:26:03.390 30219 30219 I ViewInteraction: Checking 'MatchesViewAssertion(Detox){viewMatcher=(view has effective visibility <VISIBLE> and view.getGlobalVisibleRect() covers at least <75> percent of the view's area)}' assertion on view (an instance of android.widget.TextView and view.getText() with or without transformation to match: is "Home" and view has effective visibility <VISIBLE>)
12-17 17:26:03.449 30219 30219 I ViewInteraction: Checking 'MatchesViewAssertion(Detox){viewMatcher=(view has effective visibility <VISIBLE> and view.getGlobalVisibleRect() covers at least <75> percent of the view's area)}' assertion on view (an instance of android.widget.TextView and view.getText() with or without transformation to match: is "Home" and view has effective visibility <VISIBLE>)
12-17 17:26:03.508 30219 30219 I ViewInteraction: Checking 'MatchesViewAssertion(Detox){viewMatcher=(view has effective visibility <VISIBLE> and view.getGlobalVisibleRect() covers at least <75> percent of the view's area)}' assertion on view (an instance of android.widget.TextView and view.getText() with or without transformation to match: is "Home" and view has effective visibility <VISIBLE>)
12-17 17:26:03.575 30219 30219 I ViewInteraction: Checking 'MatchesViewAssertion(Detox){viewMatcher=(view has effective visibility <VISIBLE> and view.getGlobalVisibleRect() covers at least <75> percent of the view's area)}' assertion on view (an instance of android.widget.TextView and view.getText() with or without transformation to match: is "Home" and view has effective visibility <VISIBLE>)
12-17 17:26:03.626 30219 30219 I ViewInteraction: Checking 'MatchesViewAssertion(Detox){viewMatcher=(view has effective visibility <VISIBLE> and view.getGlobalVisibleRect() covers at least <75> percent of the view's area)}' assertion on view (an instance of android.widget.TextView and view.getText() with or without transformation to match: is "Home" and view has effective visibility <VISIBLE>)
12-17 17:26:03.667 30219 30219 I ViewInteraction: Checking 'MatchesViewAssertion(Detox){viewMatcher=(view has effective visibility <VISIBLE> and view.getGlobalVisibleRect() covers at least <75> percent of the view's area)}' assertion on view (an instance of android.widget.TextView and view.getText() with or without transformation to match: is "Home" and view has effective visibility <VISIBLE>)
12-17 17:26:03.708 30219 30219 I ViewInteraction: Checking 'MatchesViewAssertion(Detox){viewMatcher=(view has effective visibility <VISIBLE> and view.getGlobalVisibleRect() covers at least <75> percent of the view's area)}' assertion on view (an instance of android.widget.TextView and view.getText() with or without transformation to match: is "Home" and view has effective visibility <VISIBLE>)
12-17 17:26:03.762 30219 30219 I ViewInteraction: Checking 'MatchesViewAssertion(Detox){viewMatcher=(view has effective visibility <VISIBLE> and view.getGlobalVisibleRect() covers at least <75> percent of the view's area)}' assertion on view (an instance of android.widget.TextView and view.getText() with or without transformation to match: is "Home" and view has effective visibility <VISIBLE>)
12-17 17:26:03.821 30219 30219 I ViewInteraction: Checking 'MatchesViewAssertion(Detox){viewMatcher=(view has effective visibility <VISIBLE> and view.getGlobalVisibleRect() covers at least <75> percent of the view's area)}' assertion on view (an instance of android.widget.TextView and view.getText() with or without transformation to match: is "Home" and view has effective visibility <VISIBLE>)
12-17 17:26:03.884 30219 30219 I ViewInteraction: Checking 'MatchesViewAssertion(Detox){viewMatcher=(view has effective visibility <VISIBLE> and view.getGlobalVisibleRect() covers at least <75> percent of the view's area)}' assertion on view (an instance of android.widget.TextView and view.getText() with or without transformation to match: is "Home" and view has effective visibility <VISIBLE>)
12-17 17:26:03.947 30219 30219 I ViewInteraction: Checking 'MatchesViewAssertion(Detox){viewMatcher=(view has effective visibility <VISIBLE> and view.getGlobalVisibleRect() covers at least <75> percent of the view's area)}' assertion on view (an instance of android.widget.TextView and view.getText() with or without transformation to match: is "Home" and view has effective visibility <VISIBLE>)
12-17 17:26:04.007 30219 30219 I ViewInteraction: Checking 'MatchesViewAssertion(Detox){viewMatcher=(view has effective visibility <VISIBLE> and view.getGlobalVisibleRect() covers at least <75> percent of the view's area)}' assertion on view (an instance of android.widget.TextView and view.getText() with or without transformation to match: is "Home" and view has effective visibility <VISIBLE>)
12-17 17:26:04.066 30219 30219 I ViewInteraction: Checking 'MatchesViewAssertion(Detox){viewMatcher=(view has effective visibility <VISIBLE> and view.getGlobalVisibleRect() covers at least <75> percent of the view's area)}' assertion on view (an instance of android.widget.TextView and view.getText() with or without transformation to match: is "Home" and view has effective visibility <VISIBLE>)
12-17 17:26:04.126 30219 30219 I ViewInteraction: Checking 'MatchesViewAssertion(Detox){viewMatcher=(view has effective visibility <VISIBLE> and view.getGlobalVisibleRect() covers at least <75> percent of the view's area)}' assertion on view (an instance of android.widget.TextView and view.getText() with or without transformation to match: is "Home" and view has effective visibility <VISIBLE>)
12-17 17:26:04.187 30219 30219 I ViewInteraction: Checking 'MatchesViewAssertion(Detox){viewMatcher=(view has effective visibility <VISIBLE> and view.getGlobalVisibleRect() covers at least <75> percent of the view's area)}' assertion on view (an instance of android.widget.TextView and view.getText() with or without transformation to match: is "Home" and view has effective visibility <VISIBLE>)
12-17 17:26:04.233 30219 30219 I ViewInteraction: Checking 'MatchesViewAssertion(Detox){viewMatcher=(view has effective visibility <VISIBLE> and view.getGlobalVisibleRect() covers at least <75> percent of the view's area)}' assertion on view (an instance of android.widget.TextView and view.getText() with or without transformation to match: is "Home" and view has effective visibility <VISIBLE>)
12-17 17:26:04.286 30219 30219 I ViewInteraction: Checking 'MatchesViewAssertion(Detox){viewMatcher=(view has effective visibility <VISIBLE> and view.getGlobalVisibleRect() covers at least <75> percent of the view's area)}' assertion on view (an instance of android.widget.TextView and view.getText() with or without transformation to match: is "Home" and view has effective visibility <VISIBLE>)
12-17 17:26:04.347 30219 30219 I ViewInteraction: Checking 'MatchesViewAssertion(Detox){viewMatcher=(view has effective visibility <VISIBLE> and view.getGlobalVisibleRect() covers at least <75> percent of the view's area)}' assertion on view (an instance of android.widget.TextView and view.getText() with or without transformation to match: is "Home" and view has effective visibility <VISIBLE>)
12-17 17:26:04.408 30219 30219 I ViewInteraction: Checking 'MatchesViewAssertion(Detox){viewMatcher=(view has effective visibility <VISIBLE> and view.getGlobalVisibleRect() covers at least <75> percent of the view's area)}' assertion on view (an instance of android.widget.TextView and view.getText() with or without transformation to match: is "Home" and view has effective visibility <VISIBLE>)
12-17 17:26:04.476 30219 30219 I ViewInteraction: Checking 'MatchesViewAssertion(Detox){viewMatcher=(view has effective visibility <VISIBLE> and view.getGlobalVisibleRect() covers at least <75> percent of the view's area)}' assertion on view (an instance of android.widget.TextView and view.getText() with or without transformation to match: is "Home" and view has effective visibility <VISIBLE>)
12-17 17:26:04.533 30219 30219 I ViewInteraction: Checking 'MatchesViewAssertion(Detox){viewMatcher=(view has effective visibility <VISIBLE> and view.getGlobalVisibleRect() covers at least <75> percent of the view's area)}' assertion on view (an instance of android.widget.TextView and view.getText() with or without transformation to match: is "Home" and view has effective visibility <VISIBLE>)
12-17 17:26:04.588 30219 30219 I ViewInteraction: Checking 'MatchesViewAssertion(Detox){viewMatcher=(view has effective visibility <VISIBLE> and view.getGlobalVisibleRect() covers at least <75> percent of the view's area)}' assertion on view (an instance of android.widget.TextView and view.getText() with or without transformation to match: is "Home" and view has effective visibility <VISIBLE>)
12-17 17:26:04.648 30219 30219 I ViewInteraction: Checking 'MatchesViewAssertion(Detox){viewMatcher=(view has effective visibility <VISIBLE> and view.getGlobalVisibleRect() covers at least <75> percent of the view's area)}' assertion on view (an instance of android.widget.TextView and view.getText() with or without transformation to match: is "Home" and view has effective visibility <VISIBLE>)
12-17 17:26:04.716 30219 30219 I ViewInteraction: Checking 'MatchesViewAssertion(Detox){viewMatcher=(view has effective visibility <VISIBLE> and view.getGlobalVisibleRect() covers at least <75> percent of the view's area)}' assertion on view (an instance of android.widget.TextView and view.getText() with or without transformation to match: is "Home" and view has effective visibility <VISIBLE>)
12-17 17:26:04.772 30219 30219 I ViewInteraction: Checking 'MatchesViewAssertion(Detox){viewMatcher=(view has effective visibility <VISIBLE> and view.getGlobalVisibleRect() covers at least <75> percent of the view's area)}' assertion on view (an instance of android.widget.TextView and view.getText() with or without transformation to match: is "Home" and view has effective visibility <VISIBLE>)
12-17 17:26:04.829 30219 30219 I ViewInteraction: Checking 'MatchesViewAssertion(Detox){viewMatcher=(view has effective visibility <VISIBLE> and view.getGlobalVisibleRect() covers at least <75> percent of the view's area)}' assertion on view (an instance of android.widget.TextView and view.getText() with or without transformation to match: is "Home" and view has effective visibility <VISIBLE>)
12-17 17:26:04.894 30219 30219 I ViewInteraction: Checking 'MatchesViewAssertion(Detox){viewMatcher=(view has effective visibility <VISIBLE> and view.getGlobalVisibleRect() covers at least <75> percent of the view's area)}' assertion on view (an instance of android.widget.TextView and view.getText() with or without transformation to match: is "Home" and view has effective visibility <VISIBLE>)
12-17 17:26:04.950 30219 30219 I ViewInteraction: Checking 'MatchesViewAssertion(Detox){viewMatcher=(view has effective visibility <VISIBLE> and view.getGlobalVisibleRect() covers at least <75> percent of the view's area)}' assertion on view (an instance of android.widget.TextView and view.getText() with or without transformation to match: is "Home" and view has effective visibility <VISIBLE>)
12-17 17:26:05.011 30219 30219 I ViewInteraction: Checking 'MatchesViewAssertion(Detox){viewMatcher=(view has effective visibility <VISIBLE> and view.getGlobalVisibleRect() covers at least <75> percent of the view's area)}' assertion on view (an instance of android.widget.TextView and view.getText() with or without transformation to match: is "Home" and view has effective visibility <VISIBLE>)
12-17 17:26:05.065 30219 30219 I ViewInteraction: Checking 'MatchesViewAssertion(Detox){viewMatcher=(view has effective visibility <VISIBLE> and view.getGlobalVisibleRect() covers at least <75> percent of the view's area)}' assertion on view (an instance of android.widget.TextView and view.getText() with or without transformation to match: is "Home" and view has effective visibility <VISIBLE>)
12-17 17:26:05.141 30219 30219 I ViewInteraction: Checking 'MatchesViewAssertion(Detox){viewMatcher=(view has effective visibility <VISIBLE> and view.getGlobalVisibleRect() covers at least <75> percent of the view's area)}' assertion on view (an instance of android.widget.TextView and view.getText() with or without transformation to match: is "Home" and view has effective visibility <VISIBLE>)
12-17 17:26:05.221 30219 30219 I ViewInteraction: Checking 'MatchesViewAssertion(Detox){viewMatcher=(view has effective visibility <VISIBLE> and view.getGlobalVisibleRect() covers at least <75> percent of the view's area)}' assertion on view (an instance of android.widget.TextView and view.getText() with or without transformation to match: is "Home" and view has effective visibility <VISIBLE>)
12-17 17:26:05.299 30219 30219 I ViewInteraction: Checking 'MatchesViewAssertion(Detox){viewMatcher=(view has effective visibility <VISIBLE> and view.getGlobalVisibleRect() covers at least <75> percent of the view's area)}' assertion on view (an instance of android.widget.TextView and view.getText() with or without transformation to match: is "Home" and view has effective visibility <VISIBLE>)
12-17 17:26:05.356 30219 30219 I ViewInteraction: Checking 'MatchesViewAssertion(Detox){viewMatcher=(view has effective visibility <VISIBLE> and view.getGlobalVisibleRect() covers at least <75> percent of the view's area)}' assertion on view (an instance of android.widget.TextView and view.getText() with or without transformation to match: is "Home" and view has effective visibility <VISIBLE>)
12-17 17:26:05.419 30219 30219 I ViewInteraction: Checking 'MatchesViewAssertion(Detox){viewMatcher=(view has effective visibility <VISIBLE> and view.getGlobalVisibleRect() covers at least <75> percent of the view's area)}' assertion on view (an instance of android.widget.TextView and view.getText() with or without transformation to match: is "Home" and view has effective visibility <VISIBLE>)
12-17 17:26:05.500 30219 30219 I ViewInteraction: Checking 'MatchesViewAssertion(Detox){viewMatcher=(view has effective visibility <VISIBLE> and view.getGlobalVisibleRect() covers at least <75> percent of the view's area)}' assertion on view (an instance of android.widget.TextView and view.getText() with or without transformation to match: is "Home" and view has effective visibility <VISIBLE>)
12-17 17:26:05.565 30219 30219 I ViewInteraction: Checking 'MatchesViewAssertion(Detox){viewMatcher=(view has effective visibility <VISIBLE> and view.getGlobalVisibleRect() covers at least <75> percent of the view's area)}' assertion on view (an instance of android.widget.TextView and view.getText() with or without transformation to match: is "Home" and view has effective visibility <VISIBLE>)
12-17 17:26:05.616 30219 30219 I ViewInteraction: Checking 'MatchesViewAssertion(Detox){viewMatcher=(view has effective visibility <VISIBLE> and view.getGlobalVisibleRect() covers at least <75> percent of the view's area)}' assertion on view (an instance of android.widget.TextView and view.getText() with or without transformation to match: is "Home" and view has effective visibility <VISIBLE>)
12-17 17:26:05.674 30219 30219 I ViewInteraction: Checking 'MatchesViewAssertion(Detox){viewMatcher=(view has effective visibility <VISIBLE> and view.getGlobalVisibleRect() covers at least <75> percent of the view's area)}' assertion on view (an instance of android.widget.TextView and view.getText() with or without transformation to match: is "Home" and view has effective visibility <VISIBLE>)
12-17 17:26:05.733 30219 30219 I ViewInteraction: Checking 'MatchesViewAssertion(Detox){viewMatcher=(view has effective visibility <VISIBLE> and view.getGlobalVisibleRect() covers at least <75> percent of the view's area)}' assertion on view (an instance of android.widget.TextView and view.getText() with or without transformation to match: is "Home" and view has effective visibility <VISIBLE>)
12-17 17:26:05.793 30219 30219 I ViewInteraction: Checking 'MatchesViewAssertion(Detox){viewMatcher=(view has effective visibility <VISIBLE> and view.getGlobalVisibleRect() covers at least <75> percent of the view's area)}' assertion on view (an instance of android.widget.TextView and view.getText() with or without transformation to match: is "Home" and view has effective visibility <VISIBLE>)
12-17 17:26:05.856 30219 30219 I ViewInteraction: Checking 'MatchesViewAssertion(Detox){viewMatcher=(view has effective visibility <VISIBLE> and view.getGlobalVisibleRect() covers at least <75> percent of the view's area)}' assertion on view (an instance of android.widget.TextView and view.getText() with or without transformation to match: is "Home" and view has effective visibility <VISIBLE>)
12-17 17:26:05.909 30219 30219 I ViewInteraction: Checking 'MatchesViewAssertion(Detox){viewMatcher=(view has effective visibility <VISIBLE> and view.getGlobalVisibleRect() covers at least <75> percent of the view's area)}' assertion on view (an instance of android.widget.TextView and view.getText() with or without transformation to match: is "Home" and view has effective visibility <VISIBLE>)
12-17 17:26:05.962 30219 30219 I ViewInteraction: Checking 'MatchesViewAssertion(Detox){viewMatcher=(view has effective visibility <VISIBLE> and view.getGlobalVisibleRect() covers at least <75> percent of the view's area)}' assertion on view (an instance of android.widget.TextView and view.getText() with or without transformation to match: is "Home" and view has effective visibility <VISIBLE>)
12-17 17:26:06.005 30219 30219 I ViewInteraction: Checking 'MatchesViewAssertion(Detox){viewMatcher=(view has effective visibility <VISIBLE> and view.getGlobalVisibleRect() covers at least <75> percent of the view's area)}' assertion on view (an instance of android.widget.TextView and view.getText() with or without transformation to match: is "Home" and view has effective visibility <VISIBLE>)
12-17 17:26:06.055 30219 30219 I ViewInteraction: Checking 'MatchesViewAssertion(Detox){viewMatcher=(view has effective visibility <VISIBLE> and view.getGlobalVisibleRect() covers at least <75> percent of the view's area)}' assertion on view (an instance of android.widget.TextView and view.getText() with or without transformation to match: is "Home" and view has effective visibility <VISIBLE>)
12-17 17:26:06.106 30219 30219 I ViewInteraction: Checking 'MatchesViewAssertion(Detox){viewMatcher=(view has effective visibility <VISIBLE> and view.getGlobalVisibleRect() covers at least <75> percent of the view's area)}' assertion on view (an instance of android.widget.TextView and view.getText() with or without transformation to match: is "Home" and view has effective visibility <VISIBLE>)
12-17 17:26:06.158 30219 30219 I ViewInteraction: Checking 'MatchesViewAssertion(Detox){viewMatcher=(view has effective visibility <VISIBLE> and view.getGlobalVisibleRect() covers at least <75> percent of the view's area)}' assertion on view (an instance of android.widget.TextView and view.getText() with or without transformation to match: is "Home" and view has effective visibility <VISIBLE>)
12-17 17:26:06.211 30219 30219 I ViewInteraction: Checking 'MatchesViewAssertion(Detox){viewMatcher=(view has effective visibility <VISIBLE> and view.getGlobalVisibleRect() covers at least <75> percent of the view's area)}' assertion on view (an instance of android.widget.TextView and view.getText() with or without transformation to match: is "Home" and view has effective visibility <VISIBLE>)
12-17 17:26:06.265 30219 30219 I ViewInteraction: Checking 'MatchesViewAssertion(Detox){viewMatcher=(view has effective visibility <VISIBLE> and view.getGlobalVisibleRect() covers at least <75> percent of the view's area)}' assertion on view (an instance of android.widget.TextView and view.getText() with or without transformation to match: is "Home" and view has effective visibility <VISIBLE>)
12-17 17:26:06.319 30219 30219 I ViewInteraction: Checking 'MatchesViewAssertion(Detox){viewMatcher=(view has effective visibility <VISIBLE> and view.getGlobalVisibleRect() covers at least <75> percent of the view's area)}' assertion on view (an instance of android.widget.TextView and view.getText() with or without transformation to match: is "Home" and view has effective visibility <VISIBLE>)
12-17 17:26:06.374 30219 30219 I ViewInteraction: Checking 'MatchesViewAssertion(Detox){viewMatcher=(view has effective visibility <VISIBLE> and view.getGlobalVisibleRect() covers at least <75> percent of the view's area)}' assertion on view (an instance of android.widget.TextView and view.getText() with or without transformation to match: is "Home" and view has effective visibility <VISIBLE>)
12-17 17:26:06.424 30219 30219 I ViewInteraction: Checking 'MatchesViewAssertion(Detox){viewMatcher=(view has effective visibility <VISIBLE> and view.getGlobalVisibleRect() covers at least <75> percent of the view's area)}' assertion on view (an instance of android.widget.TextView and view.getText() with or without transformation to match: is "Home" and view has effective visibility <VISIBLE>)
12-17 17:26:06.485 30219 30219 I ViewInteraction: Checking 'MatchesViewAssertion(Detox){viewMatcher=(view has effective visibility <VISIBLE> and view.getGlobalVisibleRect() covers at least <75> percent of the view's area)}' assertion on view (an instance of android.widget.TextView and view.getText() with or without transformation to match: is "Home" and view has effective visibility <VISIBLE>)
12-17 17:26:06.546 30219 30219 I ViewInteraction: Checking 'MatchesViewAssertion(Detox){viewMatcher=(view has effective visibility <VISIBLE> and view.getGlobalVisibleRect() covers at least <75> percent of the view's area)}' assertion on view (an instance of android.widget.TextView and view.getText() with or without transformation to match: is "Home" and view has effective visibility <VISIBLE>)
12-17 17:26:06.586 30219 30219 I ViewInteraction: Checking 'MatchesViewAssertion(Detox){viewMatcher=(view has effective visibility <VISIBLE> and view.getGlobalVisibleRect() covers at least <75> percent of the view's area)}' assertion on view (an instance of android.widget.TextView and view.getText() with or without transformation to match: is "Home" and view has effective visibility <VISIBLE>)
12-17 17:26:06.646 30219 30219 I ViewInteraction: Checking 'MatchesViewAssertion(Detox){viewMatcher=(view has effective visibility <VISIBLE> and view.getGlobalVisibleRect() covers at least <75> percent of the view's area)}' assertion on view (an instance of android.widget.TextView and view.getText() with or without transformation to match: is "Home" and view has effective visibility <VISIBLE>)
12-17 17:26:06.708 30219 30219 I ViewInteraction: Checking 'MatchesViewAssertion(Detox){viewMatcher=(view has effective visibility <VISIBLE> and view.getGlobalVisibleRect() covers at least <75> percent of the view's area)}' assertion on view (an instance of android.widget.TextView and view.getText() with or without transformation to match: is "Home" and view has effective visibility <VISIBLE>)
12-17 17:26:06.769 30219 30219 I ViewInteraction: Checking 'MatchesViewAssertion(Detox){viewMatcher=(view has effective visibility <VISIBLE> and view.getGlobalVisibleRect() covers at least <75> percent of the view's area)}' assertion on view (an instance of android.widget.TextView and view.getText() with or without transformation to match: is "Home" and view has effective visibility <VISIBLE>)
12-17 17:26:06.829 30219 30219 I ViewInteraction: Checking 'MatchesViewAssertion(Detox){viewMatcher=(view has effective visibility <VISIBLE> and view.getGlobalVisibleRect() covers at least <75> percent of the view's area)}' assertion on view (an instance of android.widget.TextView and view.getText() with or without transformation to match: is "Home" and view has effective visibility <VISIBLE>)
12-17 17:26:06.899 30219 30219 I ViewInteraction: Checking 'MatchesViewAssertion(Detox){viewMatcher=(view has effective visibility <VISIBLE> and view.getGlobalVisibleRect() covers at least <75> percent of the view's area)}' assertion on view (an instance of android.widget.TextView and view.getText() with or without transformation to match: is "Home" and view has effective visibility <VISIBLE>)
12-17 17:26:06.980 30219 30219 I ViewInteraction: Checking 'MatchesViewAssertion(Detox){viewMatcher=(view has effective visibility <VISIBLE> and view.getGlobalVisibleRect() covers at least <75> percent of the view's area)}' assertion on view (an instance of android.widget.TextView and view.getText() with or without transformation to match: is "Home" and view has effective visibility <VISIBLE>)
12-17 17:26:07.038 30219 30219 I ViewInteraction: Checking 'MatchesViewAssertion(Detox){viewMatcher=(view has effective visibility <VISIBLE> and view.getGlobalVisibleRect() covers at least <75> percent of the view's area)}' assertion on view (an instance of android.widget.TextView and view.getText() with or without transformation to match: is "Home" and view has effective visibility <VISIBLE>)
12-17 17:26:07.094 30219 30219 I ViewInteraction: Checking 'MatchesViewAssertion(Detox){viewMatcher=(view has effective visibility <VISIBLE> and view.getGlobalVisibleRect() covers at least <75> percent of the view's area)}' assertion on view (an instance of android.widget.TextView and view.getText() with or without transformation to match: is "Home" and view has effective visibility <VISIBLE>)
12-17 17:26:07.154 30219 30219 I ViewInteraction: Checking 'MatchesViewAssertion(Detox){viewMatcher=(view has effective visibility <VISIBLE> and view.getGlobalVisibleRect() covers at least <75> percent of the view's area)}' assertion on view (an instance of android.widget.TextView and view.getText() with or without transformation to match: is "Home" and view has effective visibility <VISIBLE>)
12-17 17:26:07.213 30219 30219 I ViewInteraction: Checking 'MatchesViewAssertion(Detox){viewMatcher=(view has effective visibility <VISIBLE> and view.getGlobalVisibleRect() covers at least <75> percent of the view's area)}' assertion on view (an instance of android.widget.TextView and view.getText() with or without transformation to match: is "Home" and view has effective visibility <VISIBLE>)
12-17 17:26:07.272 30219 30219 I ViewInteraction: Checking 'MatchesViewAssertion(Detox){viewMatcher=(view has effective visibility <VISIBLE> and view.getGlobalVisibleRect() covers at least <75> percent of the view's area)}' assertion on view (an instance of android.widget.TextView and view.getText() with or without transformation to match: is "Home" and view has effective visibility <VISIBLE>)
12-17 17:26:07.333 30219 30219 I ViewInteraction: Checking 'MatchesViewAssertion(Detox){viewMatcher=(view has effective visibility <VISIBLE> and view.getGlobalVisibleRect() covers at least <75> percent of the view's area)}' assertion on view (an instance of android.widget.TextView and view.getText() with or without transformation to match: is "Home" and view has effective visibility <VISIBLE>)
12-17 17:26:07.390 30219 30219 I ViewInteraction: Checking 'MatchesViewAssertion(Detox){viewMatcher=(view has effective visibility <VISIBLE> and view.getGlobalVisibleRect() covers at least <75> percent of the view's area)}' assertion on view (an instance of android.widget.TextView and view.getText() with or without transformation to match: is "Home" and view has effective visibility <VISIBLE>)
12-17 17:26:07.456 30219 30219 I ViewInteraction: Checking 'MatchesViewAssertion(Detox){viewMatcher=(view has effective visibility <VISIBLE> and view.getGlobalVisibleRect() covers at least <75> percent of the view's area)}' assertion on view (an instance of android.widget.TextView and view.getText() with or without transformation to match: is "Home" and view has effective visibility <VISIBLE>)
12-17 17:26:07.510 30219 30219 I ViewInteraction: Checking 'MatchesViewAssertion(Detox){viewMatcher=(view has effective visibility <VISIBLE> and view.getGlobalVisibleRect() covers at least <75> percent of the view's area)}' assertion on view (an instance of android.widget.TextView and view.getText() with or without transformation to match: is "Home" and view has effective visibility <VISIBLE>)
12-17 17:26:07.567 30219 30219 I ViewInteraction: Checking 'MatchesViewAssertion(Detox){viewMatcher=(view has effective visibility <VISIBLE> and view.getGlobalVisibleRect() covers at least <75> percent of the view's area)}' assertion on view (an instance of android.widget.TextView and view.getText() with or without transformation to match: is "Home" and view has effective visibility <VISIBLE>)
12-17 17:26:07.624 30219 30219 I ViewInteraction: Checking 'MatchesViewAssertion(Detox){viewMatcher=(view has effective visibility <VISIBLE> and view.getGlobalVisibleRect() covers at least <75> percent of the view's area)}' assertion on view (an instance of android.widget.TextView and view.getText() with or without transformation to match: is "Home" and view has effective visibility <VISIBLE>)
12-17 17:26:07.682 30219 30219 I ViewInteraction: Checking 'MatchesViewAssertion(Detox){viewMatcher=(view has effective visibility <VISIBLE> and view.getGlobalVisibleRect() covers at least <75> percent of the view's area)}' assertion on view (an instance of android.widget.TextView and view.getText() with or without transformation to match: is "Home" and view has effective visibility <VISIBLE>)
12-17 17:26:07.760 30219 30219 I ViewInteraction: Checking 'MatchesViewAssertion(Detox){viewMatcher=(view has effective visibility <VISIBLE> and view.getGlobalVisibleRect() covers at least <75> percent of the view's area)}' assertion on view (an instance of android.widget.TextView and view.getText() with or without transformation to match: is "Home" and view has effective visibility <VISIBLE>)
12-17 17:26:07.815 30219 30219 I ViewInteraction: Checking 'MatchesViewAssertion(Detox){viewMatcher=(view has effective visibility <VISIBLE> and view.getGlobalVisibleRect() covers at least <75> percent of the view's area)}' assertion on view (an instance of android.widget.TextView and view.getText() with or without transformation to match: is "Home" and view has effective visibility <VISIBLE>)
12-17 17:26:07.873 30219 30219 I ViewInteraction: Checking 'MatchesViewAssertion(Detox){viewMatcher=(view has effective visibility <VISIBLE> and view.getGlobalVisibleRect() covers at least <75> percent of the view's area)}' assertion on view (an instance of android.widget.TextView and view.getText() with or without transformation to match: is "Home" and view has effective visibility <VISIBLE>)
12-17 17:26:07.921 30219 30219 I ViewInteraction: Checking 'MatchesViewAssertion(Detox){viewMatcher=(view has effective visibility <VISIBLE> and view.getGlobalVisibleRect() covers at least <75> percent of the view's area)}' assertion on view (an instance of android.widget.TextView and view.getText() with or without transformation to match: is "Home" and view has effective visibility <VISIBLE>)
12-17 17:26:07.977 30219 30219 I ViewInteraction: Checking 'MatchesViewAssertion(Detox){viewMatcher=(view has effective visibility <VISIBLE> and view.getGlobalVisibleRect() covers at least <75> percent of the view's area)}' assertion on view (an instance of android.widget.TextView and view.getText() with or without transformation to match: is "Home" and view has effective visibility <VISIBLE>)
12-17 17:26:08.058 30219 30219 I ViewInteraction: Checking 'MatchesViewAssertion(Detox){viewMatcher=(view has effective visibility <VISIBLE> and view.getGlobalVisibleRect() covers at least <75> percent of the view's area)}' assertion on view (an instance of android.widget.TextView and view.getText() with or without transformation to match: is "Home" and view has effective visibility <VISIBLE>)
12-17 17:26:08.140 30219 30219 I ViewInteraction: Checking 'MatchesViewAssertion(Detox){viewMatcher=(view has effective visibility <VISIBLE> and view.getGlobalVisibleRect() covers at least <75> percent of the view's area)}' assertion on view (an instance of android.widget.TextView and view.getText() with or without transformation to match: is "Home" and view has effective visibility <VISIBLE>)
12-17 17:26:08.221 30219 30219 I ViewInteraction: Checking 'MatchesViewAssertion(Detox){viewMatcher=(view has effective visibility <VISIBLE> and view.getGlobalVisibleRect() covers at least <75> percent of the view's area)}' assertion on view (an instance of android.widget.TextView and view.getText() with or without transformation to match: is "Home" and view has effective visibility <VISIBLE>)
12-17 17:26:08.301 30219 30219 I ViewInteraction: Checking 'MatchesViewAssertion(Detox){viewMatcher=(view has effective visibility <VISIBLE> and view.getGlobalVisibleRect() covers at least <75> percent of the view's area)}' assertion on view (an instance of android.widget.TextView and view.getText() with or without transformation to match: is "Home" and view has effective visibility <VISIBLE>)
12-17 17:26:08.361 30219 30219 I ViewInteraction: Checking 'MatchesViewAssertion(Detox){viewMatcher=(view has effective visibility <VISIBLE> and view.getGlobalVisibleRect() covers at least <75> percent of the view's area)}' assertion on view (an instance of android.widget.TextView and view.getText() with or without transformation to match: is "Home" and view has effective visibility <VISIBLE>)
12-17 17:26:08.412 30219 30219 I ViewInteraction: Checking 'MatchesViewAssertion(Detox){viewMatcher=(view has effective visibility <VISIBLE> and view.getGlobalVisibleRect() covers at least <75> percent of the view's area)}' assertion on view (an instance of android.widget.TextView and view.getText() with or without transformation to match: is "Home" and view has effective visibility <VISIBLE>)
12-17 17:26:08.466 30219 30219 I ViewInteraction: Checking 'MatchesViewAssertion(Detox){viewMatcher=(view has effective visibility <VISIBLE> and view.getGlobalVisibleRect() covers at least <75> percent of the view's area)}' assertion on view (an instance of android.widget.TextView and view.getText() with or without transformation to match: is "Home" and view has effective visibility <VISIBLE>)
12-17 17:26:08.508 30219 30219 I ViewInteraction: Checking 'MatchesViewAssertion(Detox){viewMatcher=(view has effective visibility <VISIBLE> and view.getGlobalVisibleRect() covers at least <75> percent of the view's area)}' assertion on view (an instance of android.widget.TextView and view.getText() with or without transformation to match: is "Home" and view has effective visibility <VISIBLE>)
12-17 17:26:08.538 30219 30219 D RootViewPicker: Root not ready - waiting: 10ms for one to appear.
12-17 17:26:08.551 30219 30219 D RootViewPicker: Root not ready - waiting: 25ms for one to appear.
12-17 17:26:08.578 30219 30219 D RootViewPicker: Root not ready - waiting: 50ms for one to appear.
12-17 17:26:08.632 30219 30219 D RootViewPicker: Root not ready - waiting: 100ms for one to appear.
12-17 17:26:08.735 30219 30219 D RootViewPicker: Root not ready - waiting: 200ms for one to appear.
12-17 17:26:08.939 30219 30219 D RootViewPicker: Root not ready - waiting: 400ms for one to appear.
12-17 17:26:09.343 30219 30219 D RootViewPicker: Root not ready - waiting: 800ms for one to appear.
12-17 17:26:10.062 30219 30384 D DetoxWSClient: Received action 'currentStatus' (ID #21, params={})
12-17 17:26:10.063 30219 30361 I DetoxDispatcher: Handling action 'currentStatus' (ID #21)...
12-17 17:26:10.072 30219 30361 I DetoxWSClient: Sending out action 'currentStatusResult' (ID #21)
12-17 17:26:10.073 30219 30361 I DetoxDispatcher: Done with action 'currentStatus'
12-17 17:26:10.100 30219 30219 W UiControllerImpl: Waiting for: DELAY_HAS_PAST for 100 iterations.
12-17 17:26:10.153 30219 30219 D RootViewPicker: Root not ready - waiting: 1000ms for one to appear.
12-17 17:26:10.420 30219 30219 W unknown:BridgelessReact: ReactHost{0}.onUserLeaveHint(activity)
12-17 17:26:10.422 30219 30219 W unknown:BridgelessReact: ReactHost{0}.onHostPause(activity)
12-17 17:26:10.449 30219 30219 W unknown:BridgelessReact: ReactContext.onHostPause()
12-17 17:26:10.452 30219 30219 D LifecycleMonitor: Lifecycle status change: com.detoxtest.MainActivity@46a8a61 in: PAUSED
12-17 17:26:11.161 30219 30219 D RootViewPicker: Root not ready - waiting: 1000ms for one to appear.
12-17 17:26:11.384 30219 30219 D LifecycleMonitor: Lifecycle status change: com.detoxtest.MainActivity@46a8a61 in: STOPPED
12-17 17:26:12.183 30219 30219 D RootViewPicker: Root not ready - waiting: 1000ms for one to appear.
12-17 17:26:13.195 30219 30219 D RootViewPicker: Root not ready - waiting: 1000ms for one to appear.
12-17 17:26:14.203 30219 30219 D RootViewPicker: Root not ready - waiting: 1000ms for one to appear.
12-17 17:26:15.213 30219 30219 D RootViewPicker: Root not ready - waiting: 1000ms for one to appear.
12-17 17:26:16.222 30219 30219 D RootViewPicker: Root not ready - waiting: 1000ms for one to appear.
12-17 17:26:17.236 30219 30219 D RootViewPicker: Root not ready - waiting: 1000ms for one to appear.
12-17 17:26:18.246 30219 30219 D RootViewPicker: Root not ready - waiting: 1000ms for one to appear.
12-17 17:26:19.328 30219 30360 I DetoxActionHandlers: Test exception
12-17 17:26:19.328 30219 30360 I DetoxActionHandlers: java.lang.reflect.InvocationTargetException
12-17 17:26:19.328 30219 30360 I DetoxActionHandlers: 	at java.lang.reflect.Method.invoke(Native Method)
12-17 17:26:19.328 30219 30360 I DetoxActionHandlers: 	at org.apache.commons.lang3.reflect.MethodUtils.invokeStaticMethod(MethodUtils.java:443)
12-17 17:26:19.328 30219 30360 I DetoxActionHandlers: 	at org.apache.commons.lang3.reflect.MethodUtils.invokeStaticMethod(MethodUtils.java:405)
12-17 17:26:19.328 30219 30360 I DetoxActionHandlers: 	at com.wix.invoke.types.ClassTarget.execute(ClassTarget.java:23)
12-17 17:26:19.328 30219 30360 I DetoxActionHandlers: 	at com.wix.invoke.types.Target.invoke(Target.java:59)
12-17 17:26:19.328 30219 30360 I DetoxActionHandlers: 	at com.wix.invoke.MethodInvocation.invoke(MethodInvocation.java:35)
12-17 17:26:19.328 30219 30360 I DetoxActionHandlers: 	at com.wix.invoke.MethodInvocation.invoke(MethodInvocation.java:26)
12-17 17:26:19.328 30219 30360 I DetoxActionHandlers: 	at com.wix.invoke.MethodInvocation.invoke(MethodInvocation.java:20)
12-17 17:26:19.328 30219 30360 I DetoxActionHandlers: 	at com.wix.detox.adapters.server.InvokeActionHandler.handle(DetoxActionHandlers.kt:54)
12-17 17:26:19.328 30219 30360 I DetoxActionHandlers: 	at com.wix.detox.adapters.server.ActionsExecutor.executeAction$lambda$2$lambda$1(DetoxActionsDispatcher.kt:76)
12-17 17:26:19.328 30219 30360 I DetoxActionHandlers: 	at com.wix.detox.adapters.server.ActionsExecutor.$r8$lambda$GVbB7LHtBHxNHGbgYnHJ6YrwCqs(Unknown Source:0)
12-17 17:26:19.328 30219 30360 I DetoxActionHandlers: 	at com.wix.detox.adapters.server.ActionsExecutor$$ExternalSyntheticLambda0.run(D8$$SyntheticClass:0)
12-17 17:26:19.328 30219 30360 I DetoxActionHandlers: 	at android.os.Handler.handleCallback(Handler.java:978)
12-17 17:26:19.328 30219 30360 I DetoxActionHandlers: 	at android.os.Handler.dispatchMessage(Handler.java:104)
12-17 17:26:19.328 30219 30360 I DetoxActionHandlers: 	at android.os.Looper.loopOnce(Looper.java:238)
12-17 17:26:19.328 30219 30360 I DetoxActionHandlers: 	at android.os.Looper.loop(Looper.java:357)
12-17 17:26:19.328 30219 30360 I DetoxActionHandlers: 	at com.wix.detox.adapters.server.ActionsExecutor._init_$lambda$0(DetoxActionsDispatcher.kt:62)
12-17 17:26:19.328 30219 30360 I DetoxActionHandlers: 	at com.wix.detox.adapters.server.ActionsExecutor.$r8$lambda$xlgL0CQim6vNM0wWEqM8JIDgZUE(Unknown Source:0)
12-17 17:26:19.328 30219 30360 I DetoxActionHandlers: 	at com.wix.detox.adapters.server.ActionsExecutor$$ExternalSyntheticLambda1.run(D8$$SyntheticClass:0)
12-17 17:26:19.328 30219 30360 I DetoxActionHandlers: 	at java.lang.Thread.run(Thread.java:1119)
12-17 17:26:19.328 30219 30360 I DetoxActionHandlers: Caused by: androidx.test.espresso.base.RootViewPicker$RootViewWithoutFocusException: Waited for the root of the view hierarchy to have window focus and not request layout for 10 seconds. If you specified a non default root matcher, it may be picking a root that never takes focus. Root:
12-17 17:26:19.328 30219 30360 I DetoxActionHandlers: Root{application-window-token=android.view.ViewRootImpl$W@41d63dc, window-token=android.view.ViewRootImpl$W@41d63dc, has-window-focus=false, layout-params-type=1, layout-params-string={(0,0)(fillxfill) sim={adjust=resize} ty=BASE_APPLICATION wanim=0x10302fe
12-17 17:26:19.328 30219 30360 I DetoxActionHandlers:   fl=LAYOUT_IN_SCREEN FORCE_NOT_FULLSCREEN LAYOUT_INSET_DECOR SPLIT_TOUCH HARDWARE_ACCELERATED DRAWS_SYSTEM_BAR_BACKGROUNDS
12-17 17:26:19.328 30219 30360 I DetoxActionHandlers:   pfl=NO_MOVE_ANIMATION FORCE_DRAW_STATUS_BAR_BACKGROUND FIT_INSETS_CONTROLLED
12-17 17:26:19.328 30219 30360 I DetoxActionHandlers:   bhv=DEFAULT
12-17 17:26:19.328 30219 30360 I DetoxActionHandlers:   fitSides=}, decor-view-string=DecorView{id=-1, visibility=INVISIBLE, width=1080, height=2460, has-focus=false, has-focusable=false, has-window-focus=false, is-clickable=false, is-enabled=true, is-focused=false, is-focusable=false, is-layout-requested=false, is-selected=false, layout-params={(0,0)(fillxfill) sim={adjust=resize} ty=BASE_APPLICATION wanim=0x10302fe
12-17 17:26:19.328 30219 30360 I DetoxActionHandlers:   fl=LAYOUT_IN_SCREEN FORCE_NOT_FULLSCREEN LAYOUT_INSET_DECOR SPLIT_TOUCH HARDWARE_ACCELERATED DRAWS_SYSTEM_BAR_BACKGROUNDS
12-17 17:26:19.328 30219 30360 I DetoxActionHandlers:   pfl=NO_MOVE_ANIMATION FORCE_DRAW_STATUS_BAR_BACKGROUND FIT_INSETS_CONTROLLED
12-17 17:26:19.328 30219 30360 I DetoxActionHandlers:   bhv=DEFAULT
12-17 17:26:19.328 30219 30360 I DetoxActionHandlers:   fitSides=}, tag=null, root-is-layout-requested=false, has-input-connection=false, x=0.0, y=0.0, child-count=3}}
12-17 17:26:19.328 30219 30360 I DetoxActionHandlers: 	at androidx.test.espresso.base.RootViewPicker.waitForRootToBeReady(RootViewPicker.java:121)
12-17 17:26:19.328 30219 30360 I DetoxActionHandlers: 	at androidx.test.espresso.base.RootViewPicker.pickRootView(RootViewPicker.java:159)
12-17 17:26:19.328 30219 30360 I DetoxActionHandlers: 	at androidx.test.espresso.base.RootViewPicker.get(RootViewPicker.java:101)
12-17 17:26:19.328 30219 30360 I DetoxActionHandlers: 	at androidx.test.espresso.ViewInteractionModule.provideRootView(ViewInteractionModule.java:83)
12-17 17:26:19.328 30219 30360 I DetoxActionHandlers: 	at androidx.test.espresso.ViewInteractionModule_ProvideRootViewFactory.provideRootView(ViewInteractionModule_ProvideRootViewFactory.java:45)
12-17 17:26:19.328 30219 30360 I DetoxActionHandlers: 	at androidx.test.espresso.ViewInteractionModule_ProvideRootViewFactory.get(ViewInteractionModule_ProvideRootViewFactory.java:35)
12-17 17:26:19.328 30219 30360 I DetoxActionHandlers: 	at androidx.test.espresso.ViewInteractionModule_ProvideRootViewFactory.get(ViewInteractionModule_ProvideRootViewFactory.java:13)
12-17 17:26:19.328 30219 30360 I DetoxActionHandlers: 	at androidx.test.espresso.base.ViewFinderImpl.getView(ViewFinderImpl.java:58)
12-17 17:26:19.328 30219 30360 I DetoxActionHandlers: 	at androidx.test.espresso.ViewInteraction$2.call(ViewInteraction.java:334)
12-17 17:26:19.328 30219 30360 I DetoxActionHandlers: 	at androidx.test.espresso.ViewInteraction$2.call(ViewInteraction.java:319)
12-17 17:26:19.328 30219 30360 I DetoxActionHandlers: 	at java.util.concurrent.FutureTask.run(FutureTask.java:317)
12-17 17:26:19.328 30219 30360 I DetoxActionHandlers: 	at android.os.Handler.handleCallback(Handler.java:978)
12-17 17:26:19.328 30219 30360 I DetoxActionHandlers: 	at android.os.Handler.dispatchMessage(Handler.java:104)
12-17 17:26:19.328 30219 30360 I DetoxActionHandlers: 	at android.os.Looper.loopOnce(Looper.java:238)
12-17 17:26:19.328 30219 30360 I DetoxActionHandlers: 	at android.os.Looper.loop(Looper.java:357)
12-17 17:26:19.328 30219 30360 I DetoxActionHandlers: 	at android.app.ActivityThread.main(ActivityThread.java:8090)
12-17 17:26:19.328 30219 30360 I DetoxActionHandlers: 	at java.lang.reflect.Method.invoke(Native Method)
12-17 17:26:19.328 30219 30360 I DetoxActionHandlers: 	at com.android.internal.os.RuntimeInit$MethodAndArgsCaller.run(RuntimeInit.java:548)
12-17 17:26:19.328 30219 30360 I DetoxActionHandlers: 	at com.android.internal.os.ZygoteInit.main(ZygoteInit.java:1026)
12-17 17:26:19.329 30219 30360 I DetoxWSClient: Sending out action 'testFailed' (ID #20)
12-17 17:26:19.330 30219 30360 I DetoxDispatcher: Done with action 'invoke'
